Concurso;Data Sorteio;Bola1;Bola2;Bola3;Bola4;Bola5;Bola6;Bola7;Bola8;Bola9;Bola10;Bola11;Bola12;Bola13;Bola14;Bola15;Bola16;Bola17;Bola18;Bola19;Bola20;Ganhadores 20 acertos;Cidade / UF;Rateio 20 acertos;Ganhadores 19 acertos;Rateio 19 acertos;Ganhadores 18 acertos;Rateio 18 acertos;Ganhadores 17 acertos;Rateio 17 acertos;Ganhadores 16 acertos;Rateio 16 acertos;Ganhadores 15 acertos;Rateio 15 acertos;Ganhadores Nenhum Número;Rateio Nenhum Número;Acumulado 20 acertos;Arrecadação Total;Estimativa Prêmio;Observação
1;02/10/1999;0;6;11;14;16;21;22;25;32;33;34;46;61;70;73;78;88;89;90;95;0;;"R$0,00";1;"R$118.746,87";46;"R$2.581,46";446;"R$132,62";2716;"R$21,78";0;-;0;"R$0,00";"R$178.120,31";"R$0,00";"R$0,00";Sorteio realizado no Caminhão da Sorte na Cidade de Recife - PE.
2;09/10/1999;8;11;14;17;18;24;29;37;44;49;51;55;62;63;64;76;82;84;93;97;0;;"R$0,00";14;"R$23.661,54";180;"R$1.840,34";1803;"R$91,53";10587;"R$15,59";0;-;0;"R$0,00";"R$675.012,55";"R$0,00";"R$0,00";"A LOTOMANIA ACUMULOU, PRÊMIO ESTIMADO EM R$ 1.000.000,00."
3;16/10/1999;8;10;11;17;20;22;28;34;45;47;48;54;55;57;67;74;79;85;91;99;0;;"R$0,00";25;"R$17.255,54";254;"R$1.698,38";2513;"R$85,51";14756;"R$14,57";0;-;1;"R$440.698,42";"R$1.322.095,07";"R$0,00";"R$0,00";O ganhador da 6ªfaixa de premiação é do CEARÁ.
4;23/10/1999;5;12;14;25;30;35;39;41;44;49;51;55;60;63;64;67;78;83;93;98;0;;"R$0,00";16;"R$36.264,60";359;"R$1.616,25";2860;"R$101,06";17561;"R$16,46";0;-;3;"R$96.705,62";"R$2.192.445,58";"R$0,00";"R$0,00";"Os ganhadores da 6ªFx são dos seguintes Estados: AM, RJ e SP. Previsão de Prêmio da 1ªFx do conc. 005 é de R$ 3.000.000,00."
5;30/10/1999;0;8;17;20;28;32;39;42;43;51;54;59;65;69;71;73;87;92;98;99;0;;"R$0,00";13;"R$49.935,40";254;"R$2.555,75";2326;"R$139,01";14561;"R$22,21";0;-;1;"R$324.580,09";"R$3.166.185,82";"R$0,00";"R$0,00";"1)- Sorteio realizado no Auditório da CAIXA em Brasília 2)- O Ganhador da 6ª faixa (Zero Acerto), é de Minas Gerais, cidade de Uberlândia."
6;06/11/1999;12;13;17;20;24;27;30;33;35;42;47;48;58;72;73;74;75;76;80;93;0;;"R$0,00";27;"R$26.456,81";475;"R$1.503,86";3469;"R$102,57";20611;"R$17,27";0;-;1;"R$357.166,93";"R$4.237.686,59";"R$0,00";"R$0,00";"1) O ganhador da 6ªFaixa é do Estado de Santa Catarina. 2) A Previsão do Prêmio para a 1ª Faixa para o Conc. 007, é de R$ 6 Milhões."
7;13/11/1999;3;6;18;19;23;36;39;45;46;50;56;59;64;70;73;85;92;94;97;99;3;;"R$1.838.697,10";38;"R$22.428,15";555;"R$1.535,62";4488;"R$94,59";26487;"R$16,03";0;-;0;"R$0,00";"R$0,00";"R$0,00";"R$0,00";Ganhadores da LOTOMANIA são dos Estados de São Paulo(2) e Rio Grande do Sul.
8;20/11/1999;0;5;7;10;11;19;26;33;41;47;53;57;59;65;74;75;83;84;94;99;0;;"R$0,00";30;"R$23.309,91";358;"R$1.953,35";3280;"R$106,20";19643;"R$17,74";0;-;2;"R$387.891,78";"R$1.048.945,87";"R$0,00";"R$0,00";"Ganhadores de Zero Acerto: SE, SP."
9;27/11/1999;0;1;3;7;9;10;17;21;22;29;30;32;36;60;67;69;70;73;77;98;2;;"R$1.043.588,26";28;"R$24.719,78";505;"R$1.370,60";4058;"R$84,97";24561;"R$14,04";0;-;2;"R$173.038,45";"R$0,00";"R$0,00";"R$0,00";"Os ganhadores da 1ª faixa da LOTOMANIA são das cidades de São Luiz/MA e Fortaleza/CE. Ganhadores de Zero Acerto: MA, SP."
10;04/12/1999;8;9;25;28;34;38;41;42;47;51;55;60;63;65;79;81;86;87;95;98;1;;"R$1.048.263,02";17;"R$41.108,35";289;"R$2.418,14";2836;"R$122,75";18163;"R$19,17";0;-;0;"R$0,00";"R$0,00";"R$0,00";"R$0,00";O GANHADOR DA 1ª FAIXA DA LOTOMANIA É DA  CIDADE DE SÃO PAULO - SP.
11;11/12/1999;8;14;16;24;34;35;46;51;53;54;58;64;71;74;78;79;83;87;93;94;0;;"R$0,00";32;"R$21.374,48";538;"R$1.271,34";4520;"R$75,38";24728;"R$13,78";0;-;0;"R$0,00";"R$1.025.974,88";"R$0,00";"R$0,00";SORTEIO REALIZADO NO CAMINHÂO DA SORTE EM MACEIÓ/AL.
12;18/12/1999;5;10;16;20;21;22;28;32;36;37;39;43;49;52;56;63;65;81;88;89;0;;"R$0,00";22;"R$31.192,91";416;"R$1.649,62";3839;"R$89,05";23537;"R$14,53";0;-;0;"R$0,00";"R$2.055.340,71";"R$0,00";"R$0,00";"ACUMULADAS A 1a. E A 6a. FAIXA DA LOTOMANIA. PREVISÃO DE PRÊMIOS PARA O PRÓXIMO CONC. É DE R$ 3.300.000,00 E R$ 1.400.000,00."
13;24/12/1999;0;2;3;6;32;35;42;47;56;58;59;66;68;75;76;79;82;84;88;91;0;;"R$0,00";18;"R$30.556,86";276;"R$1.992,84";2204;"R$124,31";14521;"R$18,87";0;-;0;"R$0,00";"R$2.880.375,94";"R$0,00";"R$0,00";Sorteio realizado em São Paulo - SP (Praça da Sé)às 14:00h.
14;31/12/1999;3;4;11;13;18;29;30;36;37;40;43;52;55;59;76;81;83;85;86;97;1;;"R$3.840.753,34";7;"R$91.464,52";229;"R$2.795,86";2291;"R$139,20";15242;"R$20,93";0;-;0;"R$0,00";"R$0,00";"R$0,00";"R$0,00";O ganhador da LOTOMANIA é da cidade de São Paulo/SP.
15;08/01/2000;4;5;12;13;14;15;19;22;26;29;31;38;41;48;54;65;73;92;94;97;0;;"R$0,00";24;"R$25.918,51";337;"R$1.845,83";3261;"R$95,02";19321;"R$16,04";0;-;1;"R$1.940.694,24";"R$933.066,06";"R$0,00";"R$0,00";O ganhador da 6ª Faixa é do Estado de Minas Gerais
16;15/01/2000;1;10;11;12;13;16;22;29;45;46;48;49;51;57;59;63;73;78;91;94;2;SP;"R$938.973,74";19;"R$33.153,73";290;"R$2.172,14";3001;"R$104,57";19898;"R$15,77";0;-;0;"R$0,00";"R$0,00";"R$0,00";"R$0,00";
17;22/01/2000;1;13;19;22;29;30;31;37;38;39;43;47;59;61;78;79;92;96;97;98;1;SP;"R$894.163,51";9;"R$66.234,33";209;"R$2.852,20";2084;"R$142,48";13413;"R$22,14";0;-;2;"R$306.507,51";"R$0,00";"R$0,00";"R$0,00";
18;29/01/2000;0;5;16;32;34;40;46;47;59;60;69;70;76;78;79;85;91;92;96;97;1;SE;"R$864.459,26";10;"R$57.630,62";174;"R$3.312,10";1751;"R$163,95";11906;"R$24,11";0;-;0;"R$0,00";"R$0,00";"R$0,00";"R$0,00";
19;05/02/2000;0;8;10;11;13;18;21;25;31;33;36;48;53;67;77;82;86;94;98;99;1;SP;"R$902.634,35";30;"R$20.058,54";570;"R$1.055,72";4364;"R$68,69";23812;"R$12,60";0;-;0;"R$0,00";"R$0,00";"R$0,00";"R$0,00";
20;12/02/2000;20;26;30;31;42;43;51;55;59;60;61;65;70;71;72;75;84;90;93;97;0;;"R$0,00";14;"R$43.151,83";261;"R$2.314,66";2415;"R$124,61";15482;"R$19,44";0;-;0;"R$0,00";"R$906.188,27";"R$0,00";"R$0,00";
21;19/02/2000;2;7;8;16;26;29;38;41;45;54;59;67;71;73;75;77;89;92;97;99;2;"GO; SP";"R$937.293,98";29;"R$22.262,06";451;"R$1.431,48";3354;"R$95,89";19019;"R$16,91";0;-;1;"R$1.213.893,95";"R$0,00";"R$0,00";"R$0,00";
22;26/02/2000;0;5;11;13;23;29;33;37;38;41;42;45;49;56;79;84;85;93;94;95;0;;"R$0,00";15;"R$38.022,82";233;"R$2.447,82";2488;"R$114,19";15376;"R$18,48";0;-;0;"R$0,00";"R$855.513,46";"R$0,00";"R$0,00";"Previsão de prêmio próximo concurso: R$1.800.000,00(faixa 20 acertos) e R$600.000,00(faixa nenhum acerto)."
23;04/03/2000;4;17;18;19;24;25;26;28;31;32;37;40;41;53;60;64;77;78;89;99;0;;"R$0,00";15;"R$39.634,81";212;"R$2.804,35";2016;"R$146,89";14318;"R$20,69";0;-;0;"R$0,00";"R$1.747.296,63";"R$0,00";"R$0,00";"Prêmio estimado (1ªfx.) p/ próximo Conc. é de R$ 2.700.000,00."
24;11/03/2000;1;11;13;23;32;41;42;43;45;46;48;49;50;51;59;66;75;86;94;95;0;;"R$0,00";36;"R$16.289,70";429;"R$1.366,97";3528;"R$82,80";21280;"R$13,73";0;-;0;"R$0,00";"R$2.626.940,08";"R$0,00";"R$0,00";
25;18/03/2000;5;19;21;31;45;46;47;48;49;59;64;73;82;85;88;92;93;94;95;98;1;RS;"R$3.646.800,74";25;"R$27.196,29";453;"R$1.500,90";3799;"R$89,15";23543;"R$14,39";0;-;2;"R$607.800,16";"R$0,00";"R$0,00";"R$0,00";
26;25/03/2000;3;4;5;13;15;19;27;30;32;33;42;48;49;51;53;66;78;81;88;92;0;;"R$0,00";15;"R$38.269,10";286;"R$2.007,12";3233;"R$88,45";19913;"R$14,37";0;-;0;"R$0,00";"R$861.054,65";"R$0,00";"R$0,00";"R$ 1.800.000,00 é a previsão p/ 1ªfx. do Conc. 027."
27;01/04/2000;1;3;6;16;19;21;31;32;39;56;58;59;61;71;75;82;84;86;91;98;0;;"R$0,00";38;"R$15.700,91";520;"R$1.147,37";3963;"R$75,00";20059;"R$14,82";0;-;0;"R$0,00";"R$1.756.006,62";"R$0,00";"R$0,00";"Previsão de R$ 2.600.000,00 p/1a.Fx do conc.28."
28;08/04/2000;5;24;33;37;41;44;45;49;54;56;57;60;64;65;67;68;73;85;89;96;3;"DF; MG; RS";"R$912.367,69";90;"R$7.267,38";2108;"R$309,11";7567;"R$43,06";34651;"R$13,43";0;-;0;"R$0,00";"R$0,00";"R$0,00";"R$0,00";
29;15/04/2000;1;2;5;9;11;27;29;42;53;61;68;69;74;78;84;85;86;87;93;96;0;;"R$0,00";5;"R$118.678,95";192;"R$3.090,60";1756;"R$168,32";11183;"R$26,43";0;-;1;"R$1.209.065,13";"R$890.092,12";"R$0,00";"R$0,00";"Estimativa de prêmio p/ 1ª Fx do Conc. 30 é de R$ 1.800.000,00."
30;22/04/2000;0;5;15;22;23;24;29;33;34;36;40;42;43;49;60;61;71;72;79;97;0;;"R$0,00";10;"R$51.716,72";205;"R$2.522,77";2026;"R$127,16";12775;"R$20,17";0;-;0;"R$0,00";"R$1.665.842,85";"R$0,00";"R$0,00";"Estimativa de premio 1ºfx. para o concurso 031 é de R$ 2.600.000,00 e p/ a 6º fx. é de R$ 600.000,00."
31;29/04/2000;0;1;7;8;10;13;14;15;24;35;43;44;48;52;53;64;68;73;79;94;1;GO;"R$2.584.623,58";26;"R$23.558,48";441;"R$1.388,94";3820;"R$79,88";22196;"R$13,75";0;-;1;"R$564.843,85";"R$0,00";"R$0,00";"R$0,00";"Previsão de prêmio p/ Conc. 32: 1ª Fx: R$900.000,00 e 6ª Fx: R$300.000,00."
32;06/05/2000;5;12;17;20;23;28;29;39;41;42;49;66;67;76;79;80;83;92;94;95;0;;"R$0,00";9;"R$62.645,54";188;"R$2.998,99";1996;"R$140,71";13668;"R$20,56";0;-;2;"R$140.952,48";"R$845.714,80";"R$0,00";"R$0,00";"Previsão de prêmio p/ Conc. 033: 1ªFx R$1.700.000,00 e 6ªFx R$300.000,00."
33;13/05/2000;6;11;12;13;14;23;28;33;34;39;49;52;56;60;71;76;82;86;90;93;1;BA;"R$1.778.696,06";10;"R$62.198,75";211;"R$2.947,81";2289;"R$135,36";14295;"R$21,67";0;-;0;"R$0,00";"R$0,00";"R$0,00";"R$0,00";"Previsão de prêmio líquido p/ Conc. 34: 1ªFx=R$900.000,00 e 6ªFx=600.000,00."
34;20/05/2000;2;9;12;14;19;20;23;24;28;44;45;51;54;58;61;66;77;79;82;89;4;"MG; PR; SP";"R$212.878,36";14;"R$40.548,26";309;"R$1.837,14";2597;"R$108,89";15985;"R$17,70";0;-;0;"R$0,00";"R$0,00";"R$0,00";"R$0,00";Estimativa de prêmio p/ 1ª e 6ª Fx do Conc. 035: R$900 MIL REAIS
35;27/05/2000;4;8;11;12;14;22;23;28;36;42;47;48;49;53;54;60;67;85;88;99;0;;"R$0,00";21;"R$25.830,80";362;"R$1.498,47";3336;"R$81,00";20068;"R$13,46";0;-;0;"R$0,00";"R$813.670,20";"R$0,00";"R$0,00";"Estimativa de prêmio para concurso 36 e de: 1ªFx.R$1.800.000,00 e 6ªFx.R$1.200.000,00"
36;03/06/2000;5;9;16;17;43;50;51;55;56;57;58;65;69;71;76;78;85;86;88;89;0;;"R$0,00";28;"R$21.343,60";248;"R$2.409,76";2316;"R$128,53";18219;"R$16,35";0;-;2;"R$582.432,72";"R$1.710.101,40";"R$0,00";"R$0,00";
37;10/06/2000;1;3;6;9;17;20;21;35;38;43;44;50;52;55;73;74;82;97;98;99;3;"RS; SP";"R$892.612,72";24;"R$26.881,58";321;"R$2.009,84";2666;"R$120,55";16810;"R$19,12";0;-;1;"R$322.578,94";"R$0,00";"R$0,00";"R$0,00";"Previsão de prêmio p/ conc.38(1ªfx)R$900.000,00"
38;17/06/2000;2;4;11;12;20;23;30;35;36;49;53;55;56;57;58;61;66;83;98;99;1;SP;"R$842.858,00";15;"R$37.460,36";244;"R$2.302,89";2341;"R$119,65";15765;"R$17,77";0;-;1;"R$280.952,67";"R$0,00";"R$0,00";"R$0,00";"Estimativa prêmio p/conc. 039(1ªFx) R$900.000,00."
39;24/06/2000;0;2;5;9;11;17;18;24;26;30;33;38;44;52;57;70;72;78;81;84;3;"CE; GO; SP";"R$252.787,51";34;"R$14.869,85";368;"R$1.373,85";3158;"R$79,81";17656;"R$14,28";0;-;1;"R$252.787,54";"R$0,00";"R$0,00";"R$0,00";"Previsão prêmio prox. conc. R$800.000,00(1ª faixa) R$300.000,00(6ª faixa)."
40;01/07/2000;5;7;8;9;16;25;41;43;51;55;57;62;67;74;77;80;83;86;90;99;1;BA;"R$788.929,89";11;"R$47.813,93";230;"R$2.286,76";2122;"R$123,56";13037;"R$20,11";0;-;1;"R$262.976,66";"R$0,00";"R$0,00";"R$0,00";"Estimativa prêmio prox. conc. (1a. faixa) R$ 800.000,00."
41;08/07/2000;4;9;11;22;26;29;33;37;41;47;50;52;58;64;65;71;77;82;86;98;1;BA;"R$850.388,26";22;"R$25.769,34";368;"R$1.540,56";2936;"R$96,27";17267;"R$16,38";0;-;2;"R$141.731,38";"R$0,00";"R$0,00";"R$0,00";Previsão de prêmio p/ próx. conc. 1ªFaixa: R$900 MIL.
42;15/07/2000;3;12;18;20;21;29;35;41;47;48;64;67;73;74;75;80;83;86;89;99;1;SP;"R$833.924,00";13;"R$42.765,00";251;"R$2.214,00";2408;"R$115,00";14789;"R$18,00";0;-;0;"R$0,00";"R$0,00";"R$0,00";"R$0,00";Previsão Prêmio 1ªFaixa R$990 MIL e 6ªFaixa R$607 MIL.
43;22/07/2000;6;8;17;18;19;30;31;32;39;53;54;58;75;77;84;86;90;93;94;96;0;;"R$0,00";13;"R$41.744,20";193;"R$2.811,79";2029;"R$133,33";12673;"R$21,35";0;-;1;"R$549.311,98";"R$814.011,83";"R$0,00";"R$0,00";"Estimativa prêmio próximo concurso (1 faixa) R$1.700.000,00"
44;29/07/2000;0;8;15;18;23;28;32;36;38;40;44;52;54;72;77;78;80;81;87;99;0;;"R$0,00";26;"R$21.839,28";378;"R$1.502,18";3344;"R$84,65";18796;"R$15,06";0;-;0;"R$0,00";"R$1.665.743,48";"R$0,00";"R$0,00";"Estimativa de prêmio próx.  conc.  1ª faixa R$ 2.655.743,48  e  6ª faixa R$ 613.910,58."
45;05/08/2000;0;1;3;14;18;24;30;33;37;41;42;57;67;68;69;70;74;80;86;90;1;AM;"R$2.616.196,83";15;"R$42.242,37";256;"R$2.475,14";2391;"R$132,12";17254;"R$18,32";0;-;0;"R$0,00";"R$0,00";"R$0,00";"R$0,00";"Estimativa prêmio próx. conc.: 1ª Faixa - R$810.000,00 e 6ª Faixa R$870.000,00."
46;12/08/2000;0;2;5;9;12;24;25;28;31;32;41;45;50;63;78;81;93;94;97;98;0;;"R$0,00";17;"R$33.776,39";224;"R$2.563,39";2344;"R$122,12";16006;"R$17,89";0;-;0;"R$0,00";"R$861.297,91";"R$0,00";"R$0,00";"Estimativa de prêmio próx. conc.: 1ªFaixa-R$1.900.000,00 e 6ªFaixa-R$1.200.000,00."
47;19/08/2000;7;10;11;18;21;31;34;39;42;50;70;75;78;80;82;89;92;95;96;97;0;;"R$0,00";10;"R$59.434,47";196;"R$3.032,37";2091;"R$141,70";15008;"R$19,75";0;-;0;"R$0,00";"R$1.752.814,91";"R$0,00";"R$0,00";"Previsão prêmio próximo concurso: 1ª Faixa- R$2.700.000,00 e 6ª Faixa-R$1.500.000,00."
48;26/08/2000;0;5;9;13;14;15;18;30;34;35;37;45;47;56;64;68;70;74;88;98;2;"MG; SP";"R$1.340.918,86";27;"R$22.938,84";388;"R$1.596,26";3464;"R$89,14";23967;"R$12,89";0;-;1;"R$1.494.674,30";"R$0,00";"R$0,00";"R$0,00";Previsão prêmio próx.conc.: 1ª Fx-R$900 Mil e 6ª Fx-R$300 Mil.
49;02/09/2000;21;29;31;37;40;44;45;50;55;61;62;79;80;81;83;85;86;88;95;97;1;ES;"R$819.254,00";9;"R$60.685,48";211;"R$2.588,48";2031;"R$134,06";13676;"R$19,92";0;-;1;"R$273.084,68";"R$0,00";"R$0,00";"R$0,00";Previsão prêmio próximo concurso 1ª Fx. R$765 MIL.
50;09/09/2000;0;6;8;20;24;26;27;28;30;34;39;40;42;43;54;66;68;71;73;82;1;RS;"R$813.621,08";10;"R$54.241,41";313;"R$1.732,95";2956;"R$91,48";17968;"R$15,06";0;-;1;"R$271.207,05";"R$0,00";"R$0,00";"R$0,00";Previsão prêmio próximo concurso 1ª fx R$800MIL.
51;16/09/2000;1;3;4;10;16;21;40;41;46;47;51;53;57;60;63;75;82;83;89;98;0;;"R$0,00";13;"R$43.690,81";261;"R$2.176,17";2620;"R$108,07";14592;"R$19,41";0;-;1;"R$283.990,26";"R$851.970,69";"R$0,00";"R$0,00";"Previsão de prêmio próximo concurso (1ª faixa): R$1.800.000,00."
52;23/09/2000;1;6;9;13;18;26;31;37;45;50;53;65;69;73;80;81;85;87;89;99;2;"RJ; SP";"R$860.049,21";46;"R$12.581,56";464;"R$1.247,31";3628;"R$79,53";23112;"R$12,49";0;-;4;"R$72.343,98";"R$0,00";"R$0,00";"R$0,00";Previsão prêmio próx. conc. 1ªFx.:R$800MIL.
53;30/09/2000;6;8;10;12;18;21;28;32;34;39;41;42;49;50;56;59;62;82;86;95;2;"RJ; SP";"R$396.383,94";50;"R$10.570,24";656;"R$805,66";4732;"R$55,68";24622;"R$10,71";0;-;0;"R$0,00";"R$0,00";"R$0,00";"R$0,00";Previsão prêmio próximo concurso: R$800MIL(1ªFx.) e R$500MIL(6ªFx.).
54;07/10/2000;6;15;17;18;22;23;38;40;43;45;53;56;74;86;87;88;91;94;97;98;0;;"R$0,00";23;"R$24.927,75";225;"R$2.548,17";2305;"R$124,00";14474;"R$19,76";0;-;2;"R$275.462,53";"R$860.007,26";"R$0,00";"R$0,00";"Estimativa prêmio próximo concurso 1ªFaixa R$1.800.000,00. Ganhadores da 6ªfaixa das cidades de Salvador/BA e Pirajuí/SP."
55;14/10/2000;3;4;5;26;32;37;40;44;49;50;54;63;64;67;73;74;89;96;97;99;0;;"R$0,00";16;"R$35.737,89";188;"R$3.041,53";1903;"R$149,79";12563;"R$22,70";0;-;1;"R$285.903,08";"R$1.717.716,48";"R$0,00";"R$0,00";"Estimativa prêmio próximo concurso 1ª faixa R$ 2.500.000,00, 6ª faixa R$ 300.000,00."
56;18/10/2000;8;12;16;17;24;28;30;31;35;36;47;56;60;63;74;80;82;88;91;92;0;;"R$0,00";9;"R$25.048,10";115;"R$1.960,28";1099;"R$102,26";7533;"R$14,92";0;-;0;"R$0,00";"R$2.055.865,90";"R$0,00";"R$0,00";Previsão de prêmio líquido da 1ª faixa do próximo concurso (57) é de R$ 3MILHÕES e para a 6ªfaixa é de R$ 400 MIL.
57;21/10/2000;2;5;9;25;28;41;44;50;58;64;67;73;78;79;83;85;93;95;97;98;3;"MA; SP";"R$977.754,39";61;"R$9.589,05";559;"R$1.046,39";4309;"R$67,68";22336;"R$13,06";0;-;0;"R$0,00";"R$0,00";"R$0,00";"R$0,00";Estimativa de prêmio do próximo concurso: 1ªFaixa:R$450MIL - 6ªFaixa:R$550MIL.
58;25/10/2000;8;11;13;16;19;22;23;25;48;51;56;61;66;74;78;80;85;90;92;95;0;;"R$0,00";6;"R$39.253,93";119;"R$1.979,19";1001;"R$117,30";6143;"R$19,12";0;-;0;"R$0,00";"R$353.285,37";"R$0,00";"R$0,00";Previsão prêmio próximo concurso para a 1ª faixa R$ 1.163.285.37.
59;28/10/2000;7;14;16;20;27;30;35;45;52;53;56;63;76;81;83;89;91;92;94;96;1;SP;"R$1.095.137,47";19;"R$26.029,90";305;"R$1.621,53";3248;"R$75,92";41529;"R$8,48";0;-;3;"R$256.742,71";"R$0,00";"R$0,00";"R$0,00";"Previsão de prêmio próximo concurso:  R$400.000,00(1ªfaixa) e R$150.000,00(6ªfaixa)."
60;01/11/2000;2;4;12;14;17;22;26;40;41;42;43;45;47;60;67;68;76;87;88;93;0;;"R$0,00";6;"R$40.873,58";98;"R$2.502,46";1030;"R$118,70";6654;"R$18,38";0;-;0;"R$0,00";"R$367.862,21";"R$0,00";"R$0,00";"Previsão de prêmio para a 1ª faixa do próximo concurso (61) é de R$1.100.000,00"
61;04/11/2000;0;6;14;26;27;30;34;35;40;51;53;55;60;61;64;68;70;74;84;88;1;RJ;"R$1.042.542,25";28;"R$16.063,81";320;"R$1.405,58";2653;"R$84,52";16149;"R$13,89";0;-;1;"R$347.514,12";"R$0,00";"R$0,00";"R$0,00";"Previsão de arrecadação para próximo concurso (62)é de R$4.500.000,00"
62;08/11/2000;9;14;19;20;23;24;25;27;31;32;33;36;41;43;44;49;61;62;66;81;1;BA;"R$387.126,87";19;"R$13.583,40";354;"R$726,87";2322;"R$55,42";40466;"R$4,54";0;-;0;"R$0,00";"R$0,00";"R$0,00";"R$0,00";"Previsão de prêmio para o próximo concurso: 1ª faixa: R$800.000,00, 6ª faixa:R$400.000,00."
63;11/11/2000;1;3;18;24;33;36;41;47;48;52;54;57;65;69;74;78;82;91;92;99;0;;"R$0,00";23;"R$21.671,07";359;"R$1.388,40";2952;"R$84,17";17390;"R$14,29";0;-;2;"R$189.129,81";"R$747.651,81";"R$0,00";"R$0,00";"Ganhadores da 6ª Fx: Lagoa Santa/MG e Manaus/AM.Previsão prêmio próximo concurso (1ªfx)R$1.600.000,00 e 6ªfx)R$300.000,00. Em razão do feriado dia 15/11 não haverá sorteio."
64;18/11/2000;3;5;6;9;11;16;21;29;37;38;47;51;54;66;68;69;84;85;93;98;0;;"R$0,00";15;"R$38.675,03";253;"R$2.292,99";2436;"R$118,72";14885;"R$19,44";0;-;0;"R$0,00";"R$1.617.839,96";"R$0,00";"R$0,00";"Estimativa para próximo concurso (65)  de prêmio líquido na 1ªfx (20 acertos)R$2.100.000,00 e na 6ª fx (00 acerto)  R$450.000,00"
65;22/11/2000;1;7;8;11;14;18;21;23;27;31;39;45;58;69;72;79;83;86;92;98;0;;"R$0,00";10;"R$31.151,36";158;"R$1.971,60";1579;"R$98,35";9260;"R$16,77";0;-;1;"R$445.819,55";"R$2.085.110,35";"R$0,00";"R$0,00";"O ganhador da 6ªfx. é do estado PR.Previsão de prêmio líquido na 1ª faixa é de R$3.000.000,00 e na 6ª faixa é de R$300.000,00 para o próximo concurso (66)."
66;25/11/2000;4;14;16;17;23;26;33;36;38;44;54;57;62;66;76;78;88;92;94;99;2;"BA; MG";"R$1.437.985,47";68;"R$7.753,53";842;"R$624,31";6057;"R$43,39";28251;"R$13,30";0;-;5;"R$52.724,05";"R$0,00";"R$0,00";"R$0,00";"Previsão de prêmio para próximo concurso (67) na 1ªfx. é de R$450.000,00 é na 6ªfx. é de R$150.000,00"
67;29/11/2000;3;7;9;14;18;25;26;36;46;49;50;62;64;75;76;85;89;91;94;98;1;SP;"R$360.509,79";9;"R$26.704,43";142;"R$1.692,53";1177;"R$101,80";7058;"R$16,98";0;-;1;"R$120.169,95";"R$0,00";"R$0,00";"R$0,00";Estimativa prêmio próximo concurso: 1ª Faixa:R$800MIL - 6ª Faixa:R$300MIL.
68;02/12/2000;3;5;6;8;22;23;24;25;28;32;45;46;53;54;57;71;78;82;88;94;0;;"R$0,00";20;"R$23.085,37";301;"R$1.533,91";2903;"R$79,29";17910;"R$12,86";0;-;0;"R$0,00";"R$692.561,00";"R$0,00";"R$0,00";"Estimativa prêmio próximo concurso 1ª Faixa: R$1.200.000,00 e 6ª Faixa: R$400.000,00"
69;06/12/2000;0;1;14;15;24;29;30;34;45;55;58;69;72;73;76;83;86;94;95;98;0;;"R$0,00";13;"R$24.028,34";136;"R$2.296,83";1355;"R$114,93";8343;"R$18,67";0;-;0;"R$0,00";"R$1.161.113,53";"R$0,00";"R$0,00";"Previsão prêmio próximo concurso(20 acertos)R$2.000.000,00 e (zero acertos)R$700.000,00."
70;09/12/2000;0;12;13;17;30;33;38;39;41;44;46;47;66;80;81;83;89;90;91;94;0;;"R$0,00";15;"R$33.611,49";238;"R$2.118,37";2199;"R$114,30";14166;"R$17,75";0;-;0;"R$0,00";"R$1.917.372,02";"R$0,00";"R$0,00";"Previsão prêmio próximo concurso (1ªFx)R$2.400.000,00 e (2ªFx) R$800.000,00."
71;13/12/2000;11;24;27;30;36;39;44;46;50;53;55;59;61;63;66;69;73;81;90;94;0;;"R$0,00";44;"R$7.988,94";505;"R$693,99";3371;"R$51,99";15544;"R$11,28";0;-;1;"R$814.880,89";"R$2.444.642,43";"R$0,00";"R$0,00";"Estimativa prêmio próximo concurso 1ªfaixa:R$3.500.000,00 e 6ªfaixa:R$300.000,00."
72;16/12/2000;0;8;9;11;16;20;25;31;35;39;45;47;52;64;68;70;74;87;90;93;1;BA;"R$3.262.164,27";17;"R$32.059,68";277;"R$1.967,56";2514;"R$108,08";15030;"R$18,08";0;-;1;"R$272.507,30";"R$0,00";"R$0,00";"R$0,00";PREVISÃO PRÊMIO PRÓXIMO CONCURSO:   20 ACERTOS: R$360MIL   E   NENHUM ACERTO:R$120MIL.
73;20/12/2000;11;14;18;30;39;41;50;59;69;71;73;74;81;83;91;92;93;94;98;99;2;"CE; RJ";"R$214.624,22";31;"R$9.231,15";434;"R$657,40";2970;"R$48,04";14467;"R$14,08";0;-;0;"R$0,00";"R$0,00";"R$0,00";"R$0,00";PREVISÃO PRÊMIO PRÓXIMO CONCURSO: FAIXA 20 ACERTOS-R$800MIL   E  FAIXA NENHUM ACERTO-R$400MIL.
74;23/12/2000;11;13;17;24;28;40;41;42;43;46;48;49;53;57;61;71;87;92;96;99;1;DF;"R$675.676,08";17;"R$26.497,10";217;"R$2.075,81";1972;"R$113,87";12699;"R$17,69";0;-;1;"R$368.308,22";"R$0,00";"R$0,00";"R$0,00";GANHADOR DA FAIXA ZERO ACERTO DE CURITIBA/PR.PREVISÃO DE PRÊMIO PRÓXIMO CONCURSO:(FAIXA 20 ACERTOS)R$400MIL E (FAIXA ZERO ACERTO)R$150 MIL.
75;27/12/2000;1;11;15;26;27;37;38;39;48;57;59;64;73;76;78;85;87;94;95;98;0;;"R$0,00";7;"R$32.950,84";149;"R$1.548,03";1235;"R$93,10";7488;"R$15,36";0;-;0;"R$0,00";"R$345.983,78";"R$0,00";"R$0,00";ESTIMATIVA PRÊMIO PRÓXIMO CONCURSO: FAIXA 20 ACERTOS-R$1MILHÃO   E  FAIXA 0 ACERTO-R$400MIL.
76;30/12/2000;0;6;7;10;18;22;29;30;31;48;50;52;55;56;61;67;68;80;86;96;0;;"R$0,00";15;"R$30.763,96";215;"R$2.146,32";2252;"R$102,16";14078;"R$16,35";0;-;2;"R$173.028,83";"R$1.038.172,93";"R$0,00";"R$0,00";"Estimativa prêmio próximo concurso (20 acertos) R$1.400.000,00 - (zero acertos)R$150.000,00. Ganhadores com zero acertos: Guarulhos/SP (01) e Senador Canedo/GO (01)."
77;03/01/2001;0;2;5;7;16;27;28;31;32;38;41;49;56;76;80;83;85;89;91;98;0;;"R$0,00";14;"R$18.056,90";200;"R$1.263,98";1913;"R$65,89";20039;"R$8,99";0;-;3;"R$42.132,77";"R$1.417.367,76";"R$0,00";"R$0,00";Previsão prêmio próximo concurso (20 acertos) R$2MILHÕES - (zero acertos)R$250MIL.
78;06/01/2001;7;21;24;29;33;36;41;45;46;53;63;67;71;72;81;83;84;86;87;94;0;;"R$0,00";17;"R$29.420,92";216;"R$2.315,53";2241;"R$111,26";14038;"R$17,76";0;-;0;"R$0,00";"R$2.167.601,21";"R$0,00";"R$0,00";"Previsão prêmio próximo concurso (20 acertos)R$2.700.000,00 - (zero acertos) R$400.000,00."
79;10/01/2001;2;3;4;7;9;15;20;26;30;37;38;43;47;51;55;67;77;85;86;87;0;;"R$0,00";16;"R$24.219,58";181;"R$2.140,96";1761;"R$109,70";11470;"R$16,85";0;-;0;"R$0,00";"R$2.748.871,19";"R$0,00";"R$0,00";"Previsão prêmio próximo concurso (20 acertos)R$3.500.000,00 (zero acertos)R$700.000,00."
80;13/01/2001;0;6;12;17;20;22;30;36;41;42;50;55;77;81;86;88;91;93;95;98;3;"RJ; RS; SP";"R$1.208.284,75";31;"R$18.838,35";523;"R$1.116,62";4302;"R$67,68";23828;"R$12,22";0;-;3;"R$245.276,29";"R$0,00";"R$0,00";"R$0,00";"Previsão prêmio próximo concurso (20 acertos)R$ 400.000,00 e (zero acerto)R$150.000,00."
81;17/01/2001;14;16;23;30;33;39;43;47;52;63;65;67;68;74;83;86;87;92;94;97;4;"BA; PR; SP";"R$109.348,66";23;"R$12.678,10";390;"R$745,44";3051;"R$47,65";15170;"R$13,68";0;-;3;"R$48.599,41";"R$0,00";"R$0,00";"R$0,00";Estimativa prêmio próximo concurso: (20 acertos):R$700MIL - (0 acerto):R$250MIL. Ganhadores com 0 acerto neste concurso: DF(01) - PE(01) - SP(01)
82;20/01/2001;1;6;14;21;22;42;47;48;49;52;53;59;62;64;69;79;85;88;90;93;0;;"R$0,00";9;"R$48.927,01";126;"R$3.494,79";1379;"R$159,19";9321;"R$23,55";0;-;0;"R$0,00";"R$660.514,61";"R$0,00";"R$0,00";"Estimativa prêmio próximo concurso (20 acertos):R$1.100.000,00. (zero acerto):R$400.000,00."
83;24/01/2001;0;4;11;13;30;37;40;43;44;45;50;51;61;65;71;74;76;79;83;85;2;SP;"R$569.187,20";18;"R$17.698,51";208;"R$1.531,60";1875;"R$84,71";10545;"R$15,06";0;-;1;"R$379.458,17";"R$0,00";"R$0,00";"R$0,00";PREVISÃO PRÊMIO PRÓXIMO CONCURSO: Faixa 20 acertos-R$600MIL e Faixa nenhum acerto-R$200MIL.
84;27/01/2001;2;3;4;8;11;12;16;19;22;25;42;45;50;55;57;65;68;81;88;95;1;RS;"R$631.571,69";19;"R$22.160,41";369;"R$1.141,05";2737;"R$76,69";16181;"R$12,98";0;-;1;"R$210.523,91";"R$0,00";"R$0,00";"R$0,00";Estimativa prêmio próximo concurso: faixa 20 acertos:R$400MIL - faixa nenhum acerto:R$150MIL. Ganhador da faixa de nenhum acerto: RS.
85;31/01/2001;2;4;7;10;13;23;25;30;31;36;44;45;47;51;58;60;63;71;84;92;2;SP;"R$206.261,87";21;"R$13.095,99";277;"R$992,84";2104;"R$65,17";11174;"R$12,28";0;-;1;"R$137.507,93";"R$0,00";"R$0,00";"R$0,00";Estimativa prêmio próximo concurso: 20 acertos: R$650MIL - Nenhum acerto: 200MIL. Ganhador nenhum acerto de Salvador/BA.
86;03/02/2001;1;14;19;24;26;33;38;42;45;47;51;59;60;61;64;71;87;96;98;99;0;;"R$0,00";8;"R$54.266,80";210;"R$2.067,31";1879;"R$115,19";11105;"R$19,50";0;-;1;"R$217.067,20";"R$651.201,56";"R$0,00";"R$0,00";"O ACERTADOR DA FAIXA 0(zero) ACERTO  É DE SÃO PAULO/SP. PREVISÃO PRÊMIO PRÓXIMO CONCURSO: Faixa 20 acertos - R$1.100.000,00 e Faixa zero acerto - R$150.000,00."
87;07/02/2001;6;15;17;24;30;42;43;47;51;53;54;59;67;83;85;87;93;96;98;99;0;;"R$0,00";44;"R$7.527,00";561;"R$588,59";4177;"R$39,54";20539;"R$11,48";0;-;1;"R$165.595,60";"R$1.147.988,31";"R$0,00";"R$0,00";Estimativa prêmio próximo concurso (20 acertos): R$2MILHÕES - (0 acerto): R$250MIL.Ganhador de 0 acerto: Santa Cruz/RN.
88;10/02/2001;11;17;23;28;30;33;41;45;46;47;51;57;60;66;76;77;84;86;94;95;0;;"R$0,00";12;"R$42.454,10";268;"R$1.900,93";2698;"R$94,13";16944;"R$14,99";0;-;0;"R$0,00";"R$1.912.162,06";"R$0,00";"R$0,00";"Previsão prêmio próximo concurso (20 acertos) R$2.500.000,00 -(zero acerto)R$500.000,00"
89;14/02/2001;1;11;17;25;33;41;44;48;50;56;59;60;63;64;67;68;76;83;86;88;0;;"R$0,00";9;"R$44.015,33";274;"R$1.445,76";2607;"R$75,76";15170;"R$13,03";0;-;0;"R$0,00";"R$2.506.369,07";"R$0,00";"R$0,00";"Estimativa prêmio próximo concurso 20 acertos: R$3.400.000,00 - 0 acerto: R$750.000,00."
90;17/02/2001;17;20;24;25;26;31;32;34;37;52;55;57;62;66;73;80;88;92;93;94;1;SP;"R$3.364.314,03";19;"R$30.103,33";233;"R$2.454,78";2283;"R$124,90";15026;"R$18,98";0;-;2;"R$369.387,65";"R$0,00";"R$0,00";"R$0,00";Estimativa prêmio próximo concurso: 20 acertos: R$400MIL - 0 acerto: R$150MIL. Ganhadores 0 acerto: SP(01) - RS(01).
91;21/02/2001;0;8;14;22;23;25;26;27;31;34;35;36;55;58;64;66;67;81;85;91;0;;"R$0,00";13;"R$23.067,80";165;"R$1.817,46";1541;"R$97,01";10622;"R$14,08";0;-;0;"R$0,00";"R$449.821,96";"R$0,00";"R$0,00";"Previsão prêmio próximo concurso(20 acertos) R$1.200.000,00 e (zero acerto)R$400.000,00"
92;24/02/2001;5;13;21;27;29;35;42;48;51;55;58;60;61;62;63;70;86;89;90;92;1;SP;"R$1.127.111,33";12;"R$37.627,19";150;"R$3.010,17";1601;"R$140,59";10463;"R$21,52";0;-;0;"R$0,00";"R$0,00";"R$0,00";"R$0,00";Previsão prêmio próximo concurso (20 acertos) R$750MIL.
93;03/03/2001;1;7;14;19;20;28;34;43;49;52;53;54;69;74;77;81;82;84;90;94;2;"MA; SP";"R$369.801,91";26;"R$18.964,20";189;"R$2.608,83";1852;"R$132,73";11831;"R$20,78";0;-;0;"R$0,00";"R$0,00";"R$0,00";"R$0,00";Estimativa prêmio próximo concurso: 20 acertos: R$450MIL - 0 acerto: R$800MIL.
94;07/03/2001;7;13;14;21;23;26;37;42;46;47;54;59;60;67;72;83;84;88;90;94;0;;"R$0,00";5;"R$58.225,70";134;"R$2.172,60";1235;"R$117,51";7953;"R$18,25";0;-;0;"R$0,00";"R$436.692,69";"R$0,00";"R$0,00";"Previsão prêmio próximo concurso (20 acertos) R$1.150.000,00 - (zero acerto) R$1.000.000,00"
95;10/03/2001;1;16;20;23;27;41;44;48;53;55;57;69;72;79;84;85;86;87;91;94;0;;"R$0,00";12;"R$40.075,11";235;"R$2.046,39";2012;"R$119,16";12608;"R$19,02";0;-;3;"R$336.084,43";"R$1.158.044,58";"R$0,00";"R$0,00";"Estimativa prêmio próximo concurso (20 acertos)R$1.700.000,00; (Zero acerto)R$200.000,00. Ganhadores da faixa zero acerto de: Leopoldina/MG; João Pessoa/PB e Juscimeira/MT."
96;14/03/2001;3;6;9;15;18;19;22;24;32;42;51;62;64;65;70;73;75;86;94;95;0;;"R$0,00";18;"R$18.602,57";223;"R$1.501,55";1870;"R$89,27";11895;"R$14,03";0;-;0;"R$0,00";"R$1.660.314,09";"R$0,00";"R$0,00";"Estimativa prêmio próximo concurso - 20 acertos:R$2.500.000,00 - 0 acerto: R$450.000,00."
97;17/03/2001;1;5;8;16;31;34;38;39;43;44;45;49;50;51;55;57;63;85;92;97;1;SP;"R$2.433.108,89";21;"R$24.533,17";384;"R$1.341,66";3752;"R$68,46";18495;"R$13,89";0;-;0;"R$0,00";"R$0,00";"R$0,00";"R$0,00";Estimativa prêmio próximo concurso- 1ª Faixa: R$350MIL - 6ª faixa: R$550MIL
98;21/03/2001;2;18;26;27;38;39;45;46;51;55;63;64;68;70;72;73;76;84;89;96;0;;"R$0,00";8;"R$36.036,67";129;"R$2.234,83";1275;"R$112,63";7612;"R$18,87";0;-;0;"R$0,00";"R$432.439,99";"R$0,00";"R$0,00";"Previsão prêmio próximo concurso (20 acertos) R$1.200.000,00 - (zero acerto) R$800.000,00"
99;24/03/2001;2;4;6;10;16;26;28;32;34;38;39;42;53;62;69;82;89;90;92;97;0;;"R$0,00";28;"R$16.898,59";368;"R$1.285,76";2872;"R$82,06";16816;"R$14,02";0;-;1;"R$805.748,30";"R$1.142.180,39";"R$0,00";"R$0,00";"Previsão prêmio próximo concurso (20 acertos) R$1.700.000,00 - (zero acerto) R$180.000,00. O ganhador da 6º faixa é de Ponte Nova - MG."
100;28/03/2001;2;6;7;11;12;21;27;28;38;48;51;56;58;60;66;67;77;90;91;95;0;;"R$0,00";7;"R$45.842,69";165;"R$1.944,84";1146;"R$139,48";7598;"R$21,04";0;-;0;"R$0,00";"R$1.623.528,64";"R$0,00";"R$0,00";"Estimativa prêmio próximo concurso: 1ªFaixa:R$2.400.000,00 - 6ªFaixa:R$400.000,00."
101;31/03/2001;1;2;3;5;12;16;19;20;27;30;33;39;49;51;59;68;74;80;82;83;0;;"R$0,00";17;"R$30.367,60";302;"R$1.709,43";2352;"R$109,34";15372;"R$16,73";0;-;0;"R$0,00";"R$2.397.902,39";"R$0,00";"R$0,00";Estimativa prêmio próximo concurso: (20 acertos):3MILHÕES - (0 acerto):600MIL.
102;04/04/2001;4;9;11;13;21;24;35;47;48;57;62;64;70;72;76;85;89;91;94;95;2;"MG; SP";"R$1.506.273,98";15;"R$27.317,58";224;"R$1.829,30";2003;"R$101,91";11804;"R$17,30";0;-;2;"R$311.727,96";"R$0,00";"R$0,00";"R$0,00";"Previsão de prêmio próximo concurso: 1ªFaixa:R$700.000,00 e 6ªFaixa: 250.000,00.Os ganhadores da 6ªfx.são de GO e SP."
103;07/04/2001;5;24;25;26;29;30;32;35;45;58;61;72;77;85;86;91;92;95;97;99;1;SP;"R$693.115,45";5;"R$92.415,40";198;"R$2.333,72";1705;"R$135,00";11460;"R$20,09";0;-;0;"R$0,00";"R$0,00";"R$0,00";"R$0,00";PREVISÃO PRÊMIO PRÓXIMO CONCURSO: 1ªFAIXA:R$540MIL   E  6ªFAIXA:R$400MIL.
104;11/04/2001;7;10;17;20;23;31;33;35;37;41;44;49;50;53;64;65;68;70;71;85;0;;"R$0,00";30;"R$10.605,75";385;"R$826,42";2544;"R$62,31";14909;"R$10,63";0;-;1;"R$390.124,72";"R$477.258,67";"R$0,00";"R$0,00";"Estimativa de prêmio próximo concurso: 20 acertos: R$1.300.000,00 e zero acerto: R$250.000,00. O Ganhador de zero acerto é do Rio de Janeiro/RJ!!!"
105;14/04/2001;0;1;2;3;4;9;10;15;23;25;28;34;41;48;54;72;76;86;87;93;0;;"R$0,00";20;"R$18.301,15";208;"R$1.759,73";1946;"R$93,69";11856;"R$15,39";0;-;0;"R$0,00";"R$1.026.293,29";"R$0,00";"R$0,00";"Estimativa prêmio próximo concurso: 20 acertos-R$1.500.000,00  e  0 acertos-R$350.000,00."
106;18/04/2001;1;9;10;12;15;20;21;25;29;40;55;68;72;75;77;78;82;87;88;97;0;;"R$0,00";16;"R$22.069,80";237;"R$1.489,95";1890;"R$93,07";11407;"R$15,43";0;-;1;"R$359.569,94";"R$1.555.968,44";"R$0,00";"R$0,00";"Estimativa prêmio próximo concurso: (20 acertos) R$2.300.000,00 e (zero acerto)R$250.000,00. Ganhador zero acerto do Rio de Janeiro/RJ."
107;21/04/2001;6;13;18;22;26;30;33;34;36;38;40;45;53;54;61;62;64;69;75;91;0;;"R$0,00";23;"R$18.301,15";288;"R$1.461,55";2820;"R$74,35";16742;"R$12,53";0;-;1;"R$210.463,21";"R$2.187.358,02";"R$0,00";"R$0,00";Estimativa prêmio próximo concurso (20 acertos): R$3MILHÕES - (0 acerto):R$200MIL. 01 Ganhador (0 acerto): Belo Horizonte/MG.
108;25/04/2001;1;9;18;25;28;32;35;41;43;44;48;53;59;61;62;67;85;86;90;97;0;;"R$0,00";6;"R$62.487,62";141;"R$2.659,05";1607;"R$116,21";9864;"R$18,93";0;-;0;"R$0,00";"R$2.749.746,57";"R$0,00";"R$0,00";"Estimativa prêmio próximo concurso: (20 acertos) R$3.500.000,00 - (0 acerto) R$500.000,00."
109;28/04/2001;0;1;6;13;16;19;20;29;39;40;49;50;65;77;79;80;89;92;94;98;0;;"R$0,00";28;"R$18.346,76";434;"R$1.183,66";2991;"R$85,55";16791;"R$15,25";0;-;3;"R$148.105,83";"R$3.520.310,36";"R$0,00";"R$0,00";"ESTIMATIVA PRÊMIO PRÓXIMO CONCURSO: R$4.000.000,00(20 acertos) E R$200.000,00(0 acerto). Ganhadores de Zero Acerto: DF(03)."
110;02/05/2001;1;13;16;21;22;23;30;35;39;53;61;62;63;65;66;67;72;75;81;92;0;;"R$0,00";9;"R$39.652,46";160;"R$2.230,45";1652;"R$107,60";10548;"R$16,86";0;-;0;"R$0,00";"R$4.055.618,54";"R$0,00";"R$0,00";Estimativa prêmio próximo concurso:(20 acertos)R$5 MILHÕES - (zero acerto) R$400 MIL.
111;05/05/2001;7;18;25;30;32;41;44;52;56;58;59;61;71;72;79;82;86;88;96;98;0;"AM; MT; SP";"R$0,00";26;"R$22.764,82";323;"R$1.832,46";2978;"R$99,01";17677;"R$16,68";0;-;3;"R$158.126,27";"R$4.943.446,69";"R$0,00";"R$0,00";"ESTIMATIVA DE PRÊMIO PRÓXIMO CONCURSO (20 ACERTOS) R$5.500.000,00   -  (ZERO ACERTO)R$200.000,00  ."
112;09/05/2001;0;9;10;15;18;24;37;47;51;57;58;60;61;63;67;74;78;88;94;97;0;;"R$0,00";14;"R$34.798,66";235;"R$2.073,11";2385;"R$101,75";13978;"R$17,37";0;-;0;"R$0,00";"R$5.674.218,60";"R$0,00";"R$0,00";"Estimativa prêmio próximo concurso:20 acertos - R$6.500.000,00, zero acerto - R$600.000,00."
113;12/05/2001;4;11;13;17;27;31;32;34;36;37;38;41;52;71;81;83;84;87;88;91;1;MG;"R$6.642.639,29";24;"R$26.900,58";376;"R$1.717,06";3738;"R$86,04";22263;"R$14,45";0;-;0;"R$0,00";"R$0,00";"R$0,00";"R$0,00";GANHADOR DE 20 ACERTOS DE MINAS GERAIS. Estimativa de prêmio próximo concurso 20 acertos: R$450 MIL e   zero acerto: R$700 MIL.
114;16/05/2001;1;7;11;13;17;25;27;29;32;44;48;49;50;71;74;76;80;88;90;91;2;"BA; RJ";"R$253.539,72";21;"R$16.097,76";337;"R$1.003,13";2591;"R$65,00";14306;"R$11,77";0;-;4;"R$183.856,02";"R$0,00";"R$0,00";"R$0,00";Estimativa prêmio próximo concurso: 20 acertos:R$650MIL - 0 acerto:R$200MIL. Ganhadores 0 acerto: SP - SC - MG - RJ.
115;19/05/2001;2;9;10;17;19;23;26;30;31;32;38;39;40;47;56;63;72;84;88;92;0;;"R$0,00";11;"R$41.570,32";255;"R$1.793,23";2386;"R$95,47";14129;"R$16,12";0;-;1;"R$228.636,80";"R$685.910,32";"R$0,00";"R$0,00";"Ganhador da faixa de zero acerto da cidade de Lavras / MG. Estimativa prêmio próximo concurso: 20 acertos: 1.300.000,00 e ZERO acerto 200.000,00."
116;23/05/2001;3;4;7;8;11;21;31;35;39;45;46;47;53;56;59;64;80;82;83;92;0;;"R$0,00";13;"R$26.717,30";120;"R$2.894,38";1157;"R$149,53";7894;"R$21,92";0;-;0;"R$0,00";"R$1.206.897,66";"R$0,00";"R$0,00";Estimativa prêmio próximo concurso 20 ACERTOS:R$2 MILHÕES e NENHUM ACERTO:R$400MIL.
117;26/05/2001;0;2;14;23;25;30;31;36;37;42;45;46;48;64;65;66;67;73;74;99;0;;"R$0,00";15;"R$32.687,72";275;"R$1.782,97";2629;"R$92,90";16226;"R$15,06";0;-;0;"R$0,00";"R$1.942.371,39";"R$0,00";"R$0,00";"Estimativa prêmio próximo concurso: 20 acertos-R$2.500.000,00  e  nenhum acerto-R$600.000,00."
118;30/05/2001;2;11;12;14;15;23;29;32;33;41;53;56;60;63;65;74;82;83;90;92;1;MG;"R$2.520.903,66";9;"R$42.854,24";194;"R$1.988,08";1906;"R$100,80";15733;"R$12,22";0;-;0;"R$0,00";"R$0,00";"R$0,00";"R$0,00";Estimativa prêmio próximo concurso: 20 acertos: R$700MIL - Nenhum acerto: R$850MIL.
119;02/06/2001;2;3;5;8;25;29;36;38;41;45;50;52;55;64;69;73;79;81;82;87;1;GO;"R$702.548,12";15;"R$31.224,36";256;"R$1.829,55";2153;"R$108,36";13445;"R$17,36";0;-;0;"R$0,00";"R$0,00";"R$0,00";"R$0,00";Estimativa prêmio próximo concurso: 20 acertos-R$500MIL e nenhum acerto-R$1MILHÃO.
120;06/06/2001;2;9;10;11;12;19;21;27;29;31;35;47;48;56;61;74;75;77;84;94;0;;"R$0,00";19;"R$18.336,06";208;"R$1.674,93";2057;"R$84,36";12108;"R$14,34";0;-;0;"R$0,00";"R$522.577,67";"R$0,00";"R$0,00";"Estimativa prêmio próximo concurso: 20 acertos: R$ 1.300.000,00 - nenhum acerto: R$ 1.300.000,00."
121;09/06/2001;0;2;3;9;10;15;27;34;35;40;59;69;70;71;73;75;82;89;91;99;3;"RJ; SP";"R$430.605,24";22;"R$23.310,24";339;"R$1.512,76";3273;"R$78,05";18779;"R$13,60";0;-;2;"R$638.226,22";"R$0,00";"R$0,00";"R$0,00";Estimativa prêmio próximo concurso: 20 acertos: R$ 500 MIL - nenhum acerto: R$ 200 MIL. 02 Ganhadores com nenhum acerto: Paranaíba/MS e São Paulo/SP.
122;13/06/2001;8;12;14;20;21;24;27;30;35;36;43;58;59;77;82;84;85;86;88;95;0;;"R$0,00";6;"R$58.621,00";137;"R$2.567,35";1445;"R$121,25";9280;"R$18,88";0;-;0;"R$0,00";"R$527.589,02";"R$0,00";"R$0,00";"Previsão prêmio próximo concurso (20 acertos) R$1.300.000,00 - (zero acerto) R$400.000,00"
123;16/06/2001;6;8;19;26;30;33;44;45;50;54;58;60;64;65;66;69;76;81;85;90;0;;"R$0,00";11;"R$43.050,75";256;"R$1.849,84";2340;"R$100,81";14530;"R$16,23";0;-;1;"R$412.642,16";"R$1.237.926,41";"R$0,00";"R$0,00";Estimativa prêmio próximo concurso: 20 acertos: R$ 2 MILHÕES - Nenhum acerto: R$ 200 MIL. Ganhador deste concurso com nenhum acerto de Itapetinga/BA.
124;20/06/2001;2;6;8;11;25;26;28;32;39;40;41;59;64;67;69;70;76;81;84;95;0;;"R$0,00";14;"R$29.735,79";178;"R$2.338,77";1702;"R$121,84";10337;"R$20,07";0;-;0;"R$0,00";"R$1.862.377,86";"R$0,00";"R$0,00";"Estimativa de prêmio próximo concurso (20 acertos) R$2.700.000,00 e(zero acerto)R$500.000,00"
125;23/06/2001;0;8;12;23;26;34;45;48;51;52;62;66;68;69;71;77;82;86;92;94;0;;"R$0,00";47;"R$12.138,70";531;"R$1.074,43";4165;"R$68,23";22857;"R$12,44";0;-;0;"R$0,00";"R$2.718.156,43";"R$0,00";"R$0,00";"Estimativa prêmio próximo concurso (20 acertos) R$3.500.000,00 e (0 acerto)R$700.000,00"
126;27/06/2001;1;3;7;8;9;12;14;20;29;37;38;40;41;46;56;63;68;83;96;97;0;;"R$0,00";20;"R$23.176,59";256;"R$1.810,67";2643;"R$87,36";15978;"R$14,46";0;-;0;"R$0,00";"R$3.413.454,08";"R$0,00";"R$0,00";"Estimativa premio proximo concurso (20 acertos)R$ 4.500.000,00 - (zero acerto) R$ 1.000.000,00"
127;30/06/2001;3;7;22;24;27;29;38;39;41;45;48;54;59;62;65;67;71;78;79;86;1;SE;"R$4.357.216,97";30;"R$20.972,51";482;"R$1.305,34";4023;"R$77,91";22007;"R$14,25";0;-;0;"R$0,00";"R$0,00";"R$0,00";"R$0,00";Estimativa premio proximo concurso:(20 acertos): R$ 650 MIL - (zero acerto): R$ 1.300 MIL
128;04/07/2001;3;5;17;24;31;34;43;45;46;47;49;52;57;58;59;74;84;86;88;97;1;PR;"R$589.537,13";10;"R$39.302,48";302;"R$1.301,41";2627;"R$74,53";15060;"R$13,01";0;-;0;"R$0,00";"R$0,00";"R$0,00";"R$0,00";Estimativa prêmio (20 acertos)próximo concurso: R$ 700 MIL.
129;07/07/2001;10;13;17;21;26;28;36;37;38;41;43;44;47;60;65;76;78;80;84;90;1;GO;"R$829.613,70";21;"R$26.336,94";325;"R$1.701,77";3002;"R$91,77";17327;"R$15,90";0;-;0;"R$0,00";"R$0,00";"R$0,00";"R$0,00";"Estimativa prêmios próximo concurso:20 acertos(R$ 500 MIL)-zero acerto:(R$1.700.000,00)."
130;11/07/2001;3;5;10;15;16;17;19;21;37;38;41;44;49;51;52;76;84;85;94;99;0;;"R$0,00";17;"R$22.569,15";278;"R$1.380,13";2510;"R$76,14";14307;"R$13,36";0;-;0;"R$0,00";"R$575.513,10";"R$0,00";"R$0,00";"Estimativa prêmio próximo concurso (20 acertos) R$1.500.000,00 - (zero acerto) R$2.000.000,00"
131;14/07/2001;9;10;12;23;24;27;42;43;45;47;48;55;62;69;70;75;80;90;94;98;0;;"R$0,00";14;"R$39.306,13";183;"R$3.007,03";1854;"R$147,84";12664;"R$21,65";0;-;1;"R$1.979.794,56";"R$1.400.941,90";"R$0,00";"R$0,00";"Ganhador da faixa zero acerto é de LAURO DE FREITAS/BA. Estimativa prêmio próximo concurso  -   Faixa 20 acertos: R$2.000.000,00  e  faixa zero acerto:R$200.000,00."
132;18/07/2001;2;6;7;10;12;21;27;29;40;42;45;49;51;58;71;74;76;79;86;96;0;;"R$0,00";20;"R$20.698,23";249;"R$1.662,51";2205;"R$93,52";12829;"R$16,07";0;-;0;"R$0,00";"R$2.021.888,59";"R$0,00";"R$0,00";"Estimativa prêmio próximo concurso: 20 acertos-R$3.000.000,00  e  zero acerto-R$500.000,00."
133;21/07/2001;2;13;21;32;34;38;42;45;48;52;53;57;62;66;71;75;79;86;92;95;2;"RJ; SP";"R$1.443.191,23";53;"R$10.874,14";657;"R$877,22";5048;"R$56,87";25945;"R$11,07";0;-;0;"R$0,00";"R$0,00";"R$0,00";"R$0,00";"Estimativa prêmio próximo concurso (20 acertos) R$650.000,00 - (zero acerto) R$700.000,00"
134;25/07/2001;7;13;15;20;21;22;24;25;27;38;47;48;55;63;65;67;71;73;85;99;0;;"R$0,00";27;"R$13.053,97";337;"R$1.045,87";2744;"R$63,98";15751;"R$11,15";0;-;0;"R$0,00";"R$528.685,76";"R$0,00";"R$0,00";"Estimativa de prêmio próximo concurso: 20 acertos-R$1.300.000,00 e zero acerto-R$1.000.000,00."
135;28/07/2001;5;13;27;33;37;41;48;49;53;54;58;59;60;68;78;80;84;86;95;97;1;;"R$1.295.883,90";12;"R$42.622,12";276;"R$1.853,14";2751;"R$92,61";17210;"R$14,81";0;-;1;"R$927.108,24";"R$0,00";"R$0,00";"R$0,00";"Estimativa prêmio próximo concurso: 20 acertos-R$550.000,00 e zero acerto-R$200.000,00."
136;01/08/2001;6;7;16;20;22;30;33;35;41;47;50;53;54;55;59;71;80;87;89;91;1;SP;"R$524.171,85";13;"R$26.880,61";198;"R$1.764,89";1737;"R$100,21";10802;"R$16,11";0;-;0;"R$0,00";"R$0,00";"R$0,00";"R$0,00";Estimativa do prêmio próximo concurso: 20 acertos: R$ 700 MIL - zero acerto: R$ 400 MIL.
137;04/08/2001;3;10;18;19;29;32;42;44;50;54;55;64;65;69;74;80;81;82;87;91;0;;"R$0,00";12;"R$40.641,35";174;"R$2.802,85";1799;"R$135,04";11952;"R$20,33";0;-;0;"R$0,00";"R$731.544,39";"R$0,00";"R$0,00";"Estimativa prêmio para próximo concurso: 20 acertos: R$ 1.400.000,00  -   zero acerto:  R$ 600.000,00."
138;08/08/2001;3;10;12;15;20;25;29;32;41;48;52;53;54;58;69;77;79;81;82;88;0;;"R$0,00";15;"R$26.581,03";306;"R$1.302,99";2927;"R$67,86";17169;"R$11,57";0;-;0;"R$0,00";"R$1.329.617,44";"R$0,00";"R$0,00";"Estimativa de prêmio próximo concurso VINTE acertos: R$ 2.100.000,00 ZERO acerto: R$ 900 MIL"
139;11/08/2001;2;6;8;10;11;13;23;24;33;43;49;51;55;65;66;71;75;85;89;93;2;"MS; RJ";"R$1.078.488,65";35;"R$15.759,24";674;"R$818,36";4688;"R$58,61";25566;"R$10,75";0;-;0;"R$0,00";"R$0,00";"R$0,00";"R$0,00";"Estimativa prêmio próximo concurso: (20 acertos-R$600.861,24)  e  (0 acerto-R$1.000.000,00)"
140;15/08/2001;4;10;14;15;16;20;28;30;43;50;51;56;57;60;62;65;78;83;92;95;0;;"R$0,00";13;"R$27.554,50";142;"R$2.522,59";1402;"R$127,27";9052;"R$19,72";0;-;0;"R$0,00";"R$537.312,76";"R$0,00";"R$0,00";"Estimativa prêmio próximo concurso: (20 acertos) R$1.500.000,00 - (0 acerto) R$1.400.000,00"
141;18/08/2001;4;10;14;19;24;25;30;40;46;51;56;66;79;84;87;89;90;92;93;99;1;SE;"R$1.310.865,11";11;"R$46.881,97";173;"R$2.980,93";1946;"R$132,00";12450;"R$20,64";0;-;0;"R$0,00";"R$0,00";"R$0,00";"R$0,00";"Estimativa prêmio próximo concurso: (20 acertos) R$600.000,00 ; (0 acerto) R$1.600.000,00"
142;22/08/2001;7;13;14;24;25;31;35;38;44;51;54;55;60;63;68;82;89;94;96;98;0;;"R$0,00";25;"R$14.101,76";190;"R$1.855,49";1860;"R$94,41";11022;"R$15,93";0;-;1;"R$1.506.943,51";"R$528.816,03";"R$0,00";"R$0,00";"GANHADOR DA FAIXA 0 ACERTO É DE PRESIDENTE PRUDENTE/SP. Estimativa prêmio próximo concurso: (20 acertos) R$1.400.000,00 - (0 acerto). R$300.000,00"
143;25/08/2001;5;18;22;26;32;33;38;45;47;48;53;54;58;69;76;78;80;81;82;83;1;GO;"R$1.245.366,15";25;"R$19.108,00";420;"R$1.137,39";3750;"R$63,46";21800;"R$10,92";0;-;1;"R$238.850,07";"R$0,00";"R$0,00";"R$0,00";"GANHADOR DA FAIXA 0 ACERTO (MT) Estimativa de prêmio próximo concurso: faixa 20 acertos R$500.000,00 e faixa 0 acerto R$150.000,00."
144;29/08/2001;14;15;25;36;38;41;45;46;50;51;59;60;62;66;74;81;85;87;95;99;0;;"R$0,00";13;"R$24.336,75";167;"R$1.894,48";1629;"R$96,75";10113;"R$15,59";0;-;1;"R$158.188,88";"R$474.566,57";"R$0,00";"R$0,00";"Estimativa prêmio próximo concurso (20 acertos): R$ 1.200.000,00 - (ZERO acerto): R$ 250.000,00. 01 ganhador com ZERO acerto: Brasília/DF."
145;01/09/2001;3;5;22;33;34;39;40;41;42;43;45;46;50;57;64;70;76;79;85;99;0;;"R$0,00";10;"R$45.311,47";196;"R$2.311,81";1998;"R$112,96";13176;"R$17,14";0;-;0;"R$0,00";"R$1.154.238,61";"R$0,00";"R$0,00";"Estimativa premio próximo concurso (VINTE acertos): R$ 1.800.000,00 - (ZERO acerto): R$450.000,00."
146;05/09/2001;3;6;17;24;26;37;43;47;49;57;59;60;67;73;75;87;88;92;93;96;1;BA;"R$1.717.259,07";24;"R$15.639,46";270;"R$1.390,18";2222;"R$84,14";12783;"R$14,63";0;-;2;"R$207.115,43";"R$0,00";"R$0,00";"R$0,00";"Estimativa prêmio próximo concurso: (20 ACERTOS) R$700.000,00 - (0 ACERTO) R$250.000,00. Ganhadores (0 ACERTO) Pres. Tancredo/BA e Stº Antº de Jesus/BA."
147;08/09/2001;2;4;6;7;8;21;23;26;35;40;48;56;59;65;73;81;82;85;88;98;0;;"R$0,00";11;"R$35.306,74";208;"R$1.867,18";1896;"R$102,04";11372;"R$17,02";0;-;0;"R$0,00";"R$582.561,21";"R$0,00";"R$0,00";"Estimativa prêmio próximo concurso: 20 acertos: R$ 1.200.000,00 - Zero acerto: R$ 400.000,00."
148;12/09/2001;0;9;10;12;22;24;26;33;40;41;43;45;49;60;77;81;84;85;91;98;0;;"R$0,00";16;"R$22.927,54";265;"R$1.384,30";2331;"R$78,40";14040;"R$13,03";0;-;1;"R$377.607,42";"R$1.132.822,16";"R$0,00";"R$0,00";"Ganhador faixa zero acerto: RJ. Estimativa de prêmio para o próximo concurso: (20 ACERTOS) R$2.000.000,00  -  (0 ACERTO) R$300.000,00"
149;15/09/2001;10;18;24;25;29;38;39;43;45;49;50;55;58;63;66;70;82;85;90;93;0;;"R$0,00";34;"R$14.644,17";313;"R$1.590,74";3042;"R$81,53";18132;"R$13,68";0;-;1;"R$248.950,92";"R$1.879.674,82";"R$0,00";"R$0,00";"Ganhador da faixa (0 ACERTO) de MG. Estimativa de prêmio próximo concurso (20 ACERTOS): R$2.500.000,00 - (0 ACERTO): R$200.000,00"
150;19/09/2001;7;9;15;18;20;23;25;26;29;37;38;39;48;50;52;54;55;79;89;96;1;SP;"R$2.489.509,96";14;"R$29.039,77";317;"R$1.282,52";2859;"R$70,83";16101;"R$12,59";0;-;0;"R$0,00";"R$0,00";"R$0,00";"R$0,00";"ESTIMATIVA PRÊMIO PRÓXIMO CONCURSO: FAIXA VINTE ACERTOS-R$700.000,00   E   FAIXA ZERO ACERTO-R$450.000,00."
151;22/09/2001;4;7;11;12;25;33;34;39;45;48;50;51;56;73;78;81;84;85;90;94;1;BA;"R$679.457,30";11;"R$41.179,23";238;"R$1.903,24";2262;"R$99,75";14170;"R$15,93";0;-;0;"R$0,00";"R$0,00";"R$0,00";"R$0,00";"Estimativa de prêmio próximo concurso: faixa vinte acertos-R$500.000,00 e faixa zero acerto-R$600.000,00."
152;26/09/2001;6;8;9;18;19;27;28;46;48;51;52;60;66;73;75;81;83;86;87;95;0;;"R$0,00";11;"R$30.775,02";143;"R$2.367,31";1255;"R$134,36";9539;"R$17,68";0;-;0;"R$0,00";"R$507.787,82";"R$0,00";"R$0,00";"Estimativa prêmio próximo concurso: (20 ACERTOS) R$1.200.000,00 - (0 ACERTO) R$800.000,00"
153;29/09/2001;4;9;10;11;12;28;36;39;43;50;51;63;64;67;69;71;75;76;79;97;1;MG;"R$1.218.194,10";18;"R$26.311,35";230;"R$2.059,15";2212;"R$106,66";14334;"R$16,46";0;-;1;"R$835.828,91";"R$0,00";"R$0,00";"R$0,00";Estimativa prêmio próximo concurso: 20 acertos: R$ 500 MIL - Zero acerto: R$ 200 MIL. Ganhador de Zero acerto: Belo Horizonte/MG.
154;03/10/2001;4;6;12;28;30;43;44;45;49;51;55;62;65;66;73;79;81;88;92;98;0;;"R$0,00";11;"R$30.716,66";215;"R$1.571,55";2046;"R$82,26";12158;"R$13,85";0;-;0;"R$0,00";"R$506.824,88";"R$0,00";"R$0,00";"Estimativa prêmio próximo concurso: (20 ACERTOS) R$1.300.000,00 - (0 ACERTO) R$400.000,00"
155;06/10/2001;1;5;15;17;18;24;26;27;29;32;33;34;37;38;42;47;50;70;72;93;3;"BA; MG; RJ";"R$413.601,32";64;"R$7.645,61";858;"R$568,14";49178;"R$7,08";28329;"R$8,61";0;-;2;"R$206.800,68";"R$0,00";"R$0,00";"R$0,00";"GANHADORES COM ZERO ACERTO DE RJ. Estimativa prêmio próximo concurso: (VINTE ACERTOS) R$500.000,00 - (ZERO ACERTO) R$170.000,00."
156;10/10/2001;1;10;19;20;24;32;38;40;42;48;50;59;66;68;77;82;85;91;95;98;0;;"R$0,00";16;"R$21.656,45";289;"R$1.198,97";2462;"R$70,11";14063;"R$12,28";0;-;0;"R$0,00";"R$519.754,76";"R$0,00";"R$0,00";"Estimativa prêmio próximo concurso: 20 acertos: R$ 1.200.000,00 - Zero acerto: R$ 400.000,00."
157;13/10/2001;4;8;16;17;23;30;38;44;51;54;57;59;62;63;66;81;84;86;88;90;2;"MG; PA";"R$568.932,24";19;"R$21.688,06";294;"R$1.401,61";2564;"R$80,06";14677;"R$13,99";0;-;1;"R$379.288,21";"R$0,00";"R$0,00";"R$0,00";"01 ganhador de Santarém/PA com ZERO acerto.Estimativa prêmio próximo concurso (20 acertos): R$ 550.000,00 - (ZERO acerto): R$ 200.000,00."
158;17/10/2001;6;13;24;31;36;51;52;53;54;55;56;62;63;66;70;72;86;89;93;98;1;BA;"R$501.037,38";8;"R$41.753,11";148;"R$2.256,92";1450;"R$114,75";9463;"R$17,59";0;-;0;"R$0,00";"R$0,00";"R$0,00";"R$0,00";Estimativa prêmio próximo concurso: 20 acertos: R$ 700 MIL - Zero acerto: R$ 400 MIL.
159;20/10/2001;5;8;11;14;29;35;45;48;53;55;61;65;67;68;73;74;75;79;86;96;0;;"R$0,00";17;"R$26.081,93";334;"R$1.327,53";2842;"R$77,72";16867;"R$13,10";0;-;0;"R$0,00";"R$665.089,32";"R$0,00";"R$0,00";"Estimativa prêmio próximo concurso: (20 ACERTOS) R$1.300.000,00 - (ZERO ACERTO) R$600.000,00."
160;24/10/2001;0;1;23;25;26;29;33;37;38;42;48;56;62;65;66;68;83;89;92;94;2;"BA; RJ";"R$600.258,52";17;"R$20.997,17";347;"R$1.028,68";2592;"R$68,60";15275;"R$11,65";0;-;1;"R$567.184,84";"R$0,00";"R$0,00";"R$0,00";"Estimativa de prêmio próximo concurso (20 acertos): R$ 650.000,00 - (zero acerto): R$ 200.000,00. Ganhador com zero acerto: Rio de Janeiro/RJ."
161;27/10/2001;2;4;11;13;16;32;33;43;50;55;58;60;61;69;73;80;82;83;92;98;0;;"R$0,00";12;"R$35.345,40";234;"R$1.812,58";2034;"R$103,87";12779;"R$16,53";0;-;0;"R$0,00";"R$636.217,20";"R$0,00";"R$0,00";"Estimativa de premio próximo concurso (20 acertos): R$ 1.200.000,00 - (zero acerto): R$ 400.000,00."
162;31/10/2001;1;8;12;18;25;27;29;41;49;61;62;70;74;80;81;83;86;91;95;98;3;"BA; MG; SP";"R$393.106,25";11;"R$32.915,24";189;"R$1.915,70";1662;"R$108,51";9889;"R$18,25";0;-;2;"R$196.553,14";"R$0,00";"R$0,00";"R$0,00";"Estimativa de prêmio próximo concurso: (20 acertos) R$ 500.000,00 - (ZERO acerto) R$ 200.000,00."
163;03/11/2001;6;9;11;13;15;18;19;26;30;33;47;52;53;59;69;78;81;83;85;96;1;RJ;"R$559.669,60";25;"R$14.924,52";319;"R$1.169,63";2629;"R$70,70";15201;"R$12,24";0;-;0;"R$0,00";"R$0,00";"R$0,00";"R$0,00";Estimativa prêmio próximo concurso: (20 acertos)600 MIL - (ZERO acerto) R$ 400 MIL.
164;07/11/2001;12;15;24;40;45;47;49;54;55;59;63;64;69;73;77;80;81;84;87;96;0;;"R$0,00";14;"R$24.369,17";219;"R$1.557,85";1953;"R$87,01";11346;"R$14,98";0;-;0;"R$0,00";"R$511.752,59";"R$0,00";"R$0,00";"Estimativa prêmio próximo concurso: (20 ACERTOS) R$ 1.200.000,00 - (0 ACERTO) R$  600.000,00."
165;10/11/2001;1;9;14;15;29;39;41;43;45;46;49;60;61;65;67;71;76;82;89;92;0;;"R$0,00";8;"R$57.781,75";278;"R$1.662,78";2608;"R$88,29";15339;"R$15,02";0;-;1;"R$588.267,78";"R$1.205.133,60";"R$0,00";"R$0,00";"Estimativa de prêmio para o próximo concurso: (20 ACERTOS) R$ 1.900.000,00 - (0 ACERTO) R$ 200.000,00. Ganhador da faixa (0 ACERTO) Tangará da Serra/MT."
166;14/11/2001;12;15;17;21;22;24;30;31;34;38;62;70;72;76;77;81;87;89;92;94;1;SP;"R$1.797.974,16";11;"R$35.929,73";186;"R$2.124,88";1799;"R$109,44";10861;"R$18,14";0;-;0;"R$0,00";"R$0,00";"R$0,00";"R$0,00";"Estimativa prêmio próximo concurso: faixa 20 acertos: R$600.000,00 e  faixa 0 acerto: R$400.000,00"
167;17/11/2001;1;17;23;29;30;35;36;43;51;52;57;59;63;65;76;82;86;95;96;99;0;;"R$0,00";12;"R$31.865,36";167;"R$2.289,73";1748;"R$108,97";10636;"R$17,91";0;-;1;"R$388.805,68";"R$573.576,40";"R$0,00";"R$0,00";"GANHADOR DA FAIXA DE 0 ACERTO É DE: SP. Estimativa prêmio próximo concurso: 20 acertos-R$1.200.000,00 e 0 acerto-R$200.000,00."
168;21/11/2001;0;1;13;14;15;19;20;23;25;27;40;46;53;55;57;69;77;79;83;89;0;;"R$0,00";22;"R$16.120,35";357;"R$993,41";2941;"R$60,08";16147;"R$10,94";0;-;1;"R$177.323,91";"R$1.105.548,05";"R$0,00";"R$0,00";"Estimativa de prêmio próximo concurso (VINTE acertos): R$ 1.800.000,00 - (ZERO acerto: R$ 200.000,00. 01 ganhador com ZERO acerto de Conselheiro Lafaiete/MG."
169;24/11/2001;4;11;23;24;25;39;42;43;53;54;55;59;65;68;75;78;91;94;95;96;1;MG;"R$1.794.750,12";12;"R$38.289,00";220;"R$2.088,49";2113;"R$108,32";13134;"R$17,43";0;-;0;"R$0,00";"R$0,00";"R$0,00";"R$0,00";"Estimativa prêmio próximo concurso: faixa 20 acertos-R$600.000,00  e  faixa 0 acerto-R$400.000,00"
170;28/11/2001;0;13;14;22;27;29;34;36;47;53;56;61;65;66;69;73;77;89;97;98;0;;"R$0,00";17;"R$18.447,94";226;"R$1.387,68";2114;"R$73,90";12204;"R$12,81";0;-;1;"R$386.541,54";"R$470.422,48";"R$0,00";"R$0,00";"Estimativa prêmios próximo concurso: (20 ACERTOS) R$1.100.000,00 - (0 ACERTO) R$200.000,00. Ganhador (0 ACERTO) é de MS."
171;01/12/2001;4;6;10;12;14;35;41;48;51;57;60;62;69;71;76;81;84;86;91;92;0;;"R$0,00";23;"R$18.629,03";252;"R$1.700,27";2385;"R$89,49";14176;"R$15,06";0;-;1;"R$214.233,78";"R$1.113.123,81";"R$0,00";"R$0,00";"Estimativa prêmio próximo concurso: 20 acertos: R$1.800.000,00 - Zero acerto: R$ 200.000,00. Ganhador de Zero acerto: Brumado/BA."
172;05/12/2001;12;13;14;19;26;30;34;35;38;46;52;53;55;56;57;67;71;73;91;95;0;;"R$0,00";26;"R$15.252,54";364;"R$1.089,47";3225;"R$61,26";28360;"R$9,95";0;-;1;"R$198.283,03";"R$1.707.972,82";"R$0,00";"R$0,00";"Estimativa de prêmio próximo concurso (20 ACERTOS) R$2.300.000,00 - (ZERO ACERTO) R$200.000,00. Ganhador (ZERO ACERTO) é de São Paulo/SP."
173;08/12/2001;1;3;4;6;11;15;21;22;28;32;43;44;47;51;52;57;63;73;84;88;1;SP;"R$2.471.773,20";23;"R$22.139,14";351;"R$1.450,71";3213;"R$78,94";19403;"R$13,08";0;-;2;"R$127.300,08";"R$0,00";"R$0,00";"R$0,00";"Estimativa de prèmios próximo concurso (20 ACERTOS): 550.000,00 (ZER0 ACERTO): R$ 200.000,00. 02 ganhadores com ZERO ACERTO: Campo Grande/MS (01) Diadema/SP (01)."
174;12/12/2001;0;5;11;12;17;23;26;31;33;35;41;58;63;68;69;72;76;83;91;92;0;;"R$0,00";12;"R$29.405,70";211;"R$1.672,36";1887;"R$93,15";11320;"R$15,54";0;-;0;"R$0,00";"R$529.302,54";"R$0,00";"R$0,00";"Estimativa de prêmio próximo concurso: (20 ACERTOS) R$1.200.000,00 - (ZERO ACERTO) R$400.000,00."
175;15/12/2001;2;19;25;29;39;43;45;51;56;57;63;64;75;77;82;83;84;91;92;98;1;MG;"R$1.239.618,50";24;"R$19.731,00";279;"R$1.697,29";2471;"R$95,46";15848;"R$14,89";0;-;0;"R$0,00";"R$0,00";"R$0,00";"R$0,00";"Estimativa de prêmio próximo concurso: (20 ACERTOS) R$500.000,00 - (ZERO ACERTO) R$600.000,00."
176;19/12/2001;0;5;9;15;21;30;31;41;47;49;50;53;55;65;72;75;76;82;89;91;0;;"R$0,00";16;"R$22.086,64";233;"R$1.516,68";2608;"R$67,50";12969;"R$13,58";0;-;0;"R$0,00";"R$530.079,32";"R$0,00";"R$0,00";"Estimativa de prêmio próximo concurso: (20 ACERTOS) R$1.300.000,00 - (ZERO ACERTO) R$800.000,00."
177;22/12/2001;1;3;5;16;19;22;29;33;34;39;42;43;54;71;77;80;83;88;89;98;1;RS;"R$1.248.304,64";14;"R$34.201,21";279;"R$1.716,19";2335;"R$102,15";14956;"R$15,95";0;-;0;"R$0,00";"R$0,00";"R$0,00";"R$0,00";Estimativa prêmio próximo concurso: 20 acertos: R$ 700 mil - zero acerto: R$ 1 milhão.
178;29/12/2001;0;4;11;12;17;18;27;33;37;39;42;44;48;51;59;85;91;94;97;98;0;;"R$0,00";25;"R$22.431,44";422;"R$1.328,88";3809;"R$73,35";22488;"R$12,43";0;-;0;"R$0,00";"R$841.179,01";"R$0,00";"R$0,00";"Estimativa de prêmio próximo concurso: (20 ACERTOS) R$1.700.000,00 - (ZERO ACERTO) R$1.400.000,00."
179;05/01/2002;2;11;23;25;30;33;35;38;39;48;50;52;58;61;64;65;73;83;84;99;0;;"R$0,00";33;"R$17.285,01";330;"R$1.728,50";3069;"R$92,58";19232;"R$14,78";0;-;0;"R$0,00";"R$1.696.787,01";"R$0,00";"R$0,00";"Estimativa de prêmio próximo concurso: (20 ACERTOS) R$2.400.000,00 - (ZERO ACERTO) R$1.600.000,00."
180;09/01/2002;1;7;16;24;33;34;40;45;48;51;54;55;56;64;71;72;74;76;77;95;2;"BA; MA";"R$1.135.912,08";9;"R$42.595,35";182;"R$2.106,37";1959;"R$97,47";12679;"R$15,07";0;-;0;"R$0,00";"R$0,00";"R$0,00";"R$0,00";"Estimativa de prêmio próximo concurso: (20 ACERTOS) R$800.000,00 - (ZERO ACERTO) R$1.900.000,00."
181;12/01/2002;2;6;17;19;24;25;26;28;37;41;49;50;63;71;72;78;82;93;95;97;0;;"R$0,00";15;"R$31.759,21";248;"R$1.920,92";2231;"R$106,37";13797;"R$17,21";0;-;0;"R$0,00";"R$714.582,26";"R$0,00";"R$0,00";"Estimativa de prêmios próximo concurso (20 ACERTOS): R$ 1.400.000,00 (ZERO ACERTO): R$ 2.000.000,00."
182;16/01/2002;0;1;8;10;12;18;25;26;30;35;44;55;61;62;65;67;69;84;85;93;0;;"R$0,00";19;"R$21.519,92";269;"R$1.520,00";2503;"R$81,37";14680;"R$13,88";0;-;0;"R$0,00";"R$1.327.900,08";"R$0,00";"R$0,00";"Estimativa de prêmios próximo concurso: (20 ACERTOS) R$2.200.000,00 - (ZERO ACERTO) R$2.300.000,00."
183;19/01/2002;9;14;24;28;33;40;41;42;48;54;59;62;64;65;73;74;79;84;96;97;0;;"R$0,00";18;"R$28.555,57";278;"R$1.848,92";2622;"R$97,65";15962;"R$16,04";0;-;0;"R$0,00";"R$2.098.900,53";"R$0,00";"R$0,00";"Estimativa de prêmios próximo concurso: (20 ACERTOS) R$2.800.000,00 - (ZERO ACERTO) R$2.500.000,00."
184;23/01/2002;0;4;16;19;21;24;27;29;31;45;50;58;72;86;88;92;93;94;95;96;0;;"R$0,00";12;"R$36.639,15";163;"R$2.697,36";1628;"R$134,52";10507;"R$20,85";0;-;0;"R$0,00";"R$2.758.405,26";"R$0,00";"R$0,00";"Estimativa de prêmios próximo concurso: (20 ACERTOS) R$3.800.000,00 - (ZERO ACERTO) R$2.800.000,00."
185;26/01/2002;19;21;27;31;37;40;47;48;51;56;58;60;66;72;73;78;81;83;94;98;0;;"R$0,00";22;"R$23.945,06";312;"R$1.688,43";2560;"R$102,50";15921;"R$16,49";0;-;1;"R$2.769.446,72";"R$3.548.592,22";"R$0,00";"R$0,00";"Estimativa de prêmios próximo concurso: (20 ACERTOS) R$4.300.000,00 - (ZERO ACERTO) R$200.000,00. Ganhador da faixa (ZERO ACERTO) é de Poções/BA."
186;30/01/2002;4;5;11;17;21;23;24;25;27;38;40;62;64;68;69;88;90;94;96;97;0;;"R$0,00";16;"R$27.923,30";179;"R$2.495,94";1810;"R$122,96";11824;"R$18,82";0;-;1;"R$223.386,41";"R$4.218.751,42";"R$0,00";"R$0,00";"Estimativa de prêmios próximo concurso: (20 ACERTOS) R$5.000.000,00 - (ZERO ACERTO) R$300.000,00. Ganhador da faixa (ZERO ACERTO) é de Santarém/PA."
187;02/02/2002;3;7;12;20;23;27;28;31;36;42;44;55;58;76;79;80;83;84;88;93;0;;"R$0,00";23;"R$24.481,52";328;"R$1.716,69";4923;"R$56,98";17146;"R$16,36";0;-;0;"R$0,00";"R$5.063.363,76";"R$0,00";"R$0,00";"Estimativa de prêmios próximo concurso: (20 ACERTOS) R$6.000.000,00 - (ZERO ACERTO) R$500.000,00."
188;06/02/2002;0;1;21;25;26;30;33;39;47;54;57;62;64;71;78;86;90;92;94;95;3;"BA; SC";"R$1.968.435,47";28;"R$20.046,25";357;"R$1.572,25";3115;"R$89,75";18245;"R$15,33";0;-;1;"R$562.185,03";"R$0,00";"R$0,00";"R$0,00";"Estimativa de prêmios próximo concurso: (20 ACERTOS) R$600.000,00 - (ZERO ACERTO) R$200.000,00. Ganhador da faixa ZERO ACERTO é de Manaus/AM."
189;09/02/2002;20;21;29;31;32;34;35;37;46;47;48;49;51;52;74;77;79;81;83;86;1;RS;"R$657.387,86";13;"R$33.712,19";322;"R$1.361,05";2732;"R$79,91";14406;"R$15,16";0;-;0;"R$0,00";"R$0,00";"R$0,00";"R$0,00";"Estimativa de prêmios próximo concurso (20 acertos): R$ 650.000,00 (ZERO acerto): R$ 450.000,00."
190;16/02/2002;0;1;16;17;22;23;25;29;30;42;46;49;51;53;81;83;84;87;88;90;3;"AM; PE; SP";"R$253.268,22";25;"R$20.261,46";395;"R$1.282,37";2712;"R$93,04";15710;"R$16,07";0;-;1;"R$472.397,51";"R$0,00";"R$0,00";"R$0,00";"Estimativa de prêmios próximo concurso: (20 ACERTOS) R$600.000,00 - (ZERO ACERTO) R$200.000,00. Ganhador da faixa (zero acerto) é de Brasília/DF."
191;20/02/2002;2;6;7;9;13;14;18;25;27;36;47;50;53;68;69;75;79;80;88;90;1;PE;"R$515.468,68";13;"R$26.434,29";222;"R$1.547,96";2009;"R$85,21";10581;"R$16,18";0;-;0;"R$0,00";"R$0,00";"R$0,00";"R$0,00";"Estimativa de prêmios próximo concurso: (20 ACERTOS) R$650.000,00 - (ZERO ACERTO) R$400.000,00."
192;23/02/2002;5;6;10;17;23;34;35;44;53;54;56;61;65;68;69;75;77;80;86;88;0;;"R$0,00";12;"R$35.756,27";206;"R$2.082,89";2286;"R$93,50";14448;"R$14,80";0;-;0;"R$0,00";"R$643.612,88";"R$0,00";"R$0,00";"Estimativa de prêmios próximo concurso: (20 ACERTOS) R$1.300.000,00 - (ZERO ACERTO) R$600.000,00."
193;27/02/2002;6;11;13;15;20;22;24;28;44;49;54;59;61;66;70;74;86;95;96;97;0;;"R$0,00";18;"R$20.363,16";236;"R$1.553,12";1978;"R$92,31";11587;"R$15,76";0;-;2;"R$284.814,51";"R$1.193.418,18";"R$0,00";"R$0,00";"Estimativa de prêmios próximo concurso: (20 ACERTOS) R$2.000.000,00 - (ZERO ACERTO) R$250.000,00. Os ganhadores da faixa (zero acerto) são de SP e PR."
194;02/03/2002;9;13;18;22;28;33;34;37;41;46;48;62;63;65;72;76;77;85;87;93;0;;"R$0,00";36;"R$13.116,37";430;"R$1.098,12";3617;"R$65,03";19603;"R$12,00";0;-;1;"R$236.094,54";"R$1.901.701,75";"R$0,00";"R$0,00";"Estimativa de prêmios próximo concurso: (20 ACERTOS) R$2.500.000,00 - (ZERO ACERTO) R$200.000,00. Ganhador da faixa (zero acerto) é do DF."
195;06/03/2002;4;8;12;14;16;25;28;36;42;45;48;49;51;52;53;54;61;66;81;92;1;RJ;"R$2.519.374,52";14;"R$29.412,99";359;"R$1.147,02";3028;"R$67,75";18890;"R$10,86";0;-;1;"R$205.890,95";"R$0,00";"R$0,00";"R$0,00";"Estimativa de prêmios próximo concurso: (20 ACERTOS) R$600.000,00 - (ZERO ACERTO) R$200.000,00. Ganhador da Faixa ZERO ACERTO é de MG."
196;09/03/2002;3;4;12;14;16;17;19;23;33;34;35;38;48;51;58;66;78;84;93;97;0;;"R$0,00";23;"R$18.981,13";407;"R$1.072,64";3383;"R$64,28";20086;"R$10,83";0;-;1;"R$218.283,03";"R$654.848,98";"R$0,00";"R$0,00";"Estimativa de prêmios próximo concurso - (20 ACERTOS): R$1.200.000,00 - (ZERO ACERTO): R$200.000,00. O ganhador da faixa de ZERO ACERTO é de SINOP/MT."
197;13/03/2002;8;11;12;13;14;24;26;36;37;38;42;52;54;57;58;61;90;91;92;99;0;;"R$0,00";12;"R$31.251,45";152;"R$2.467,22";1586;"R$117,79";10190;"R$18,34";0;-;0;"R$0,00";"R$1.217.375,08";"R$0,00";"R$0,00";"Estimativa de prêmios próximo concurso: (20 acertos) R$2.000.000,00 (ZERO acerto)R$450.000,00."
198;16/03/2002;1;7;12;14;16;25;33;55;57;59;64;65;66;68;76;77;78;85;92;93;0;;"R$0,00";19;"R$25.418,43";394;"R$1.225,76";3641;"R$66,07";20860;"R$11,54";0;-;0;"R$0,00";"R$1.941.800,28";"R$0,00";"R$0,00";"Estimativa prêmio próximo concurso: (20 acertos): R$2.700.000,00 - Zero acerto: R$ 700.000,00."
199;20/03/2002;1;8;10;16;19;25;31;34;37;38;43;47;68;70;80;83;85;89;91;99;0;;"R$0,00";15;"R$28.324,17";256;"R$1.659,62";2216;"R$95,50";12700;"R$16,67";0;-;0;"R$0,00";"R$2.579.094,21";"R$0,00";"R$0,00";"Estimativa de prêmios próximo concurso: (20 ACERTOS) R$3.500.000,00 - (ZERO ACERTO) R$1.000.000,00."
200;23/03/2002;12;20;23;27;29;32;33;35;38;56;58;66;74;76;79;82;84;90;93;97;3;"GO; MG";"R$1.128.093,60";29;"R$18.510,03";526;"R$1.020,51";4208;"R$63,54";22712;"R$11,78";0;-;1;"R$909.810,65";"R$0,00";"R$0,00";"R$0,00";"Estimativa de prêmios próximo concurso: (20 ACERTOS) R$600.000,00 - (ZERO ACERTO) R$200.000,00. Ganhador da faixa (ZERO ACERTO) é de SP."
201;27/03/2002;1;4;15;16;19;38;40;48;59;61;62;64;74;75;82;83;87;88;89;96;0;;"R$0,00";9;"R$36.559,10";107;"R$3.075,06";1062;"R$154,33";7167;"R$22,88";0;-;0;"R$0,00";"R$493.547,88";"R$0,00";"R$0,00";"Estimativa de prêmios próximo concurso: (20 ACERTOS) R$1.200.000,00 - (ZERO ACERTO) R$400.000,00."
202;30/03/2002;5;7;9;11;15;26;39;45;56;60;61;62;64;70;73;80;81;82;85;96;1;SP;"R$1.017.320,74";8;"R$43.647,74";195;"R$1.790,67";1650;"R$105,42";10176;"R$17,10";0;-;1;"R$339.106,95";"R$0,00";"R$0,00";"R$0,00";"Estimativa de prêmios próximo concurso: (20 ACERTOS) R$550.000,00 - (ZERO ACERTO) R$200.000,00. Ganhador da faixa (zero acerto) é de SP."
203;03/04/2002;1;14;22;29;31;34;37;39;40;67;68;71;72;74;83;84;88;90;91;99;0;;"R$0,00";15;"R$22.081,84";167;"R$1.983,40";1482;"R$111,33";9127;"R$18,09";0;-;2;"R$82.806,89";"R$496.841,34";"R$0,00";"R$0,00";"Estimativa de prêmios próximo concurso: (20 ACERTOS) R$1.200.000,00 - (ZERO ACERTO) R$250.000,00. Os ganhadores da ""faixa zero acerto"" são de SP."
204;06/04/2002;6;16;17;27;30;38;40;44;45;46;49;50;55;59;62;67;70;88;89;96;2;"PE; RJ";"R$591.169,76";13;"R$35.153,75";179;"R$2.553,07";1848;"R$123,19";15453;"R$14,74";0;-;1;"R$228.499,42";"R$0,00";"R$0,00";"R$0,00";"Estimativa de prêmios próximo concurso: (20 ACERTOS) R$600.000,00 - (ZERO ACERTO) R$200.000,00. Ganhador da faixa (zero acerto) é de PE."
205;10/04/2002;9;10;28;33;41;44;47;48;49;57;64;71;74;75;76;80;81;85;86;99;0;;"R$0,00";5;"R$68.109,75";137;"R$2.485,76";1225;"R$138,48";8131;"R$20,87";0;-;0;"R$0,00";"R$510.823,10";"R$0,00";"R$0,00";"Estimativa de prêmios próximo concurso: (20 ACERTOS) R$1.100.000,00 - (ZERO ACERTO) R$400.000,00."
206;13/04/2002;5;6;11;17;23;25;32;37;41;44;49;58;59;62;65;67;76;80;89;99;0;;"R$0,00";26;"R$17.479,79";281;"R$1.617,35";2555;"R$88,61";15210;"R$14,89";0;-;1;"R$397.511,60";"R$1.192.534,74";"R$0,00";"R$0,00";"Estimativa de prêmios próximo concurso: (20 ACERTOS) R$1.900.000,00 - (ZERO ACERTO) R$250.000,00. Ganhador da faixa (zero acerto) é de MG."
207;17/04/2002;5;10;11;14;17;28;32;33;38;39;46;64;65;70;71;74;77;80;81;90;0;;"R$0,00";34;"R$11.179,40";500;"R$757,32";4117;"R$45,99";16111;"R$11,76";0;-;3;"R$63.349,93";"R$1.762.684,00";"R$0,00";"R$0,00";"Estimativa de prêmios próximo concurso (20 ACERTOS): R$2.500.000,00 (ZERO ACERTO): 250.000,00.Os ganhadores do prêmio ZERO ACERTO são de: Ituverava/SP - Campo Grande/MS - Glória de Dourados/MS."
208;20/04/2002;3;7;8;11;17;29;31;37;43;44;59;60;66;68;69;77;87;90;95;96;1;SE;"R$2.498.091,47";12;"R$40.855,97";178;"R$2.754,34";1913;"R$127,67";11554;"R$21,13";0;-;0;"R$0,00";"R$0,00";"R$0,00";"R$0,00";"Estimativa de prêmios próximo concurso: (20 ACERTOS) R$550.000,00 - (ZERO ACERTO) R$400.000,00. O ganhador de (20 acertos) é de Aracaju/SE."
209;24/04/2002;3;4;8;13;32;38;39;41;50;53;55;57;64;76;77;85;88;90;94;97;0;;"R$0,00";12;"R$27.249,89";255;"R$1.282,35";1733;"R$93,99";9954;"R$16,37";0;-;0;"R$0,00";"R$490.498,09";"R$0,00";"R$0,00";"Esimativa de prêmios próximo concurso: (20 ACERTOS) R$1.100.000,00 - (ZERO ACERTO) R$600.000,00."
210;27/04/2002;6;7;14;20;35;40;41;47;49;57;60;66;70;76;77;79;83;84;86;98;0;;"R$0,00";14;"R$30.637,46";169;"R$2.538,02";1701;"R$125,61";10758;"R$19,86";0;-;1;"R$623.097,49";"R$0,00";"R$0,00";"R$0,00";"Estimativa prêmio próximo concurso (20 acertos) R$2.000.000,00 e (ZERO acerto):R$300.000,00. O ganhador com ZERO ACERTO é de SÃO PAULO/SP."
211;04/05/2002;3;9;13;15;20;26;32;38;41;44;46;47;50;59;60;61;64;70;87;97;1;BA;"R$1.965.176,83";21;"R$26.390,22";352;"R$1.574,42";2946;"R$93,71";18683;"R$14,78";0;-;1;"R$277.097,35";"R$0,00";"R$0,00";"R$0,00";"Estimativa de prêmios próximo concurso (20 ACERTOS): R$550.000,00 - (ZERO ACERTO): R$200.000,00. O ganhador com 20 ACERTOS é de Salvador/BA e com ZERO ACERTO é de São Sebastião da Amoreira/PR."
212;08/05/2002;3;6;8;9;12;15;22;27;37;40;43;44;46;47;54;61;80;89;96;99;0;;"R$0,00";8;"R$41.426,89";135;"R$2.454,93";1406;"R$117,42";9044;"R$18,26";0;-;1;"R$165.707,56";"R$497.122,63";"R$0,00";"R$0,00";"Estimativa de prêmios próximo concurso (20 acertos): R$1.200.000,00 - (zero acerto): R$ 250.000,00. O ganhador com zero acerto é de Xambre/PR."
213;11/05/2002;1;5;15;17;22;23;28;31;41;44;47;54;55;56;57;67;71;72;78;82;2;"MG; RS";"R$582.057,97";17;"R$26.156,60";308;"R$1.443,71";2892;"R$76,59";16158;"R$13,71";0;-;2;"R$111.165,56";"R$0,00";"R$0,00";"R$0,00";"Estimativa de prêmios próximo concurso: (20 ACERTOS) R$550.000,00 - (ZERO ACERTO) R$200.000,00. Os ganhadores da faixa 20 acertos são de Aracuaí/MG e Porto Alegre/RS. Os ganhadores da faixa zero acerto são de Aracuaí/MG e Canoas/RS."
214;15/05/2002;1;5;8;9;14;16;23;28;47;50;54;56;65;66;70;74;75;90;96;99;2;"BA; MA";"R$243.032,05";13;"R$24.926,37";232;"R$1.396,74";2107;"R$76,61";11867;"R$13,60";0;-;0;"R$0,00";"R$0,00";"R$0,00";"R$0,00";"Estimativa de prêmios próximo concurso: (20 ACERTOS) R$650.000,00 - (ZERO ACERTO): R$380.000,00. Os ganhadores da faixa 20 acertos são de Salvador/BA e São Luiz/MA"
215;18/05/2002;8;14;20;31;39;42;43;54;55;56;62;64;65;67;69;73;74;85;92;98;0;;"R$0,00";10;"R$40.835,20";249;"R$1.639,97";2328;"R$87,38";14089;"R$14,44";0;-;1;"R$366.197,42";"R$612.528,02";"R$0,00";"R$0,00";"Estimativa prêmio próximo concurso: 20 acertos: R$ 1.200.000,00 - Zero acerto: R$ 200.000,00. Ganhador da faixa zero acerto é  de Londrina/PR."
216;22/05/2002;2;6;9;13;14;22;28;33;36;42;44;47;52;53;61;62;64;77;82;99;0;;"R$0,00";39;"R$9.052,14";452;"R$778,09";3647;"R$48,22";19524;"R$9,01";0;-;0;"R$0,00";"R$1.142.078,20";"R$0,00";"R$0,00";"Estimativa de prêmios próximo concurso: (20 ACERTOS) R$1.800.000,00 - (ZERO ACERTO): R$400.000,00."
217;25/05/2002;9;12;18;21;22;35;43;46;52;59;60;72;74;75;76;77;82;95;96;99;0;;"R$0,00";10;"R$44.992,59";176;"R$2.556,40";1868;"R$119,98";11274;"R$19,88";0;-;1;"R$401.479,70";"R$1.816.967,01";"R$0,00";"R$0,00";"Estimativa de prêmios próximo concurso: (20 ACERTOS) R$2.500.000,00 - (ZERO ACERTO) R$200.000,00. O ganhador da faixa ZERO ACERTO é de Campo Largo/PR."
218;29/05/2002;5;12;15;25;34;43;45;48;54;60;61;65;68;70;72;78;79;80;87;95;0;;"R$0,00";11;"R$36.720,35";245;"R$1.648,67";2300;"R$87,48";13739;"R$14,65";0;-;2;"R$100.980,95";"R$2.422.852,64";"R$0,00";"R$0,00";"Estimativa de prêmios próximo concurso: (20 ACERTOS) R$3.200.000,00 - (ZERO ACERTO) R$250.000,00. Os ganhadores da faixa zero acerto são de Recife/PE e São Paulo/SP."
219;01/06/2002;5;7;18;21;23;27;32;33;39;42;58;65;72;75;76;77;78;83;91;94;0;;"R$0,00";18;"R$25.747,54";276;"R$1.679,19";2593;"R$89,04";15919;"R$14,51";0;-;0;"R$0,00";"R$3.118.036,05";"R$0,00";"R$0,00";"Estimativa de prêmios próximo concurso: (20 ACERTOS) R$4.000.000,00 - (ZERO ACERTO) R$500.000,00."
220;05/06/2002;8;12;16;23;24;26;27;30;36;45;48;49;56;62;69;72;73;74;81;87;1;BA;"R$3.867.132,62";16;"R$31.212,36";294;"R$1.698,63";2770;"R$89,80";17554;"R$14,18";0;-;1;"R$481.426,66";"R$0,00";"R$0,00";"R$0,00";"Estimativa de prêmios próximo concurso: (20 ACERTOS) R$550.000,00 - (ZERO ACERTO) R$200.000,00. O ganhador das faixas 20 acertos e zero acerto é de Salvador/BA."
221;08/06/2002;10;24;25;28;34;37;41;44;45;46;48;49;51;55;66;78;84;91;94;98;0;;"R$0,00";30;"R$13.343,73";525;"R$759,61";3963;"R$50,32";21541;"R$9,26";0;-;0;"R$0,00";"R$600.467,71";"R$0,00";"R$0,00";"ESTIMATIVA DE PRÊMIOS PRÓXIMO CONCURSO - (20 ACERTOS): R$1.200.000,00 - (ZERO ACERTO): 400.000,00."
222;12/06/2002;4;10;11;24;32;33;34;38;43;50;53;62;65;75;79;89;92;96;97;99;0;;"R$0,00";16;"R$23.675,81";152;"R$2.492,19";1498;"R$125,96";9661;"R$19,53";0;-;0;"R$0,00";"R$1.168.687,10";"R$0,00";"R$0,00";"Estimativa de prêmios próximo concurso - (VINTE ACERTOS): R$1.800.000,00 - (ZERO ACERTO): R$600.000,00."
223;15/06/2002;5;6;16;17;25;26;32;39;43;48;52;58;72;75;83;92;94;95;97;99;2;MG;"R$932.645,52";26;"R$17.861,64";407;"R$1.141,04";3152;"R$73,40";17845;"R$12,97";0;-;5;"R$124.352,74";"R$0,00";"R$0,00";"R$0,00";"Estimativa de prêmios próximo concurso - (VINTE ACERTOS): R$600.000,00 - (ZERO ACERTO): R$200.000,00. Os ganhadores com VINTE ACERTOS são de PATOS DE MINAS/MG e RIO PARANAÍBA/MG."
224;19/06/2002;2;6;8;10;15;18;21;23;24;33;41;43;45;55;64;65;67;74;81;90;0;;"R$0,00";10;"R$31.502,96";217;"R$1.451,75";1945;"R$80,69";12239;"R$12,83";0;-;0;"R$0,00";"R$472.544,36";"R$0,00";"R$0,00";"Estimativa de prêmio próximo concurso - (VINTE ACERTOS): R$1.200.000,00 - (ZERO ACERTO): R$400.000,00."
225;22/06/2002;3;14;15;16;23;29;32;33;34;36;41;44;49;54;60;64;65;66;78;99;1;PR;"R$1.083.209,79";25;"R$16.284,41";338;"R$1.204,47";3145;"R$64,49";18440;"R$11,00";0;-;0;"R$0,00";"R$0,00";"R$0,00";"R$0,00";"Estimativa de prêmios próximo concurso (VINTE ACERTOS): R$500.000,00 - (ZERO ACERTO): R$500.000,00. O ganhador com VINTE ACERTOS é de ANTONINA/PR."
226;26/06/2002;5;12;14;16;20;23;24;25;28;29;32;33;42;46;49;52;64;68;87;92;1;SP;"R$435.432,58";27;"R$10.751,42";469;"R$616,60";3592;"R$40,26";19795;"R$10,44";0;-;1;"R$506.214,16";"R$0,00";"R$0,00";"R$0,00";"Estimativa de prêmios próximo concurso -  (20 ACERTOS): R$600.000,00 - (ZERO ACERTO):  R$200.000,00. O ganhador com 20 acertos é de Rio Claro/SP e com zero acerto é de Duque de Caxias/RJ."
227;29/06/2002;2;6;10;26;28;31;37;41;42;45;58;61;68;69;71;74;78;85;94;97;0;;"R$0,00";10;"R$39.122,48";170;"R$2.301,32";1580;"R$123,34";12210;"R$15,96";0;-;0;"R$0,00";"R$586.837,13";"R$0,00";"R$0,00";"Estimativa de prêmios próximo concurso - (VINTE ACERTOS): R$1.100.000,00 - (ZERO ACERTO): R$400.000,00."
228;03/07/2002;1;5;7;19;21;22;27;35;42;56;60;62;64;67;68;71;86;93;94;96;0;;"R$0,00";11;"R$31.537,64";168;"R$2.064,96";1669;"R$103,54";10111;"R$17,09";0;-;0;"R$0,00";"R$1.107.208,09";"R$0,00";"R$0,00";"Estimativa de prêmios próximo concurso: (20 ACERTOS) R$1.800.000,00 - (ZERO ACERTO) R$600.000,00."
229;06/07/2002;1;4;20;33;40;49;52;56;59;64;66;75;78;81;84;85;91;92;94;98;1;BA;"R$1.824.848,27";15;"R$31.895,12";220;"R$2.174,67";2048;"R$116,37";12231;"R$19,49";0;-;1;"R$608.282,80";"R$0,00";"R$0,00";"R$0,00";"Estimativa de prêmios próximo concurso: (20 ACERTOS) R$500.000,00 - (ZERO ACERTO) R$150.000,00. Os ganhadores das faixas (20 acertos) e (zero acerto) são de Salvador/BA."
230;10/07/2002;5;20;21;24;36;41;50;55;57;62;63;64;65;74;79;81;83;85;87;91;1;RJ;"R$481.029,62";12;"R$26.723,87";168;"R$1.908,85";1664;"R$96,00";10507;"R$15,21";0;-;0;"R$0,00";"R$0,00";"R$0,00";"R$0,00";"Estimativa de prêmios próximo concurso: (20 ACERTOS) R$550.000,00 - (ZERO ACERTO) R$350.000,00. O ganhador da faixa 20 acertos é do Rio de Janeiro/RJ."
231;13/07/2002;0;11;15;19;22;24;25;26;27;32;34;38;41;48;51;53;69;70;80;87;1;PA;"R$625.862,14";12;"R$34.770,12";256;"R$1.629,85";2269;"R$91,60";13474;"R$15,43";0;-;0;"R$0,00";"R$0,00";"R$0,00";"R$0,00";"Estimativa de prêmios próximo concurso: (20 ACERTOS) R$550.000,00 - (ZERO ACERTO) R$550.000,00. O ganhador da faixa 20 acertos é de Ananindeua/PA."
232;17/07/2002;1;4;7;10;12;17;20;22;23;33;41;49;53;59;63;68;69;73;87;99;0;;"R$0,00";18;"R$18.633,40";207;"R$1.620,29";1758;"R$95,03";10870;"R$15,38";0;-;0;"R$0,00";"R$503.101,57";"R$0,00";"R$0,00";"Estimativa de prêmios próximo concurso: (20 ACERTOS) R$1.300.000,00 - (ZERO ACERTO) R$800.000,00."
233;20/07/2002;12;25;33;34;35;36;40;45;47;56;57;64;70;72;78;79;94;97;98;99;0;;"R$0,00";13;"R$33.917,31";218;"R$2.022,59";1992;"R$110,25";13084;"R$16,79";0;-;0;"R$0,00";"R$1.164.489,03";"R$0,00";"R$0,00";"Estimativa de prêmios próximo concurso: (20 ACERTOS) R$1.900.000,00 - (ZERO ACERTO) R$1.000.000,00."
234;24/07/2002;5;6;12;13;15;43;44;47;54;61;66;67;73;78;85;87;90;91;92;96;0;;"R$0,00";10;"R$40.579,36";201;"R$2.018,87";1978;"R$102,20";12393;"R$16,31";0;-;0;"R$0,00";"R$1.773.179,48";"R$0,00";"R$0,00";"Estimativa de prêmios próximo concurso: (20 ACERTOS) R$2.600.000,00. - (ZERO ACERTO) R$1.200.000,00."
235;27/07/2002;13;15;16;19;34;35;40;45;47;50;67;70;77;78;82;83;87;92;95;96;0;;"R$0,00";19;"R$26.038,53";194;"R$2.550,17";2148;"R$114,73";13287;"R$18,55";0;-;0;"R$0,00";"R$2.515.277,66";"R$0,00";"R$0,00";"Estimativa de prêmios próximo concurso: (20 ACERTOS) R$3.200.000,00 - (ZERO ACERTO) R$1.500.000,00."
236;31/07/2002;4;7;11;12;16;19;20;22;30;33;36;47;48;49;60;63;68;78;81;91;0;;"R$0,00";20;"R$24.867,46";280;"R$1.776,25";2786;"R$88,93";16676;"R$14,86";0;-;0;"R$0,00";"R$3.261.301,52";"R$0,00";"R$0,00";"Estimativa de prêmios próximo concurso: (20 ACERTOS) R$4.200.000,00 - (ZERO ACERTO) R$1.800.000,00."
237;03/08/2002;3;6;12;13;14;17;19;20;26;32;44;45;50;51;58;62;83;84;92;93;0;;"R$0,00";21;"R$30.499,60";292;"R$2.193,47";3113;"R$102,49";19660;"R$16,23";0;-;0;"R$0,00";"R$4.222.038,87";"R$0,00";"R$0,00";Estimativa de prêmio para o próximo concurso (20 Acertos): R$ 5 MILHÕES - (Zero Acerto): R$ 2 MILHOES.
238;07/08/2002;4;5;13;15;20;22;24;30;35;48;64;67;69;75;83;84;87;90;91;95;0;;"R$0,00";33;"R$19.626,50";418;"R$1.549,46";3792;"R$85,08";23826;"R$13,54";0;-;1;"R$2.100.147,54";"R$5.193.550,42";"R$0,00";"R$0,00";"Estimativa de prêmios para o próximo concurso - (20 ACERTOS) R$6.100.000,00 - (ZERO ACERTO) R$300.000,00. O Ganhador na faixa ZERO ACERTO é de Carapicuíba/SP."
239;10/08/2002;9;20;26;32;36;37;42;48;52;54;55;58;70;74;84;85;90;97;98;99;0;;"R$0,00";23;"R$31.988,87";259;"R$2.840,71";2618;"R$139,99";17426;"R$21,03";0;-;0;"R$0,00";"R$6.297.166,40";"R$0,00";"R$0,00";"Estimativa de prêmios próximo concurso - (VINTE ACERTOS):R$7.200.000,00 - (ZERO ACERTO):R$700.000,00."
240;14/08/2002;4;11;29;38;39;44;46;48;49;51;60;71;72;73;76;77;84;87;88;89;2;"CE; RO";"R$3.703.925,13";17;"R$43.556,23";413;"R$1.792,87";3575;"R$103,17";22054;"R$16,73";0;-;1;"R$738.099,99";"R$0,00";"R$0,00";"R$0,00";"Estimativa de prêmios próximo concurso: (20 ACERTOS) R$600.000,00 - (ZERO ACERTO) R$200.000,00. O ganhador da faixa zero acerto é de SP."
241;17/08/2002;7;8;10;24;25;28;29;32;34;35;39;54;55;56;58;73;83;87;88;98;3;"DF; PA; SP";"R$237.611,16";21;"R$22.629,63";408;"R$1.164,76";2760;"R$85,77";16155;"R$14,66";0;-;0;"R$0,00";"R$0,00";"R$0,00";"R$0,00";"Estimativa de prêmios próximo concurso: (20 ACERTOS) R$560.000,00 - (ZERO ACERTO) R$400.000,00."
242;21/08/2002;1;4;6;9;13;22;23;27;29;33;35;45;50;53;55;65;70;76;87;97;0;;"R$0,00";21;"R$18.676,79";330;"R$1.188,52";2769;"R$70,56";15970;"R$12,24";0;-;0;"R$0,00";"R$588.318,85";"R$0,00";"R$0,00";"Estimativa de prêmios próximo concurso: (20 ACERTOS) R$1.300.000,00 - (ZERO ACERTO) R$600.000,00."
243;24/08/2002;12;14;27;32;42;49;50;52;61;66;68;72;76;77;78;86;90;92;94;96;1;BA;"R$1.324.761,27";28;"R$17.534,35";417;"R$1.177,37";3743;"R$65,35";33350;"R$10,48";0;-;0;"R$0,00";"R$0,00";"R$0,00";"R$0,00";"ESTIMATIVA DE PRÊMIO PARA O PRÓXIMO CONCURSO: (20 ACERTOS) R$ 550.000,00 - (ZERO ACERTO) R$ 850.000,00"
244;28/08/2002;0;8;15;16;24;32;37;41;43;48;49;54;55;60;70;82;87;91;95;98;0;;"R$0,00";16;"R$23.255,43";224;"R$1.661,10";1920;"R$96,54";11356;"R$16,32";0;-;1;"R$865.241,67";"R$558.130,11";"R$0,00";"R$0,00";"Estimativa de prêmios próximo concurso: (20 ACERTOS) R$1.300.000,00 - (ZERO ACERTO) R$250.000,00. O ganhador da faixa (zero acerto) é de SP."
245;31/08/2002;3;4;9;12;15;18;22;33;36;42;43;48;55;58;68;69;75;76;93;95;2;"MG; RJ";"R$632.053,42";33;"R$14.262,15";410;"R$1.147,93";3633;"R$64,54";19720;"R$11,89";0;-;0;"R$0,00";"R$0,00";"R$0,00";"R$0,00";"Estimativa de prêmio para o próximo concurso (20 ACERTOS): R$550.000,00 - (ZERO ACERTO): R$420.000,00."
246;04/09/2002;7;9;12;14;18;20;22;37;41;43;44;53;55;71;73;74;78;84;90;97;0;;"R$0,00";15;"R$24.928,05";189;"R$1.978,41";2105;"R$88,49";12674;"R$14,70";0;-;0;"R$0,00";"R$560.881,13";"R$0,00";"R$0,00";"Estimativa de prêmios próximo concurso: (20 ACERTOS) R$1.300.000,00 - (ZERO ACERTO) R$700.000,00."
247;07/09/2002;0;4;11;13;20;25;29;39;40;42;44;53;54;62;65;82;86;90;93;96;0;;"R$0,00";9;"R$41.369,42";197;"R$1.889,98";1683;"R$110,19";10345;"R$17,93";0;-;0;"R$0,00";"R$1.119.368,23";"R$0,00";"R$0,00";"Estimativa de prêmios próximo concurso: (20 ACERTOS) R$1.800.000,00 - (ZERO ACERTO) R$800.000,00."
248;11/09/2002;1;5;10;12;16;18;22;31;38;42;44;48;52;66;69;74;81;82;86;89;1;DF;"R$1.793.405,21";29;"R$15.495,11";383;"R$1.173,26";3120;"R$71,74";17104;"R$13,10";0;-;0;"R$0,00";"R$0,00";"R$0,00";"R$0,00";"Estimativa de prêmios próximo concurso: (20 ACERTOS) R$700.000,00 - (ZERO ACERTO) R$1.000.000,00."
249;14/09/2002;4;14;27;29;30;31;35;46;47;48;53;56;58;60;71;78;80;88;89;94;0;;"R$0,00";13;"R$35.927,81";249;"R$1.875,75";2026;"R$114,84";12342;"R$18,86";0;-;0;"R$0,00";"R$700.592,27";"R$0,00";"R$0,00";"Estimativa de prêmios próximo concurso: (20 ACERTOS) R$1.500.00,00 - (ZERO ACERTO) R$1.300.000,00."
250;18/09/2002;7;9;14;25;38;42;48;50;55;57;59;64;65;67;85;91;92;95;97;99;2;"AM; SP";"R$660.255,35";27;"R$15.306,63";369;"R$1.120,00";3010;"R$68,39";17641;"R$11,68";0;-;1;"R$1.273.297,62";"R$0,00";"R$0,00";"R$0,00";"Estimativa de prêmios para o próximo concurso ( 20 ACERTOS ): R$600.000,00 - (ZERO ACERTO): R$200.000,00. O ganhador da faixa ZERO ACERTO é de SP."
251;21/09/2002;0;14;15;25;26;30;32;43;47;49;53;62;65;66;69;72;76;85;94;98;1;PE;"R$637.623,96";12;"R$35.423,55";317;"R$1.340,95";2787;"R$75,98";16731;"R$12,66";0;-;1;"R$212.541,34";"R$0,00";"R$0,00";"R$0,00";"Estimativa de prêmios próximo concurso: (20 ACERTOS) R$600.000,00 - (ZERO ACERTO)  R$200.000,00. O ganhador da faixa ZERO ACERTO é de São Paulo."
252;25/09/2002;9;13;21;23;25;30;34;36;37;38;47;53;57;61;72;73;74;85;87;88;1;MG;"R$520.684,06";15;"R$23.141,51";188;"R$1.846,40";2050;"R$84,34";13039;"R$13,26";0;-;1;"R$173.561,36";"R$0,00";"R$0,00";"R$0,00";"Estimativa de prêmios próximo concurso: (20 ACERTOS): R$700.000,00 - (ZERO ACERTO): R$250.000,00. O ganhador da faixa (zero acerto) é de Brasília.DF."
253;28/09/2002;1;2;4;6;10;12;17;21;22;24;48;52;54;62;66;72;76;77;95;99;1;MA;"R$615.993,78";18;"R$22.814,59";341;"R$1.204,29";3081;"R$66,39";17792;"R$11,50";0;-;0;"R$0,00";"R$0,00";"R$0,00";"R$0,00";"Estimativa de prêmios próximo concurso - (20 ACERTOS): R$600.000,00 - (ZERO ACERTO): R$400.000,00."
254;02/10/2002;1;2;3;4;10;21;23;29;33;43;49;50;51;60;66;70;74;77;78;80;0;;"R$0,00";23;"R$15.317,95";283;"R$1.244,92";2489;"R$70,51";12916;"R$13,59";0;-;0;"R$0,00";"R$528.469,38";"R$0,00";"R$0,00";"Estimativa de prêmios próximo concurso: (20 ACERTOS) R$1.300.000,00 - (ZERO ACERTO) R$650.000,00."
255;05/10/2002;0;11;15;23;32;33;34;47;50;56;65;66;68;70;71;72;73;75;77;97;0;;"R$0,00";27;"R$16.789,54";330;"R$1.373,69";2763;"R$81,73";16635;"R$13,58";0;-;1;"R$608.146,53";"R$1.208.445,63";"R$0,00";"R$0,00";"Estimativa de prêmios próximo concurso: (20 ACERTOS) R$2.000.000,00 - (ZERO ACERTO) R$250.000,00. O ganhador da faixa (zero acerto) é do Rio de Janeiro/RJ."
256;09/10/2002;2;7;12;20;28;32;34;36;37;39;48;54;58;65;73;77;90;92;98;99;2;"BA; MG";"R$902.760,25";31;"R$12.840,32";378;"R$1.053,04";2762;"R$71,79";14518;"R$13,66";0;-;6;"R$33.170,83";"R$0,00";"R$0,00";"R$0,00";"Estimativa de prêmios próximo concurso: (20 ACERTOS) R$550.000,00 - (ZERO ACERTO) R$200.000,00. Os ganhadores da faixa (zero acerto) são de SP(2), MG, BA, RS e RJ."
257;12/10/2002;4;8;12;14;22;32;39;40;52;62;66;67;68;74;76;86;88;89;91;93;0;;"R$0,00";10;"R$33.492,00";185;"R$1.810,38";1706;"R$97,79";10806;"R$15,45";0;-;0;"R$0,00";"R$502.379,98";"R$0,00";"R$0,00";"Estimativa de prêmios próximo concurso: (20 ACERTOS) R$1.200.000,00 - (ZERO ACERTO) R$400.000,00."
258;16/10/2002;17;22;23;27;37;39;42;49;55;58;59;63;64;73;77;78;79;80;87;94;0;;"R$0,00";25;"R$15.407,14";370;"R$1.041,02";3237;"R$59,28";17185;"R$11,16";0;-;2;"R$180.024,65";"R$1.080.147,80";"R$0,00";"R$0,00";"Estimativa de prêmios próximo concurso - (VINTE ACERTOS): R$2.000.000,00 - (ZERO ACERTO): R$250.000,00.Os ganhadores com ZERO ACERTO são do Paraná e da Bahia."
259;19/10/2002;0;3;9;11;12;25;29;31;32;46;54;60;63;66;67;68;72;75;82;84;0;;"R$0,00";14;"R$32.605,24";268;"R$1.703,26";2274;"R$99,99";13879;"R$16,39";0;-;0;"R$0,00";"R$1.764.857,83";"R$0,00";"R$0,00";"Estimativa de prêmios próximo concurso - (20 ACERTOS): R$2.600.000,00 - (ZERO ACERTO): R$500.000,00."
260;23/10/2002;4;13;20;24;26;32;36;37;47;50;51;56;58;61;62;67;68;90;92;94;0;;"R$0,00";16;"R$26.508,63";202;"R$2.099,70";2030;"R$104,08";12756;"R$16,57";0;-;0;"R$0,00";"R$2.401.064,77";"R$0,00";"R$0,00";"Estimativa de prêmios próximo concurso - (20 ACERTOS): R$3.350.000,00 - (ZERO ACERTO): R$750.000,00."
261;26/10/2002;0;7;11;16;24;28;33;34;37;42;44;47;50;54;61;64;80;92;93;95;0;;"R$0,00";13;"R$38.437,59";244;"R$2.047,90";2315;"R$107,51";14874;"R$16,74";0;-;1;"R$690.150,07";"R$3.150.597,83";"R$0,00";"R$0,00";"Estimativa de prêmios próximo concurso - (20 ACERTOS): R$3.900.000,00 - (ZERO ACERTO): R$250.000,00. O ganhador com ZERO ACERTO é do Rio de Janeiro."
262;30/10/2002;9;11;12;14;16;35;36;44;52;53;54;61;64;69;84;92;94;97;98;99;0;;"R$0,00";21;"R$22.223,97";264;"R$1.767,82";2836;"R$81,97";16281;"R$14,28";0;-;0;"R$0,00";"R$3.850.652,84";"R$0,00";"R$0,00";"Estimativa de prêmios próximo concurso: (20 ACERTOS) R$4.500.000,00 - (ZERO ACERTO) R$500.000,00."
263;02/11/2002;0;19;26;31;32;36;41;48;49;52;53;57;59;78;79;83;85;86;93;96;0;;"R$0,00";15;"R$31.476,39";238;"R$1.983,80";2182;"R$107,78";13553;"R$17,36";0;-;0;"R$0,00";"R$4.558.871,52";"R$0,00";"R$0,00";"Estimativa de prêmios próximo concurso: (20 ACERTOS) R$5.500.000,00 - (ZERO ACERTO) R$700.000,00."
264;06/11/2002;10;21;25;26;29;33;39;48;49;52;53;57;58;59;63;68;73;76;77;81;0;;"R$0,00";50;"R$10.870,21";610;"R$891,00";5244;"R$51,64";24478;"R$11,07";0;-;1;"R$741.179,97";"R$5.374.137,60";"R$0,00";"R$0,00";"Estimativa de prêmios próximo concurso: (20 ACERTOS) R$6.300.000,00 - (ZERO ACERTO) R$300.000,00. O ganhador da faixa (zero acerto) é de João Pessoa/PB."
265;09/11/2002;4;9;18;29;30;33;41;43;48;53;58;60;69;74;76;85;86;88;90;95;0;;"R$0,00";39;"R$16.131,75";524;"R$1.200,64";4162;"R$75,30";21929;"R$14,30";0;-;1;"R$314.569,08";"R$6.317.844,80";"R$0,00";"R$0,00";"Estimativa de prêmios próximo concurso: (20 ACERTOS) R$7.300.000,00 - (ZERO ACERTO) R$300.000,00. O ganhador da faixa (zero acerto) é de MG."
266;13/11/2002;12;13;14;17;19;20;29;36;38;48;62;69;74;76;78;80;83;93;97;99;1;SP;"R$7.210.352,79";38;"R$15.658,04";415;"R$1.433,75";3838;"R$77,23";21658;"R$13,69";0;-;0;"R$0,00";"R$0,00";"R$0,00";"R$0,00";"Estimativa de prêmios próximo concurso - (20 ACERTOS):550.000,00 - (ZERO ACERTO):R$500.000,00."
267;16/11/2002;3;10;17;20;22;38;46;48;49;50;51;55;57;61;69;71;72;85;89;96;0;;"R$0,00";6;"R$65.575,13";150;"R$2.623,01";1638;"R$119,65";10258;"R$19,11";0;-;0;"R$0,00";"R$590.176,16";"R$0,00";"R$0,00";"Estimativa de prêmios próximo concurso - (20 ACERTOS): R$1.300.000,00 - (ZERO ACERTO): R$750.000,00."
268;20/11/2002;2;7;11;15;19;21;28;35;36;38;40;43;54;60;63;64;72;73;85;91;0;;"R$0,00";13;"R$30.930,56";165;"R$2.436,96";1775;"R$112,83";10949;"R$18,31";0;-;0;"R$0,00";"R$1.193.322,05";"R$0,00";"R$0,00";"Estimativa de prêmios próximo concurso: (20 ACERTOS): R$2.000.000,00 - (ZERO ACERTO): R$1.000.000,00."
269;23/11/2002;3;10;23;27;28;32;33;35;38;40;48;54;56;57;59;67;69;83;91;95;2;"GO; SP";"R$969.689,31";16;"R$31.085,69";334;"R$1.489,14";2852;"R$86,87";18068;"R$13,72";0;-;0;"R$0,00";"R$0,00";"R$0,00";"R$0,00";"Estimativa de prêmios próximo concurso - (20 ACERTOS): R$550.000,00 - (ZERO ACERTO):R$1.150.000,00."
270;27/11/2002;0;1;10;12;29;30;32;34;35;36;39;43;46;55;58;61;69;71;95;97;0;;"R$0,00";9;"R$41.083,22";202;"R$1.830,44";1962;"R$93,88";11880;"R$15,52";0;-;0;"R$0,00";"R$554.623,48";"R$0,00";"R$0,00";"Estimativa de prêmios próximo concurso: (20 ACERTOS) R$1.200.000,00 - (ZERO ACERTO) R$1.300.000,00."
271;30/11/2002;4;6;11;21;26;29;35;39;40;42;57;60;65;70;74;76;78;84;89;92;0;;"R$0,00";9;"R$51.619,26";217;"R$2.140,89";1942;"R$119,16";11513;"R$20,11";0;-;0;"R$0,00";"R$1.251.483,57";"R$0,00";"R$0,00";"Estimativa de prêmios próximo concurso: (20 ACERTOS) R$2.000.000,00 - (ZERO ACERTO) R$1.600.000,00."
272;04/12/2002;3;6;15;22;23;42;44;50;51;55;63;65;69;70;90;93;94;95;97;99;2;"SC; SP";"R$972.649,25";21;"R$22.025,87";266;"R$1.738,89";2658;"R$86,68";16353;"R$14,09";0;-;0;"R$0,00";"R$0,00";"R$0,00";"R$0,00";"Estimativa de prêmios próximo concurso: (20 ACERTOS) R$650.000,00 - (ZERO ACERTO) R$1.800.000,00."
273;07/12/2002;2;3;5;6;10;20;22;25;42;45;59;61;65;71;74;77;79;85;96;97;0;;"R$0,00";26;"R$18.191,21";287;"R$1.647,99";2616;"R$90,06";21664;"R$10,88";0;-;0;"R$0,00";"R$709.457,28";"R$0,00";"R$0,00";"Estimativa de prêmios próximo concurso: (20 ACERTOS) R$1.500.000,00 - (ZERO ACERTO) R$2.000.000,00."
274;11/12/2002;0;4;8;15;18;19;20;41;42;47;54;55;60;71;76;89;93;97;98;99;0;;"R$0,00";15;"R$30.125,72";221;"R$2.044,73";1864;"R$120,76";11779;"R$19,11";0;-;0;"R$0,00";"R$1.387.286,07";"R$0,00";"R$0,00";"Estimativa de prêmios próximo concurso - (VINTE ACERTOS): R$2.200.000,00 - (ZERO ACERTO): R$2.300.000,00."
275;14/12/2002;10;14;20;22;23;25;32;33;34;42;43;51;65;71;75;84;85;87;90;91;0;;"R$0,00";27;"R$19.876,91";285;"R$1.883,07";2889;"R$92,53";22068;"R$12,12";0;-;0;"R$0,00";"R$2.192.300,91";"R$0,00";"R$0,00";"Estimativa de prêmios próximo concurso - (VINTE ACERTOS): R$3.000.000,00 - (ZERO ACERTO): R$2.600.000,00."
276;18/12/2002;3;5;7;25;26;29;30;41;45;47;56;59;62;76;77;78;82;84;90;99;0;;"R$0,00";13;"R$38.222,74";237;"R$2.096,61";2338;"R$105,86";14317;"R$17,30";0;-;0;"R$0,00";"R$2.937.644,39";"R$0,00";"R$0,00";"Estimativa de prêmios próximo concurso: <20 ACERTOS> R$4.000.000,00 (QUATRO MILHÕES!!!) // <0 ACERTO> R$3.000.000,00 (TRÊS MILHÕES!!!)."
277;21/12/2002;4;6;8;12;14;33;37;47;50;55;60;61;67;71;72;78;82;87;92;94;0;;"R$0,00";20;"R$29.173,93";333;"R$1.752,19";3192;"R$91,06";18591;"R$15,64";0;-;0;"R$0,00";"R$3.812.862,28";"R$0,00";"R$0,00";"Estimativa de prêmios próximo concurso: (20 ACERTOS) R$5.000.000,00 - (ZERO ACERTO) R$3.300.000,00."
278;28/12/2002;3;5;14;17;21;35;39;44;47;48;50;52;64;67;68;78;94;96;98;99;1;MG;"R$4.936.660,17";31;"R$24.167,70";503;"R$1.489,46";4239;"R$88,04";25813;"R$14,47";0;-;0;"R$0,00";"R$0,00";"R$0,00";"R$0,00";"Estimativa de prêmios próximo concurso: (20 ACERTOS) R$600.000,00 - (ZERO ACERTO) R$3.500.000,00 (TRÊS MILHÕES E MEIO!!!). A CAIXA informa que o concurso 279 da Lotomania acontecerá em 04/01/2003 (sábado)."
279;04/01/2003;1;5;7;16;20;25;30;35;36;51;58;59;62;73;79;81;86;87;91;94;2;"PA; RJ";"R$396.269,42";18;"R$29.353,29";182;"R$2.903,07";1835;"R$143,43";12428;"R$21,18";0;-;2;"R$1.751.064,14";"R$0,00";"R$0,00";"R$0,00";"Estimativa de prêmios próximo concurso - (20 ACERTOS):R$550.000,00 -(ZERO ACERTO):R$200.000,00.Os ganhadores com ZERO ACERTO são de PA e RJ."
280;08/01/2003;2;3;10;22;23;33;45;49;53;57;61;63;64;65;72;82;84;90;95;99;0;;"R$0,00";21;"R$16.984,76";280;"R$1.273,86";2266;"R$78,42";12881;"R$13,79";0;-;1;"R$178.339,98";"R$535.019,87";"R$0,00";"R$0,00";"Estimativa de prêmios próximo concurso - (20 ACERTOS):R$1.300.000,00 - (ZERO ACERTO): R$250.000,00. O ganhador com ZERO ACERTO é de Tocantins."
281;11/01/2003;1;2;7;14;17;21;30;32;34;36;49;50;52;53;61;64;71;74;76;80;0;;"R$0,00";15;"R$29.858,10";244;"R$1.835,54";2410;"R$92,57";14129;"R$15,79";0;-;0;"R$0,00";"R$1.206.827,09";"R$0,00";"R$0,00";"Estimativa de prêmios próximo concurso - (VINTE ACERTOS): R$2.000.000,00 -(ZERO ACERTO): R$500.000,00."
282;15/01/2003;1;11;15;17;18;20;21;31;36;44;55;56;59;60;61;66;69;77;87;98;0;;"R$0,00";11;"R$37.194,81";186;"R$2.199,69";1973;"R$103,30";12250;"R$16,64";0;-;0;"R$0,00";"R$1.820.541,48";"R$0,00";"R$0,00";"Estimativa de prêmios próximo concurso - (VINTE ACERTOS):R$2.600.000,00 - (ZERO ACERTO):R$700.000,00."
283;18/01/2003;5;7;19;27;30;39;40;45;47;48;49;50;51;54;60;61;64;81;82;91;0;;"R$0,00";50;"R$9.735,95";393;"R$1.238,67";3849;"R$63,00";15910;"R$15,25";0;-;0;"R$0,00";"R$2.550.738,00";"R$0,00";"R$0,00";"Estimativa de prêmios próximo concurso - (VINTE ACERTOS): R$3.300.000,00 - (ZERO ACERTO): R$900.000,00."
284;22/01/2003;1;7;14;17;23;26;29;31;33;35;36;47;48;51;61;69;71;81;82;91;2;"BA; SP";"R$1.604.645,58";33;"R$13.304,11";492;"R$892,35";4112;"R$53,19";22697;"R$9,64";0;-;1;"R$891.423,84";"R$0,00";"R$0,00";"R$0,00";"Estimativa de prêmios (VINTE ACERTOS): R$600.000,00 -(ZERO ACERTO): R$200.000,00. O ganhador com ZERO ACERTO deste concurso é de São Paulo."
285;25/01/2003;4;5;10;23;26;38;46;49;50;52;61;63;75;76;81;82;85;86;97;98;0;;"R$0,00";10;"R$40.647,25";160;"R$2.540,45";1408;"R$143,80";8958;"R$22,61";0;-;0;"R$0,00";"R$609.708,68";"R$0,00";"R$0,00";"ACUMULOU!! Estimativa de prêmios (20 ACERTOS):R$1.300.000,00, (ZERO ACERTO) - R$400.000,00."
286;29/01/2003;1;5;14;17;19;21;23;27;35;37;39;43;44;50;55;64;68;71;92;96;3;"MT; RJ; SP";"R$388.493,08";88;"R$4.210,39";851;"R$433,74";5380;"R$34,31";23687;"R$7,80";0;-;0;"R$0,00";"R$0,00";"R$0,00";"R$0,00";"Estimativa de prêmios próximo concurso: (20 ACERTOS) R$650.000,00 - (ZERO ACERTO) R$600.000,00."
287;01/02/2003;3;6;15;16;22;31;43;50;51;58;64;70;73;74;77;78;82;92;93;96;1;PE;"R$626.413,55";7;"R$59.658,44";173;"R$2.413,93";1681;"R$123,74";10214;"R$20,37";0;-;0;"R$0,00";"R$0,00";"R$0,00";"R$0,00";"Estimativa de prêmios próximo concurso: (20 ACERTOS) R$550.000,00 - (ZERO ACERTO) R$800.000,00."
288;05/02/2003;1;8;15;20;29;34;40;41;44;52;53;54;57;67;70;84;87;91;94;95;0;;"R$0,00";5;"R$71.555,96";144;"R$2.484,58";1302;"R$136,88";9121;"R$19,54";0;-;0;"R$0,00";"R$536.669,66";"R$0,00";"R$0,00";"Estimativa de prêmios próximo concurso - (VINTE ACERTOS): R$1.300.000,00 - (ZERO ACERTO): R$1.000.000,00."
289;08/02/2003;3;5;6;15;16;18;25;26;27;33;39;43;49;61;64;65;70;72;74;99;0;;"R$0,00";24;"R$19.363,87";291;"R$1.597,02";2925;"R$79,14";15995;"R$14,48";0;-;0;"R$0,00";"R$1.233.768,79";"R$0,00";"R$0,00";"Estimativa de prêmios próximo concurso - (VINTE ACERTOS): R$1.900.000,00 - (ZERO ACERTO): R$1.200.000,00."
290;12/02/2003;3;4;17;18;20;22;24;25;30;34;41;50;55;62;65;76;81;85;86;99;0;;"R$0,00";14;"R$29.777,42";199;"R$2.094,89";1825;"R$113,79";12142;"R$17,11";0;-;0;"R$0,00";"R$1.859.094,59";"R$0,00";"R$0,00";"Estimativa de prêmios próximo concurso: (20 ACERTOS) R$2.600.000,00 - (ZERO ACERTO) R$1.500.000,00."
291;15/02/2003;3;8;12;24;25;30;36;37;42;44;47;49;50;52;54;59;70;82;85;91;1;ES;"R$2.618.512,66";30;"R$16.875,96";324;"R$1.562,59";2879;"R$87,59";17867;"R$14,12";0;-;0;"R$0,00";"R$0,00";"R$0,00";"R$0,00";"Estimativa de prêmios próximo concurso: (20 ACERTOS) R$600.000,00 - (ZERO ACERTO) R$1.700.000,00."
292;19/02/2003;7;9;12;18;22;23;28;37;49;50;55;58;67;71;73;76;83;94;95;96;0;;"R$0,00";12;"R$31.037,79";195;"R$1.910,02";1709;"R$108,56";10948;"R$16,95";0;-;0;"R$0,00";"R$558.680,31";"R$0,00";"R$0,00";"Estimativa de prêmios para o próximo concurso (20 ACERTOS)- R$1.300.000,00 - ZERO ACERTO: R$2.000.000,00"
293;22/02/2003;6;8;18;19;23;27;28;29;45;46;54;63;72;76;77;78;80;89;93;96;1;SC;"R$1.251.968,23";12;"R$38.516,00";261;"R$1.770,85";2447;"R$94,09";14826;"R$15,54";0;-;1;"R$1.887.458,02";"R$0,00";"R$0,00";"R$0,00";"Estimativa de prêmios próximo concurso: (20 ACERTOS) R$550.000,00 - (ZERO ACERTO) R$200.000,00. O ganhador da faixa (zero acerto) é de SC."
294;26/02/2003;1;7;8;11;24;26;32;38;39;43;46;51;54;63;66;70;80;90;92;95;1;SP;"R$511.249,44";5;"R$68.166,59";127;"R$2.683,73";1269;"R$133,78";8009;"R$21,20";0;-;0;"R$0,00";"R$0,00";"R$0,00";"R$0,00";"Estimativa de prêmios próximo concurso: (20 ACERTOS) R$650.000,00 - (ZERO ACERTO) R$400.000,00. No dia 05/03/2003 (Quarta-feira de Cinzas) não haverá sorteio da Loteria Federal, Lotomania e Mega-Sena."
295;01/03/2003;12;18;23;25;26;27;34;35;36;37;61;63;65;73;78;79;82;86;95;96;2;"MG; SP";"R$289.366,31";45;"R$8.573,81";351;"R$1.099,21";3076;"R$62,49";17129;"R$11,22";0;-;1;"R$363.327,36";"R$0,00";"R$0,00";"R$0,00";"Estimativa de prêmios próximo concurso: (20 ACERTOS) R$700.000,00 - (ZERO ACERTO) R$250.000,00. O acertador da faixa zero acerto é de Manaus/AM. A CAIXA informa que o concurso 296 da Lotomania acontecerá em 08/03/2003."
296;08/03/2003;12;14;15;17;21;32;34;37;42;44;48;55;56;74;78;82;90;93;95;97;2;"BA; MS";"R$348.621,35";27;"R$17.215,87";477;"R$974,48";3920;"R$59,07";21391;"R$10,83";0;-;0;"R$0,00";"R$0,00";"R$0,00";"R$0,00";"Estimativa de prêmios próximo concurso: (20 ACERTOS) R$650.000,00 - (ZERO ACERTO) R$450.000,00."
297;12/03/2003;8;12;13;24;27;30;31;34;37;38;39;46;47;59;63;66;67;71;85;88;0;;"R$0,00";9;"R$39.243,83";224;"R$1.576,76";1770;"R$99,41";11651;"R$15,11";0;-;0;"R$0,00";"R$529.791,74";"R$0,00";"R$0,00";"Estimativa de prêmios próximo concurso: (20 ACERTOS) R$1.200.000,00 - (ZERO ACERTO) R$600.000,00."
298;15/03/2003;3;14;16;17;18;30;41;46;47;52;59;61;62;68;69;75;79;84;96;99;1;MG;"R$1.207.429,72";11;"R$41.068,97";172;"R$2.626,50";1966;"R$114,47";11805;"R$19,07";0;-;1;"R$634.890,86";"R$0,00";"R$0,00";"R$0,00";"Estimativa de prêmios próximo concurso - (20 ACERTOS): R$550.000,00 - (ZERO ACERTO): R$200.000,00. O ganhador com ZERO ACERTO é de MG."
299;19/03/2003;7;8;12;13;24;26;27;48;49;54;57;58;59;62;66;71;81;88;90;97;0;;"R$0,00";9;"R$37.224,52";148;"R$2.263,66";1400;"R$119,20";9217;"R$18,12";0;-;0;"R$0,00";"R$502.531,03";"R$0,00";"R$0,00";"Estimativa de prêmios próximo concurso: (20 ACERTOS) R$1.200.000,00 - (ZERO ACERTO) R$400.000,00."
300;22/03/2003;5;6;12;13;19;20;21;24;30;54;55;59;72;76;77;82;84;91;95;97;0;;"R$0,00";12;"R$37.138,13";242;"R$1.841,56";2179;"R$101,88";13762;"R$16,14";0;-;0;"R$0,00";"R$1.171.017,24";"R$0,00";"R$0,00";"Estimativa de prêmios próximo concurso: (20 ACERTOS) R$2.000.000,00 - (ZERO ACERTO) R$600.000,00."
301;26/03/2003;10;14;25;41;45;48;55;61;64;65;70;72;73;82;85;88;94;96;97;98;0;;"R$0,00";10;"R$39.653,55";198;"R$2.002,70";2033;"R$97,16";13249;"R$14,91";0;-;0;"R$0,00";"R$1.765.820,49";"R$0,00";"R$0,00";"Estimativa de prêmios próximo concurso: (20 ACERTOS) R$2.600.000,00 - (ZERO ACERTO) R$800.000,00."
302;29/03/2003;0;2;3;5;17;19;22;31;33;38;41;49;56;58;71;84;87;90;92;96;0;;"R$0,00";21;"R$23.108,70";277;"R$1.751,92";2446;"R$98,83";14004;"R$17,27";0;-;1;"R$831.248,21";"R$2.493.744,37";"R$0,00";"R$0,00";"Estimativa de prêmios próximo concurso: (20 ACERTOS) R$3.300.000,00 - (ZERO ACERTO) R$250.000,00. O ganhador da faixa (zero acerto) e do Espírito Santo."
303;02/04/2003;0;4;7;15;21;27;38;39;54;55;58;71;74;75;85;88;90;91;94;95;0;;"R$0,00";8;"R$56.473,88";234;"R$1.930,73";2101;"R$107,12";13244;"R$17,00";0;-;0;"R$0,00";"R$3.171.430,88";"R$0,00";"R$0,00";"Estimativa de prêmios para o próximo concurso - (VINTE ACERTOS): R$4.100.000,00 - (ZERO ACERTO): R$530.000,00."
304;05/04/2003;0;1;11;15;19;20;24;27;34;41;47;62;63;66;68;71;75;85;91;94;2;"RJ; SP";"R$2.001.734,98";47;"R$11.801,98";650;"R$853,37";4574;"R$60,41";22870;"R$12,09";0;-;1;"R$503.241,90";"R$0,00";"R$0,00";"R$0,00";"Estimativa de prêmios próximo concurso - (VINTE ACERTOS): R$550.000,00 - (ZERO ACERTO): R$200.000,00. O ganhador com ZERO ACERTO é de SP."
305;09/04/2003;1;2;3;10;24;27;32;52;53;62;70;72;78;79;80;87;91;94;97;98;0;;"R$0,00";10;"R$36.585,98";132;"R$2.771,67";1348;"R$135,20";8844;"R$20,61";0;-;0;"R$0,00";"R$548.789,67";"R$0,00";"R$0,00";"Estimativa de prêmios próximo concurso: (20 ACERTOS) R$1.200.000,00 - (ZERO ACERTO) R$400.000,00."
306;12/04/2003;4;19;24;28;34;35;37;46;47;49;58;59;71;81;86;88;89;93;97;98;0;;"R$0,00";12;"R$38.500,61";195;"R$2.369,27";1996;"R$115,31";12243;"R$18,80";0;-;0;"R$0,00";"R$1.241.800,55";"R$0,00";"R$0,00";"Estimativa de prêmios próximo concurso: (20 ACERTOS) R$2.000.000,00 - (ZERO ACERTO) R$600.000,00."
307;16/04/2003;9;14;15;30;47;52;57;60;64;66;68;73;74;76;78;79;81;88;91;97;1;RJ;"R$1.887.311,87";9;"R$47.815,65";154;"R$2.794,43";1502;"R$142,72";10438;"R$20,54";0;-;2;"R$314.552,00";"R$0,00";"R$0,00";"R$0,00";"Estimativa de prêmios próximo concurso: (20 ACERTOS) R$500.000,00 - (ZERO ACERTO) R$150.000,00. Os ganhadores da faixa zero acerto são dos Estados do Rio de Janeiro e São Paulo."
308;19/04/2003;2;8;12;15;19;20;42;44;55;56;65;67;73;75;76;79;85;88;94;99;0;;"R$0,00";12;"R$27.025,30";197;"R$1.646,21";1923;"R$84,01";11482;"R$14,07";0;-;0;"R$0,00";"R$486.455,31";"R$0,00";"R$0,00";"Estimativa de prêmios próximo concurso: (20 ACERTOS) R$1.100.000,00 - (ZERO ACERTO) R$400.000,00."
309;23/04/2003;6;7;9;14;24;31;37;42;43;52;54;60;64;65;74;82;84;85;90;95;0;;"R$0,00";11;"R$32.453,44";181;"R$1.972,31";1763;"R$100,87";10356;"R$17,18";0;-;0;"R$0,00";"R$1.021.937,01";"R$0,00";"R$0,00";"ACUMULOU! Estimativa de prêmios próximo concurso: (20 ACERTOS) R$1.800.000,00 - (ZERO ACERTO) R$600.000,00."
310;26/04/2003;0;7;15;24;37;39;42;46;56;61;62;64;65;68;72;76;78;79;80;86;0;;"R$0,00";17;"R$28.341,62";273;"R$1.764,87";2568;"R$93,46";16297;"R$14,73";0;-;1;"R$581.549,49";"R$1.744.648,27";"R$0,00";"R$0,00";"Estimativa de prêmios próximo concurso: (20 ACERTOS) R$2.500.000,00 - (ZERO ACERTO) R$250.000,00. O ganhador da faixa (zero acerto) e do Maranhão."
311;30/04/2003;5;13;19;25;31;32;36;41;48;52;55;70;72;73;76;79;83;88;89;96;1;PR;"R$2.382.382,97";18;"R$23.619,80";239;"R$1.778,90";2255;"R$93,92";13342;"R$15,88";0;-;0;"R$0,00";"R$0,00";"R$0,00";"R$0,00";"Estimativa de prêmios próximo concurso - (VINTE ACERTOS): R$550.000,00 - (ZERO ACERTOS): R$400.000,00."
312;03/05/2003;11;14;21;29;36;43;45;51;53;56;57;62;64;67;68;70;81;90;91;97;0;;"R$0,00";11;"R$34.378,43";173;"R$2.185,92";1735;"R$108,57";10810;"R$17,43";0;-;0;"R$0,00";"R$567.243,97";"R$0,00";"R$0,00";"ACUMULOU!!! Estimativa de prêmios próximo concurso: (20 ACERTOS) R$1.300.000,00 - (ZERO ACERTO) R$600.000,00."
313;07/05/2003;3;9;11;20;23;25;26;27;38;43;45;56;60;68;72;73;80;89;91;92;0;;"R$0,00";19;"R$21.253,81";162;"R$2.492,73";1955;"R$102,89";12292;"R$16,37";0;-;0;"R$0,00";"R$1.172.977,62";"R$0,00";"R$0,00";"Estimativa de prêmios próximo concurso - (VINTE ACERTOS): R$1.900.000,00 - (ZERO ACERTO): R$850.000,00."
314;10/05/2003;2;3;8;12;16;18;22;28;29;43;48;53;63;68;75;76;91;93;96;97;0;;"R$0,00";30;"R$15.980,51";284;"R$1.688,08";2779;"R$85,94";14640;"R$16,32";0;-;1;"R$843.278,48";"R$1.892.100,45";"R$0,00";"R$0,00";"Estimativa de prêmios próximo concurso - (VINTE ACERTOS): R$2.500.000,00 - (ZERO ACERTO): R$200.000,00. O ganhador com ZERO ACERTO é de PB."
315;14/05/2003;2;8;11;17;18;22;32;35;39;40;45;46;53;55;62;65;68;76;91;99;0;;"R$0,00";21;"R$20.877,06";287;"R$1.527,59";2518;"R$86,73";14927;"R$14,63";0;-;1;"R$219.209,06";"R$2.549.727,63";"R$0,00";"R$0,00";"Estimativa de prêmios próximo concurso: (20 ACERTOS) R$3.400.000,00 - (ZERO ACERTO) R$300.000,00. Ganhadores por Estado (zero acerto) PR (1)."
316;17/05/2003;1;17;20;22;23;25;27;28;49;51;58;64;67;68;71;74;76;84;92;95;0;;"R$0,00";20;"R$25.743,62";274;"R$1.879,10";2443;"R$104,98";14994;"R$17,11";0;-;0;"R$0,00";"R$3.322.036,20";"R$0,00";"R$0,00";"Estimativa de prêmios próximo concurso: (20 ACERTOS) R$4.200.000,00 - (ZERO ACERTO) R$500.000,00."
317;21/05/2003;3;14;19;22;35;43;52;54;56;57;67;71;79;83;84;87;90;91;96;99;3;"BA; PI; SP";"R$1.359.717,35";24;"R$21.030,99";330;"R$1.529,53";3358;"R$74,88";17634;"R$14,26";0;-;2;"R$254.904,09";"R$0,00";"R$0,00";"R$0,00";"Estimativa de prêmios próximo concurso: (20 ACERTOS) R$500.000,00 - (ZERO ACERTO) R$200.000,00. Ganhadores (zero acerto) por Estado: MG=(1) - PI=(1)."
318;24/05/2003;0;3;11;16;20;22;23;24;25;33;37;39;43;47;69;72;84;86;87;93;0;;"R$0,00";9;"R$43.541,15";219;"R$1.789,37";2014;"R$96,93";12483;"R$15,65";0;-;0;"R$0,00";"R$587.805,44";"R$0,00";"R$0,00";"Estimativa de prêmios próximo concurso: (20 ACERTOS) R$1.200.000,00 - (ZERO ACERTO) R$400.000,00."
319;28/05/2003;0;1;2;10;21;23;31;34;36;50;52;59;66;70;71;72;78;85;90;94;0;;"R$0,00";16;"R$23.138,41";274;"R$1.351,15";2592;"R$71,15";14623;"R$12,62";0;-;1;"R$381.042,41";"R$1.143.127,12";"R$0,00";"R$0,00";"Estimativa de prêmios próximo concurso - (VINTE ACERTOS): R$1.900.000,00 - (ZERO ACERTO): R$250.000,00. O ganhador da faixa ZERO ACERTO é de SÃO PAULO."
320;31/05/2003;1;12;19;23;25;29;34;35;36;42;44;45;48;56;60;63;66;69;85;94;0;;"R$0,00";20;"R$22.556,20";428;"R$1.054,03";3972;"R$56,58";22924;"R$9,81";0;-;0;"R$0,00";"R$1.819.812,87";"R$0,00";"R$0,00";"Estimativa de prêmios próximo concurso: (20 ACERTOS) R$2.500.000,00 - (ZERO ACERTO) R$500.000,00."
321;04/06/2003;1;4;13;15;21;30;32;37;43;50;57;59;60;62;76;79;82;92;93;94;1;RJ;"R$2.472.983,42";11;"R$39.586,10";190;"R$2.291,83";1692;"R$128,20";10900;"R$19,91";0;-;0;"R$0,00";"R$0,00";"R$0,00";"R$0,00";"Estimativa de prêmios próximo concurso: (20 ACERTOS) R$500.000,00 - (ZERO ACERTO) R$600.000,00."
322;07/06/2003;0;3;5;12;34;40;41;48;49;54;60;61;62;65;67;74;78;86;93;96;0;;"R$0,00";17;"R$25.914,94";323;"R$1.363,95";2998;"R$73,21";34225;"R$9,16";0;-;0;"R$0,00";"R$660.830,97";"R$0,00";"R$0,00";"Estimativa de prêmios próximo concurso: (20 ACERTOS) R$1.300.000,00 - (ZERO ACERTO) R$900.000,00."
323;11/06/2003;6;13;16;30;41;48;55;56;60;61;64;65;66;73;75;81;88;89;94;97;1;AM;"R$1.270.641,33";13;"R$31.272,33";235;"R$1.729,96";2335;"R$86,73";13057;"R$15,52";0;-;1;"R$866.832,62";"R$0,00";"R$0,00";"R$0,00";"Estimativa de prêmios próximo concurso: (20 ACERTOS) R$550.000,00 - (ZERO ACERTO) R$200.000,00. Ganhadores (zero acerto) por Estado: (SP)."
324;14/06/2003;2;6;10;14;16;18;20;23;24;32;39;42;44;46;51;66;70;78;85;99;2;SP;"R$312.038,28";20;"R$20.802,56";406;"R$1.024,76";3320;"R$62,43";17694;"R$11,72";0;-;0;"R$0,00";"R$0,00";"R$0,00";"R$0,00";"Estimativa de prêmios próximo concurso: (20 ACERTOS) R$550.000,00 - (ZERO ACERTO) R$400.000,00."
325;18/06/2003;1;7;10;32;36;39;40;43;46;58;59;61;69;74;78;80;83;86;95;99;1;SC;"R$534.401,54";10;"R$35.626,77";253;"R$1.408,17";1813;"R$97,89";10087;"R$17,60";0;-;3;"R$128.719,81";"R$0,00";"R$0,00";"R$0,00";"Estimativa de prêmios próximo concurso: (20 ACERTOS) R$550.000,00 - (ZERO ACERTO) R$200.000,00. Ganhadores da faixa (zero acerto) por Estado: DF(1) - PA(1) - PR(1)"
326;21/06/2003;10;12;13;14;25;29;36;41;45;50;51;54;57;63;66;76;80;83;84;96;1;SP;"R$539.177,83";8;"R$44.931,49";207;"R$1.736,48";1803;"R$99,31";11084;"R$16,16";0;-;2;"R$89.862,99";"R$0,00";"R$0,00";"R$0,00";"Estimativa de prêmios próximo concurso: (20 ACERTOS) R$550.000,00 - (ZERO ACERTO) R$200.000,00. Ganhadores da faixa zero acerto por Estado: MG(1) - SP(1)."
327;25/06/2003;0;9;13;14;16;22;32;33;38;39;43;49;51;76;79;82;89;90;93;95;0;;"R$0,00";9;"R$37.497,53";158;"R$2.135,94";1401;"R$119,99";8780;"R$19,15";0;-;0;"R$0,00";"R$506.216,72";"R$0,00";"R$0,00";"Estimativa de prêmios próximo concurso: (20 ACERTOS) R$1.200.000,00 - (ZERO ACERTO) R$400.000,00."
328;28/06/2003;0;3;11;27;30;31;33;45;53;54;55;64;65;74;81;89;90;91;94;96;0;;"R$0,00";22;"R$19.409,84";227;"R$1.881,13";2154;"R$98,75";13214;"R$16,10";0;-;1;"R$382.247,15";"R$1.146.741,35";"R$0,00";"R$0,00";"Estimativa de prêmios próximo concurso: (20 ACERTOS) R$1.800.000,00 - (ZERO ACERTO) R$200.000,00 . Ganhadores (zero acerto) por Estado: SP(1)."
329;02/07/2003;2;9;10;16;24;26;27;29;32;33;35;42;48;61;65;75;82;86;95;98;0;;"R$0,00";19;"R$22.414,03";259;"R$1.644,28";2320;"R$91,44";14276;"R$14,86";0;-;0;"R$0,00";"R$1.785.541,23";"R$0,00";"R$0,00";"ACUMULADA!!! Estimativa de prêmios próximo concurso: (20 ACERTOS) R$2.500.000,00 - (ZERO ACERTO) R$500.000,00."
330;05/07/2003;1;2;3;8;14;23;29;33;34;38;43;44;49;52;55;62;65;71;74;94;1;DF;"R$2.564.277,35";24;"R$21.631,56";482;"R$1.077,09";4072;"R$63,51";28346;"R$9,13";0;-;0;"R$0,00";"R$0,00";"R$0,00";"R$0,00";"Estimativa de prêmios próximo concurso: (20 ACERTOS) R$550.000,00 - (ZERO ACERTO) R$650.000,00."
331;09/07/2003;1;2;10;12;14;18;40;45;46;47;50;53;59;75;77;79;82;85;92;95;0;;"R$0,00";12;"R$28.477,80";158;"R$2.162,87";1537;"R$110,75";9830;"R$17,33";0;-;0;"R$0,00";"R$512.600,44";"R$0,00";"R$0,00";"Estimativa de prêmios próximo concurso: (20 ACERTOS) R$1.200.000,00 - (ZERO ACERTO) R$900.000,00."
332;12/07/2003;6;16;18;25;26;27;29;30;39;42;44;48;50;58;62;82;89;94;97;98;2;PR;"R$597.223,66";12;"R$37.880,39";267;"R$1.702,49";2432;"R$93,10";14890;"R$15,21";0;-;0;"R$0,00";"R$0,00";"R$0,00";"R$0,00";"Estimativa de prêmios próximo concurso: (20 ACERTOS) R$650.000,00 - (ZERO ACERTO) R$1.100.000,00."
333;16/07/2003;4;17;21;32;36;46;47;54;57;58;60;61;67;70;81;83;94;95;97;98;0;;"R$0,00";5;"R$76.272,39";153;"R$2.492,56";1525;"R$124,57";9373;"R$20,28";0;-;0;"R$0,00";"R$572.042,91";"R$0,00";"R$0,00";"Estimativa de prêmios próximo concurso: (20 ACERTOS) R$1.300.000,00 - (ZERO ACERTO) R$1.300.000,00."
334;19/07/2003;2;10;12;16;20;31;40;43;47;48;50;51;54;61;63;67;75;86;91;98;0;;"R$0,00";26;"R$17.921,45";246;"R$1.894,13";2322;"R$99,96";14299;"R$16,23";0;-;1;"R$1.294.320,98";"R$1.270.979,29";"R$0,00";"R$0,00";"Estimativa de prêmios próximo concurso: (20 ACERTOS) R$2.000.000,00 - (ZERO ACERTO) R$250.000,00. Ganhadores (zero acerto) por Estado: PI(1)."
335;23/07/2003;19;22;23;30;34;35;37;44;49;51;54;55;68;72;76;78;83;85;90;92;1;RS;"R$1.908.162,67";23;"R$18.469,08";310;"R$1.370,29";2736;"R$77,34";16962;"R$12,48";0;-;0;"R$0,00";"R$0,00";"R$0,00";"R$0,00";"Estimativa de prêmios para o próximo concurso: (20 ACERTOS): R$650.000,00 - (ZERO ACERTO): R$400.000,00."
336;26/07/2003;4;7;17;19;47;49;50;51;54;55;57;58;73;75;81;82;86;88;89;96;0;;"R$0,00";24;"R$17.062,14";217;"R$1.887,06";2298;"R$88,77";12815;"R$15,92";0;-;1;"R$417.140,20";"R$614.237,05";"R$0,00";"R$0,00";"Estimativa de prêmios próximo concurso: (20 ACERTOS) R$1.300.000,00 - (ZERO ACERTO) R$200.000,00. Ganhadores (zero acerto) por Estado: PE(1)."
337;30/07/2003;3;11;12;13;15;22;24;32;34;39;42;43;51;52;64;65;77;80;92;93;1;BA;"R$1.177.246,14";33;"R$11.373,92";429;"R$874,92";7617;"R$24,55";16738;"R$11,17";0;-;0;"R$0,00";"R$0,00";"R$0,00";"R$0,00";"Estimativa de prêmios próximo concurso: (20 ACERTOS) R$550.000,00 - (ZERO ACERTO) R$400.000,00."
338;02/08/2003;4;6;8;18;26;27;43;44;45;54;56;57;62;69;70;73;74;89;93;97;3;"MG; RJ";"R$212.102,05";16;"R$26.512,76";237;"R$1.789,89";2314;"R$91,32";13244;"R$15,95";0;-;1;"R$399.771,75";"R$0,00";"R$0,00";"R$0,00";"Estimativa de Prêmios próximo concurso: (20 ACERTOS) R$550.000,00 - (ZERO ACERTO) R$200.000,00. Ganhadores (zero acerto) por Estado: SP(1)."
339;06/08/2003;0;4;7;9;15;19;22;27;35;37;46;59;63;64;68;75;77;78;87;99;1;DF;"R$544.792,83";37;"R$9.816,09";380;"R$955,78";3064;"R$59,05";16741;"R$10,81";0;-;0;"R$0,00";"R$0,00";"R$0,00";"R$0,00";"Estimativa de prêmios próximo concurso: (20 ACERTOS) R$650.000,00 - (ZERO ACERTO) R$400.000,00."
340;09/08/2003;2;4;6;7;12;20;40;41;42;55;64;68;70;74;76;82;90;94;97;99;0;;"R$0,00";12;"R$35.924,09";337;"R$1.279,20";2611;"R$82,25";15736;"R$13,65";0;-;3;"R$132.380,74";"R$646.633,64";"R$0,00";"R$0,00";"Estimativa de prêmios próximo concurso: (20 ACERTOS) R$1.300.000,00 - (ZERO ACERTO) R$200.000,00. Ganhadores por Estado (zero acerto): PR(2) - SP(1)."
341;13/08/2003;1;4;12;15;22;25;26;33;36;41;48;52;63;71;73;79;80;85;92;95;0;;"R$0,00";16;"R$25.080,87";254;"R$1.579,90";1977;"R$101,11";12063;"R$16,58";0;-;0;"R$0,00";"R$1.248.574,47";"R$0,00";"R$0,00";"ACUMULOU!!! Estimativa de prêmios próximo concurso: (20 ACERTOS) R$2.000.000,00 - (ZERO ACERTO) R$400.000,00."
342;16/08/2003;12;18;19;21;22;36;40;43;46;49;50;51;61;62;63;64;72;75;78;79;0;;"R$0,00";18;"R$27.049,00";272;"R$1.790,01";2529;"R$95,90";15142;"R$16,02";0;-;0;"R$0,00";"R$1.978.897,45";"R$0,00";"R$0,00";"Estimativa de prêmios próximo concurso: (20 ACERTOS) R$2.700.000,00 - (ZERO ACERTO) R$700.000,00."
343;20/08/2003;3;9;16;18;35;39;41;43;44;45;46;47;51;53;56;71;77;84;92;94;0;;"R$0,00";8;"R$57.234,83";253;"R$1.809,80";2245;"R$101,60";14356;"R$15,89";0;-;1;"R$673.027,31";"R$2.665.715,39";"R$0,00";"R$0,00";"Estimativa de prêmios próximo concurso: (20 ACERTOS) R$3.400.000,00 - (ZERO ACERTO) R$250.000,00. Ganhadores por Estado (zero acerto): PR(1)."
344;23/08/2003;10;13;18;23;33;38;47;54;55;58;59;63;64;67;71;89;91;94;98;99;1;SP;"R$3.489.194,32";16;"R$34.311,62";289;"R$1.899,61";2837;"R$96,40";18708;"R$14,63";0;-;1;"R$274.493,00";"R$0,00";"R$0,00";"R$0,00";"Estimativa de prêmios próximo concurso: (20 ACERTOS) R$550.000,00 - (ZERO ACERTO) R$200.000,00. Ganhadores (zero acerto) por Estado: SP(1)."
345;27/08/2003;1;2;6;19;25;28;39;43;44;45;51;56;59;70;78;85;86;92;93;95;0;;"R$0,00";8;"R$44.360,61";161;"R$2.204,26";1644;"R$107,53";10646;"R$16,61";0;-;1;"R$177.442,45";"R$532.327,28";"R$0,00";"R$0,00";"Estimativa de prêmios próximo concurso: (20 ACERTOS) R$1.200.000,00 - (ZERO ACERTO) R$200.000,00. Ganhadores (zero acerto) por Estado: PI(1)."
346;30/08/2003;2;4;6;11;17;21;31;35;38;44;48;49;52;54;67;69;78;86;93;94;2;"AM; SP";"R$605.185,72";14;"R$32.287,82";233;"R$1.940,04";2056;"R$109,52";13011;"R$17,31";0;-;0;"R$0,00";"R$0,00";"R$0,00";"R$0,00";"Estimativa de prêmios próximo concurso: (20 ACERTOS) R$550.000,00 - (ZERO ACERTO) R$400.000,00."
347;03/09/2003;3;5;6;9;10;13;15;23;25;33;42;45;46;62;75;79;82;83;84;96;1;MG;"R$563.473,43";20;"R$18.782,45";379;"R$991,16";3394;"R$55,13";17163;"R$10,91";0;-;0;"R$0,00";"R$0,00";"R$0,00";"R$0,00";"Estimativa de prêmios próximo concurso: (20 ACERTOS) R$550.000,00 - (ZERO ACERTO) R$600.000,00."
348;06/09/2003;4;11;22;29;30;31;33;34;46;53;61;82;83;87;90;93;94;96;98;99;1;SP;"R$676.744,18";13;"R$34.704,83";177;"R$2.548,94";1828;"R$122,95";12314;"R$18,26";0;-;1;"R$639.420,65";"R$0,00";"R$0,00";"R$0,00";"Estimativa de prêmios próximo concurso: (20 ACERTOS) R$550.000,00 - (ZERO ACERTO) R$200.000,00. Ganhadores (zero acerto) por Estado: SP(1)."
349;10/09/2003;4;9;13;16;21;25;27;28;33;46;49;51;65;67;80;81;82;85;96;99;0;;"R$0,00";15;"R$24.700,07";237;"R$1.563,29";1891;"R$97,59";10994;"R$16,79";0;-;1;"R$185.250,53";"R$555.751,53";"R$0,00";"R$0,00";"ACUMULOU!!! Estimativa de prêmios próximo concurso: (20 ACERTOS) R$1.300.000,00 - (ZERO ACERTO) R$250.000,00. Ganhadores (zero acerto) por Estado: SP(1)."
350;13/09/2003;11;24;25;28;31;40;42;47;48;51;52;54;56;65;67;70;75;81;86;92;0;;"R$0,00";22;"R$20.901,07";361;"R$1.273,75";2988;"R$76,66";16714;"R$13,71";0;-;0;"R$0,00";"R$1.245.486,88";"R$0,00";"R$0,00";"ACUMULOU!!! Estimativa de prêmios próximo concurso: (20 ACERTOS) R$2.000.000,00 - (ZERO ACERTO) R$500.000,00."
351;17/09/2003;1;9;11;13;15;25;30;32;41;43;50;52;56;65;72;75;76;80;83;84;0;;"R$0,00";15;"R$28.497,07";310;"R$1.378,89";2683;"R$79,36";16015;"R$13,30";0;-;2;"R$221.819,95";"R$1.886.671,07";"R$0,00";"R$0,00";"ACUMULOU!!! Estimativa de prêmios próximo concurso: (20 ACERTOS) R$2.500.000,00 - (ZERO ACERTO) R$200.000,00. Ganhadores (zero acerto) por Estado: MT(1) - SP(1)."
352;20/09/2003;0;16;20;30;39;43;48;54;56;66;70;75;79;81;82;83;88;91;92;96;1;PA;"R$2.617.553,40";9;"R$54.139,43";239;"R$2.038,73";2129;"R$114,00";13041;"R$18,61";0;-;2;"R$121.813,73";"R$0,00";"R$0,00";"R$0,00";"Estimativa de prêmios próximo concurso: (20 ACERTOS) R$550.000,00 - (ZERO ACERTO) R$200.000,00. Ganhadores (zero acerto) por Estado: BA(1) - SP(1)."
353;24/09/2003;4;9;13;15;18;21;22;27;33;39;40;43;55;60;61;63;65;66;74;99;2;"PA; SP";"R$267.032,85";37;"R$9.622,81";393;"R$905,97";2883;"R$61,52";15886;"R$11,16";0;-;0;"R$0,00";"R$0,00";"R$0,00";"R$0,00";"Estimativa de prêmios próximo concurso: (20 ACERTOS) R$550.000,00 - (ZERO ACERTO) R$400.000,00."
354;27/09/2003;0;4;13;14;19;23;24;27;29;33;40;53;55;72;76;77;81;86;90;91;0;;"R$0,00";9;"R$43.907,88";197;"R$2.005,95";1946;"R$101,15";11795;"R$16,70";0;-;0;"R$0,00";"R$592.756,35";"R$0,00";"R$0,00";"ACUMULOU!!! Estimativa de prêmios próximo concurso: (20 ACERTOS) R$1.300.000,00 - (ZERO ACERTO) R$600.000,00."
355;01/10/2003;6;7;15;18;19;24;28;39;40;45;52;53;56;72;84;88;89;92;98;99;0;;"R$0,00";14;"R$27.127,17";179;"R$2.121,68";1745;"R$108,41";10872;"R$17,41";0;-;0;"R$0,00";"R$1.162.427,05";"R$0,00";"R$0,00";"ACUMULOU!!! Estimativa de prêmios próximo concurso: (20 ACERTOS) R$2.000.000,00 - (ZERO ACERTO) R$800.000,00."
356;04/10/2003;1;2;7;14;15;22;25;29;38;40;41;45;55;62;66;78;82;85;92;98;3;"AM; SE; TO";"R$619.089,97";25;"R$18.529,14";335;"R$1.382,77";3014;"R$76,56";17636;"R$13,10";0;-;3;"R$265.703,99";"R$0,00";"R$0,00";"R$0,00";"Estimativa de prêmios próximo concurso: (20 ACERTOS) R$550.000,00 - (ZERO ACERTO) R$200.000,00. Ganhadores (zero acerto) por Estado: SE(1) - TO(1) - RJ(1)."
357;08/10/2003;11;22;28;29;31;33;34;35;36;40;50;58;68;71;72;79;80;85;88;95;0;;"R$0,00";9;"R$38.343,28";132;"R$2.614,32";1306;"R$131,62";8789;"R$19,56";0;-;0;"R$0,00";"R$517.634,28";"R$0,00";"R$0,00";"ACUMULOU!!! Estimativa de prêmios próximo concurso: (20 ACERTOS) R$1.200.000,00 - (ZERO ACERTO) R$400.000,00."
358;11/10/2003;0;10;12;24;34;39;46;49;54;61;62;65;68;70;71;77;78;83;91;95;0;;"R$0,00";9;"R$45.474,73";193;"R$2.120,58";1825;"R$111,71";11375;"R$17,93";0;-;0;"R$0,00";"R$1.131.543,07";"R$0,00";"R$0,00";"ACUMULOU!!! Estimativa de prêmios próximo concurso: (20 ACERTOS) R$1.800.000,00 - (ZERO ACERTO) R$600.000,00."
359;15/10/2003;1;4;9;13;16;17;20;22;26;28;33;49;50;57;68;77;82;93;97;99;1;PR;"R$1.702.841,18";39;"R$9.765,78";494;"R$768,06";3667;"R$51,74";19395;"R$9,79";0;-;0;"R$0,00";"R$0,00";"R$0,00";"R$0,00";"Estimativa de prêmio próximo concurso: (20 ACERTOS)R$550.000,00. (0 ACERTO)R$800.000,00"
360;18/10/2003;2;4;6;23;41;46;50;51;55;57;59;64;67;76;80;81;88;93;96;98;1;MG;"R$556.398,89";18;"R$20.607,37";247;"R$1.501,75";2155;"R$85,74";12982;"R$14,23";0;-;0;"R$0,00";"R$0,00";"R$0,00";"R$0,00";"Estimativa de prêmio próximo concurso: (20 ACERTOS)R$550.000,00; (0 ACERTO)R$900.000,00."
361;22/10/2003;5;15;29;33;38;40;42;43;48;57;58;64;67;68;69;70;81;83;88;97;0;;"R$0,00";6;"R$50.201,97";112;"R$2.689,39";1101;"R$136,28";7650;"R$19,62";0;-;0;"R$0,00";"R$451.817,79";"R$0,00";"R$0,00";"ACUMULOU!!! Estimativa de prêmios próximo concurso: (20 ACERTOS) R$1.100.000,00 - (ZERO ACERTO) R$1.100.000,00."
362;25/10/2003;1;3;9;11;18;20;24;26;31;32;33;35;41;48;50;62;66;86;93;98;1;GO;"R$1.013.164,63";27;"R$13.860,42";315;"R$1.188,04";2845;"R$65,53";15788;"R$11,82";0;-;1;"R$1.090.801,64";"R$0,00";"R$0,00";"R$0,00";"Estimativa de prêmio próximo concurso: (20 ACERTOS)R$550.000,00 - (0 ACERTO)R$200.000,00. Ganhadores (ZERO ACERTO) por estado: BA - 01."
363;29/10/2003;0;4;5;11;18;26;28;33;40;49;53;54;70;79;80;82;83;89;92;99;0;;"R$0,00";7;"R$39.695,72";111;"R$2.503,34";1156;"R$119,74";7447;"R$18,59";0;-;0;"R$0,00";"R$416.805,04";"R$0,00";"R$0,00";"ACUMULOU!!! Estimativa de prêmios próximo concurso: (20 ACERTOS) R$1.000.000,00 - (ZERO ACERTO) R$300.000,00."
364;01/11/2003;1;10;22;23;27;28;32;38;44;45;46;51;70;77;86;88;90;93;94;95;0;;"R$0,00";6;"R$59.390,18";166;"R$2.146,63";1538;"R$115,41";9935;"R$17,87";0;-;0;"R$0,00";"R$1.268.422,26";"R$0,00";"R$0,00";"ACUMULOU!!! Estimativa de prêmio (20 ACERTOS) próximo concurso: R$1.800.000,00."
365;05/11/2003;5;6;8;10;11;17;18;26;28;29;31;35;38;50;63;69;77;80;93;97;0;SE;"R$0,00";26;"R$13.078,15";373;"R$911,61";2510;"R$67,49";13981;"R$12,12";0;-;1;"R$170.016,02";"R$1.778.470,24";"R$0,00";"R$0,00";"Estimativa de prêmio próximo concurso: (20 ACERTOS)R$2.500.000,00."
366;08/11/2003;4;9;11;16;21;22;24;29;42;44;49;51;55;65;67;69;71;75;82;93;2;"PR; SP";"R$1.203.653,32";47;"R$8.919,66";764;"R$546,64";4607;"R$45,33";21464;"R$9,74";0;-;0;"R$0,00";"R$0,00";"R$0,00";"R$0,00";"(Acumulado da Faixa de Zero Acerto para 20 ACERTOS, R$209.612,16). Estimativa de prêmio próximo concurso (20 ACERTOS) R$700.000,00."
367;12/11/2003;4;16;17;22;35;38;40;42;43;54;56;61;62;64;67;70;82;87;89;96;0;;"R$0,00";18;"R$16.353,95";181;"R$1.626,36";1589;"R$92,28";9713;"R$15,10";0;-;0;"R$0,00";"R$798.354,24";"R$0,00";"R$0,00";"ACUMULOU!!! Estimativa de prêmio (20 ACERTOS) próximo concurso: R$1.400.000,00"
368;15/11/2003;3;9;12;14;17;21;23;28;37;45;46;49;52;56;63;73;79;81;89;91;2;"RS; SP";"R$619.039,73";24;"R$12.214,59";270;"R$1.085,74";2534;"R$57,64";13204;"R$11,06";0;-;1;"R$146.575,08";"R$0,00";"R$0,00";"R$0,00";"Estimativa de prêmio (20 ACERTOS) próximo concurso: R$500.000,00. Ganhadores (zero acerto) por Estado: RJ(1)."
369;19/11/2003;3;5;6;9;15;17;19;29;30;53;56;62;64;66;68;69;72;73;84;95;0;;"R$0,00";8;"R$35.691,69";191;"R$1.494,94";1627;"R$87,42";10347;"R$13,75";0;-;0;"R$0,00";"R$571.067,04";"R$0,00";"R$0,00";"ACUMULOU!!! Estimativa de prêmio (20 ACERTOS) próximo concurso: R$1.200.000,00."
370;22/11/2003;5;12;13;15;18;19;24;27;28;43;50;52;54;57;58;68;72;80;83;93;0;;"R$0,00";17;"R$20.551,00";254;"R$1.375,46";2338;"R$74,44";14034;"R$12,41";0;-;0;"R$0,00";"R$1.269.801,24";"R$0,00";"R$0,00";"ACUMULOU!!! Estimativa de prêmio (20 ACERTOS) próximo concurso: R$1.800.000,00. (HUM MILHÃO E OITOCENTOS MIL REAIS)."
371;26/11/2003;2;7;8;15;23;37;41;45;48;50;52;53;58;59;62;66;67;78;87;90;0;;"R$0,00";10;"R$31.888,88";145;"R$2.199,24";1433;"R$110,85";9184;"R$17,30";0;-;0;"R$0,00";"R$1.907.578,89";"R$0,00";"R$0,00";"ACUMULOU!!! Estimativa de prêmio próximo concurso (20 ACERTOS): R$2.500.000,00."
372;29/11/2003;22;31;40;42;44;48;58;61;62;65;68;71;74;77;78;81;83;84;95;96;0;AL;"R$0,00";13;"R$29.625,66";237;"R$1.625,04";2069;"R$92,73";11986;"R$16,01";0;-;1;"R$192.566,83";"R$2.485.279,31";"R$0,00";"R$0,00";"ACUMULOU!!! Estimativa de prêmio próximo concurso (20 acertos): R$3.000.000,00. Ganhador (ZERO ACERTO): AL 01."
373;03/12/2003;0;1;3;13;25;29;30;36;38;48;50;53;54;61;71;77;78;85;87;89;0;;"R$0,00";12;"R$32.230,30";221;"R$1.750,06";1991;"R$96,77";12056;"R$15,98";0;-;0;"R$0,00";"R$3.258.806,52";"R$0,00";"R$0,00";"ACUMULOU!!! Estimativa de prêmio (20 ACERTOS) próximo concurso: R$4.000.000,00 (QUATRO MILHÕES DE REAIS)."
374;06/12/2003;4;8;16;19;27;30;35;42;43;46;51;54;56;57;58;59;74;78;79;83;0;;"R$0,00";19;"R$24.514,25";351;"R$1.326,98";2879;"R$80,59";17362;"R$13,37";0;-;2;"R$116.442,69";"R$3.957.462,61";"R$0,00";"R$0,00";"ACUMULOU!!! Estimativa de prêmio (20 ACERTOS) próximo concurso: R$4.500.000,00 (QUATRO MILHÕES E QUINHENTOS MIL REAIS). Ganhadores (zero acerto) por Estado: PR(1) - RS(1)."
375;10/12/2003;0;2;3;14;22;24;26;32;44;56;60;64;68;74;75;78;86;91;95;97;0;;"R$0,00";11;"R$39.438,70";249;"R$1.742,27";2277;"R$94,90";13843;"R$15,62";0;-;0;"R$0,00";"R$4.825.114,02";"R$0,00";"R$0,00";"ACUMULOU!!! Estimativa de prêmio (20 acertos) para o próximo concurso: R$5.500.000,00 (CINCO MILHÕES E QUINHENTOS MIL REAIS)."
376;13/12/2003;6;13;14;16;17;19;24;25;36;54;62;65;66;73;77;84;86;92;95;98;4;"DF; MS; PR; SC";"R$1.396.629,13";49;"R$10.359,22";584;"R$869,18";4622;"R$54,71";26439;"R$9,57";0;-;0;"R$0,00";"R$0,00";"R$0,00";"R$0,00";"Estimativa de prêmio (20 ACERTOS) próximo concurso: R$700.000,00. Valor acumulado (zero acerto): R$253.800,83."
377;17/12/2003;5;6;10;14;16;17;24;32;35;42;48;58;68;71;77;83;85;91;96;98;0;;"R$0,00";10;"R$33.994,13";225;"R$1.510,85";2184;"R$77,53";12360;"R$13,70";0;-;0;"R$0,00";"R$933.683,52";"R$0,00";"R$0,00";"ACUMULOU!!! Estimativa de prêmio (20 ACERTOS) próximo concurso: R$1.500.000,00 (HUM MILHÃO E QUINHENTOS MIL REAIS)."
378;20/12/2003;12;14;17;19;21;22;27;35;38;52;63;71;73;75;77;81;85;91;92;94;1;SP;"R$1.569.392,84";35;"R$12.108,75";335;"R$1.265,09";3124;"R$67,58";16830;"R$12,55";0;-;0;"R$0,00";"R$0,00";"R$0,00";"R$0,00";"Estimativa de prêmio (20 ACERTOS) próximo concurso: R$700.000,00. Valor acumulado (zero acerto): R$211.903,12"
379;27/12/2003;5;8;9;15;16;24;33;44;49;50;55;63;69;73;77;86;87;90;94;97;0;;"R$0,00";17;"R$23.639,23";226;"R$1.778,17";2369;"R$84,50";14050;"R$14,26";0;-;0;"R$0,00";"R$1.015.636,80";"R$0,00";"R$0,00";"ACUMULOU!!! Estimativa de prêmio (20 ACERTOS) próximo concurso: R$1.700.000,00 (HUM MILHÃO E SETECENTOS MIL REAIS)."
380;03/01/2004;3;7;13;14;16;20;23;25;30;31;35;44;51;59;65;78;81;85;92;93;1;SP;"R$1.627.722,76";20;"R$20.402,87";242;"R$1.686,19";2362;"R$86,06";13818;"R$14,72";0;-;0;"R$0,00";"R$0,00";"R$0,00";"R$0,00";"Estimativa de prêmio (20 Acertos) próximo concurso: R$750.000,00."
381;07/01/2004;2;3;4;8;14;16;40;45;49;62;66;70;72;76;77;84;85;96;98;99;0;;"R$0,00";3;"R$96.631,27";118;"R$2.456,73";1262;"R$114,42";7732;"R$18,68";0;-;0;"R$0,00";"R$783.816,25";"R$0,00";"R$0,00";"ACUMULOU!!! Estimativa de prêmio próximo concurso (20 ACERTOS): R$1.300.000,00."
382;10/01/2004;0;5;7;10;11;15;18;20;24;25;26;32;33;35;51;61;82;83;84;89;0;;"R$0,00";14;"R$25.863,99";223;"R$1.623,75";2182;"R$82,67";13057;"R$13,81";0;-;1;"R$181.047,93";"R$1.326.959,95";"R$0,00";"R$0,00";"ACUMULOU!!! Estimativa de prêmio (20 ACERTOS) próximo concurso: R$2.000.000,00. O prêmio para 0 (ZERO) ACERTO saiu para o estado de São Paulo."
383;14/01/2004;9;12;17;18;21;33;47;48;50;61;62;68;72;78;88;89;91;93;94;96;0;;"R$0,00";8;"R$41.562,22";111;"R$2.995,48";1287;"R$128,69";8481;"R$19,53";0;-;0;"R$0,00";"R$1.991.955,58";"R$0,00";"R$0,00";"Estimativa de prêmio (20 ACERTOS) próximo concurso: R$2.500.000,00."
384;17/01/2004;0;4;6;10;13;21;24;31;33;41;43;44;47;53;62;65;90;91;98;99;0;;"R$0,00";12;"R$32.094,08";251;"R$1.534,38";2297;"R$83,53";13782;"R$13,93";0;-;1;"R$192.564,50";"R$2.569.648,97";"R$0,00";"R$0,00";"ACUMULOU!!! Estimativa de prêmio próximo concurso (20 ACERTOS): R$3.000.000,00. Ganhador (0 ACERTO)- SC."
385;21/01/2004;6;8;14;16;22;25;34;39;40;43;47;48;52;53;54;62;64;77;89;92;1;RJ;"R$3.104.025,36";31;"R$11.491,97";315;"R$1.130,96";2940;"R$60,36";15037;"R$11,81";0;-;0;"R$0,00";"R$0,00";"R$0,00";"R$0,00";"Estimativa de prêmio (20 ACERTOS) próximo concurso: R$600.000,00.  Acumulado (0 ACERTO) para 20 ACERTOS (próximo concurso): R$178.125,50."
386;24/01/2004;1;5;14;34;39;41;42;43;47;49;53;56;61;69;73;76;82;86;92;96;0;;"R$0,00";14;"R$23.104,53";248;"R$1.304,29";2307;"R$69,84";12576;"R$12,82";0;-;0;"R$0,00";"R$663.320,75";"R$0,00";"R$0,00";"ACUMULOU!!! Estimativa de prêmio (20 ACERTOS) próximo concurso: R$1.300.000,00. Acumulado (0 ACERTO) para 20 ACERTOS próximo concurso: R$161.731,78."
387;28/01/2004;4;10;15;19;20;24;26;34;53;56;70;72;73;78;85;87;88;91;92;95;1;BA;"R$1.276.772,60";12;"R$25.095,56";179;"R$1.682,38";1278;"R$117,38";8025;"R$18,69";0;-;1;"R$150.573,38";"R$0,00";"R$0,00";"R$0,00";"Estimativa de prêmio (20 ACERTOS) próximo concurso: R$550.000,00. Ganhadores (zero acerto) por Estado: BA(1)."
388;31/01/2004;7;13;22;27;34;37;39;43;46;47;57;67;68;70;77;79;83;89;93;94;0;;"R$0,00";15;"R$20.525,46";234;"R$1.315,74";2241;"R$68,44";12365;"R$12,41";0;-;0;"R$0,00";"R$615.763,72";"R$0,00";"R$0,00";"ACUMULOU!!! Estimativa de prêmio (20 ACERTOS) próximo concurso: R$1.100.000,00 (HUM MILHÃO E CEM MIL REAIS)."
389;04/02/2004;0;11;19;24;26;28;32;34;38;39;40;41;45;63;66;68;73;75;80;91;0;;"R$0,00";17;"R$17.509,60";234;"R$1.272,07";1876;"R$79,04";11142;"R$13,31";0;-;0;"R$0,00";"R$1.211.090,12";"R$0,00";"R$0,00";"ACUMULOU!!! Estimativa de prêmio (20 ACERTOS) próximo concurso: R$1.800.000,00 (HUM MILHÃO E OITOCENTOS MIL REAIS)."
390;07/02/2004;2;8;15;16;21;22;24;25;27;33;36;47;51;56;60;71;80;87;90;91;1;SP;"R$1.780.256,74";16;"R$23.715,28";282;"R$1.345,55";2202;"R$85,84";12787;"R$14,79";0;-;1;"R$189.722,24";"R$0,00";"R$0,00";"R$0,00";"Estimativa de prêmio (20 ACERTOS) próximo concurso: R$450.000,00. Ganhadores (zero acerto) por Estado: SP(1)."
391;11/02/2004;0;1;13;19;20;29;30;32;41;45;53;58;61;63;66;69;71;73;88;91;0;;"R$0,00";14;"R$20.350,12";261;"R$1.091,58";2055;"R$69,06";11707;"R$12,13";0;-;1;"R$142.450,82";"R$427.352,38";"R$0,00";"R$0,00";"ACUMULOU!!! Estimativa de prêmio (20 ACERTOS) próximo concurso: R$1.000.000,00 (HUM MILHÃO DE REAIS). Ganhadores (zero acerto) por Estado: RJ(1)."
392;14/02/2004;3;7;12;19;27;31;32;36;41;44;46;59;65;68;72;73;78;82;87;94;2;"MG; SP";"R$473.551,12";20;"R$17.325,00";202;"R$1.715,35";1786;"R$96,64";10897;"R$15,84";0;-;3;"R$57.749,99";"R$0,00";"R$0,00";"R$0,00";"Estimativa de prêmio (20 ACERTOS) próximo concurso: R$450.000,00. Ganhadores (zero acerto) por Estado: SP(2) - MG(1)."
393;18/02/2004;2;3;7;15;24;25;38;43;45;46;47;57;60;75;81;87;89;90;95;97;2;"SP; TO";"R$198.951,44";7;"R$37.895,51";123;"R$2.156,66";1214;"R$108,84";8103;"R$16,31";0;-;1;"R$132.634,32";"R$0,00";"R$0,00";"R$0,00";"Estimativa de prêmio (20 ACERTOS) próximo concurso: R$550.000,00. Ganhadores (zero acerto) por Estado: MG(1)."
394;21/02/2004;4;11;16;30;39;41;46;47;48;57;69;71;73;74;79;82;88;94;95;97;0;;"R$0,00";9;"R$30.902,27";125;"R$2.224,96";1145;"R$120,99";7135;"R$19,42";0;-;0;"R$0,00";"R$556.240,98";"R$0,00";"R$0,00";"ACUMULOU!!! Estimativa de prêmio (20 ACERTOS) próximo concurso: R$1.200.000,00 (HUM MILHÃO E DUZENTOS MIL REAIS). A CAIXA informa que o concurso 395 da Lotomania ocorrerá em 28/02/2004 (sábado) às 20 horas."
395;28/02/2004;4;7;8;14;17;24;26;30;39;42;47;54;56;60;63;65;71;80;81;89;1;RJ;"R$1.090.846,71";22;"R$16.200,17";224;"R$1.591,09";1964;"R$90,40";11341;"R$15,66";0;-;0;"R$0,00";"R$0,00";"R$0,00";"R$0,00";"Estimativa de prêmio (20 ACERTOS) próximo concurso: R$600.000,00. Valor acumulado para 20 ACERTOS: R$178.201,92."
396;03/03/2004;11;13;16;19;20;22;26;28;42;43;49;52;55;58;59;60;69;86;93;96;0;;"R$0,00";6;"R$42.754,47";168;"R$1.526,95";1399;"R$91,34";9189;"R$13,91";0;-;0;"R$0,00";"R$691.255,58";"R$0,00";"R$0,00";"ACUMULOU!!! Estimativa de prêmio (20 ACERTOS) próximo concurso: R$1.200.000,00 (HUM MILHÃO E DUZENTOS MIL REAIS)."
397;06/03/2004;2;15;17;19;20;27;32;34;36;37;59;63;69;70;71;72;74;80;85;88;0;;"R$0,00";13;"R$25.478,82";179;"R$1.850,42";1622;"R$101,73";9904;"R$16,66";0;-;0;"R$0,00";"R$1.353.704,91";"R$0,00";"R$0,00";"ACUMULOU!!! Estimativa de prêmio (20 ACERTOS) próximo concurso: R$2.000.000,00 (DOIS MILHÕES DE REAIS)."
398;10/03/2004;2;5;6;8;10;14;17;21;39;43;47;55;64;71;76;81;89;93;94;99;1;PA;"R$1.826.453,91";9;"R$35.018,45";177;"R$1.780,60";1567;"R$100,19";9575;"R$16,40";0;-;1;"R$157.583,03";"R$0,00";"R$0,00";"R$0,00";"Estimativa de prêmio (20 ACERTOS) próximo concurso: R$450.000,00. Ganhador para ZERO ACERTO POR ESTADO-MG(01)."
399;13/03/2004;0;1;3;4;10;18;20;29;30;49;52;57;61;63;64;73;77;88;89;96;1;SP;"R$457.740,52";11;"R$27.741,85";135;"R$2.260,45";1435;"R$105,93";9057;"R$16,79";0;-;2;"R$76.290,10";"R$0,00";"R$0,00";"R$0,00";"Estimativa de prêmio (20 ACERTOS) próximo concurso: R$450.000,00.        Ganhadores por estado (ZERO ACERTO):    SP(2)."
400;17/03/2004;7;8;10;12;18;20;21;39;40;41;44;50;52;61;65;67;73;78;91;99;0;;"R$0,00";18;"R$14.269,17";189;"R$1.358,97";1657;"R$77,21";9917;"R$12,91";0;-;0;"R$0,00";"R$513.690,15";"R$0,00";"R$0,00";"ACUMULOU!!! Estimativa de prêmio (20 ACERTOS) próximo concurso: R$1.000.000,00 (HUM MILHÃO DE REAIS)."
401;20/03/2004;0;19;22;25;31;36;40;43;45;46;47;48;51;56;73;75;76;87;93;97;0;;"R$0,00";11;"R$28.404,91";197;"R$1.586,06";1807;"R$86,13";11685;"R$13,32";0;-;0;"R$0,00";"R$1.138.598,17";"R$0,00";"R$0,00";"ACUMULOU!!! Estimativa de prêmio (20 ACERTOS) próximo concurso: R$1.700.000,00 (HUM MILHÃO E SETECENTOS MIL REAIS)."
402;24/03/2004;3;6;14;20;22;27;33;37;46;53;61;63;64;68;70;72;75;79;84;95;2;"MG; SP";"R$797.335,35";19;"R$16.002,54";261;"R$1.164,94";1990;"R$76,11";11131;"R$13,61";0;-;1;"R$152.024,19";"R$0,00";"R$0,00";"R$0,00";"Estimativa de prêmio (20 ACERTOS) próximo concurso: R$500.000,00. Ganhadores (zero acerto) por Estado: SP(1)."
403;27/03/2004;17;25;36;37;38;40;42;48;50;55;57;62;71;72;73;79;80;82;92;93;0;;"R$0,00";10;"R$28.242,09";139;"R$2.031,80";1253;"R$112,28";8042;"R$17,50";0;-;0;"R$0,00";"R$564.841,87";"R$0,00";"R$0,00";"ACUMULOU!!! Estimativa de prêmio (20 ACERTOS) próximo concurso: R$1.100.000,00 (HUM MILHÃO E CEM MIL REAIS)."
404;31/03/2004;3;4;5;7;12;19;20;24;27;30;31;35;38;43;44;77;78;81;88;90;2;"BA; DF";"R$488.552,43";10;"R$27.484,20";239;"R$1.149,96";2174;"R$62,97";11982;"R$11,43";0;-;0;"R$0,00";"R$0,00";"R$0,00";"R$0,00";"Estimativa de prêmio (20 ACERTOS) para o próximo concurso: R$600.000,00.Acumulado zero acerto para 20 acertos, próximo concurso: R$137.421,02"
405;03/04/2004;5;7;16;22;26;33;37;38;39;43;44;58;59;61;68;70;81;83;89;92;0;;"R$0,00";10;"R$29.820,17";181;"R$1.647,52";1468;"R$101,19";9139;"R$16,25";0;-;0;"R$0,00";"R$733.824,31";"R$0,00";"R$0,00";"ACUMULOU!!! Estimativa de prêmio (20 ACERTOS) próximo concurso: R$1.300.000,00 (UM MILHÃO E TREZENTOS MIL REAIS). Acumulado 0 ACERTO para 20 ACERTOS: R$149.100,84."
406;07/04/2004;1;7;17;22;37;38;40;43;47;49;51;61;67;80;81;84;90;93;97;99;1;SP;"R$1.169.076,51";9;"R$32.240,91";170;"R$1.706,87";1607;"R$89,94";9298;"R$15,56";0;-;0;"R$0,00";"R$0,00";"R$0,00";"R$0,00";"Estimativa de prêmio (20 ACERTOS) próximo concurso: R$500.000,00. Valor acumulado para 20 acertos: R$145.084,10."
407;10/04/2004;5;6;7;10;15;24;29;34;40;44;45;72;74;75;87;89;93;94;98;99;0;;"R$0,00";3;"R$80.445,27";92;"R$2.623,22";943;"R$127,48";6246;"R$19,25";0;-;0;"R$0,00";"R$627.755,76";"R$0,00";"R$0,00";"ACUMULOU!!! Estimativa de prêmio (20 ACERTOS) próximo concurso: R$1.100.000,00 (HUM MILHÃO E CEM MIL REAIS)."
408;14/04/2004;2;4;5;17;18;20;23;26;27;28;34;40;43;66;70;74;78;85;88;93;0;;"R$0,00";11;"R$27.490,97";177;"R$1.708,48";1463;"R$102,96";9391;"R$16,04";0;-;0;"R$0,00";"R$1.232.557,04";"R$0,00";"R$0,00";"ACUMULOU !!! Estimativa de prêmio (20 ACERTOS) próximo concurso: R$1.800.000,00. Acumulado de Zero acerto para 20 acertos: R$151.200,33."
409;17/04/2004;5;11;19;21;22;31;35;40;46;55;60;61;66;67;77;80;84;92;95;97;0;;"R$0,00";19;"R$18.593,58";200;"R$1.766,39";2050;"R$85,85";12254;"R$14,37";0;-;0;"R$0,00";"R$1.939.113,16";"R$0,00";"R$0,00";"ACUMULOU!!! Estimativa de prêmio (20 ACERTOS) próximo concurso: R$2.500.000,00 (DOIS MILHÕES E QUINHENTOS MIL REAIS)."
410;21/04/2004;0;3;11;17;23;31;36;55;60;62;73;76;79;84;85;88;92;93;94;96;1;BA;"R$2.240.262,39";9;"R$22.307,35";112;"R$1.792,56";1101;"R$90,83";6151;"R$16,26";0;-;0;"R$0,00";"R$0,00";"R$0,00";"R$0,00";"Estimativa de prêmio (20 ACERTOS) próximo concurso: R$500.000,00. Acumulado de ZERO acerto para 20 acertos, R$100.383,11."
411;24/04/2004;1;14;17;18;19;22;28;32;43;46;47;51;61;70;73;87;92;93;95;98;0;;"R$0,00";2;"R$149.061,56";120;"R$2.484,36";1245;"R$119,28";8196;"R$18,13";0;-;0;"R$0,00";"R$696.629,36";"R$0,00";"R$0,00";"ACUMULOU!!! Estimativa de prêmio (20 ACERTOS) próximo concurso: R$1.100.000,00 (UM MILHÃO E CEM MIL REAIS). Valor acumulado de ZER0 ACERTO para 20 ACERTOS: R$149.061,57."
412;28/04/2004;4;5;10;14;18;22;27;34;37;45;48;49;50;56;63;68;71;81;89;99;0;;"R$0,00";16;"R$17.188,85";129;"R$2.131,95";1383;"R$99,06";8604;"R$15,93";0;-;0;"R$0,00";"R$1.246.672,66";"R$0,00";"R$0,00";"ACUMULOU!!! Estimativa de prêmio (20 ACERTOS) próximo concurso: R$1.700.000,00 (HUM MILHÃO E SETECENTOS MIL REAIS)."
413;01/05/2004;9;11;14;18;20;23;30;34;42;44;45;46;64;71;76;77;85;86;88;96;0;;"R$0,00";10;"R$24.995,38";103;"R$2.426,74";1136;"R$109,61";7237;"R$17,21";0;-;0;"R$0,00";"R$1.746.580,22";"R$0,00";"R$0,00";"ACUMULOU!!! Estimativa de prêmio (20 ACERTOS) próximo concurso: R$2.200.000,00 (DOIS MILHÕES E DUZENTOS MIL REAIS)."
414;05/05/2004;7;8;21;25;31;49;50;53;54;56;61;64;66;73;78;81;85;92;94;99;0;;"R$0,00";11;"R$30.352,24";151;"R$2.211,09";1415;"R$117,54";8928;"R$18,63";0;-;0;"R$0,00";"R$2.414.329,59";"R$0,00";"R$0,00";"ACUMULOU!!! Estimativa de prêmio (20 ACERTOS) próximo concurso: R$2.800.000,00 (DOIS MILHÕES E OITOCENTOS MIL REAIS)."
415;08/05/2004;0;6;14;16;17;18;31;43;44;49;55;62;64;69;72;79;82;90;92;98;0;;"R$0,00";14;"R$27.603,15";157;"R$2.461,43";1590;"R$121,06";10341;"R$18,62";0;-;0;"R$0,00";"R$3.187.217,72";"R$0,00";"R$0,00";"ACUMULOU!!! Estimativa de prêmio (20 ACERTOS) próximo concurso: R$3.800.000,00 (TRÊS MILHÕES E OITOCENTOS MIL REAIS)."
416;12/05/2004;0;13;15;17;23;24;25;34;35;40;41;47;54;57;62;63;70;80;92;95;1;CE;"R$3.753.443,91";10;"R$37.748,41";187;"R$2.018,63";1567;"R$120,00";10521;"R$17,88";0;-;1;"R$188.742,09";"R$0,00";"R$0,00";"R$0,00";"Estimativa de prêmio (20 ACERTOS) próximo concurso: R$500.000,00. Ganhadores (zero acerto) por Estado: CE(1)."
417;15/05/2004;6;15;16;19;22;40;41;46;47;50;51;55;57;61;73;82;83;90;96;97;0;;"R$0,00";10;"R$29.014,65";104;"R$2.789,87";1093;"R$132,23";6929;"R$20,87";0;-;0;"R$0,00";"R$580.293,06";"R$0,00";"R$0,00";"ACUMULOU!!! Estimativa de prêmio (20 ACERTOS) próximo concurso: R$1.000.000,00."
418;19/05/2004;0;1;3;12;17;23;27;28;36;38;39;41;46;49;56;62;77;82;88;98;1;RJ;"R$1.005.043,41";10;"R$28.316,69";198;"R$1.430,14";1782;"R$79,15";10527;"R$13,40";0;-;0;"R$0,00";"R$0,00";"R$0,00";"R$0,00";"Estimativa de prêmio (20 ACERTOS) próximo concurso: R$500.000,00. Acumulado ZERO ACERTO para 20 ACERTOS: R$141.583,47."
419;22/05/2004;0;2;17;18;27;31;38;39;40;48;52;58;71;76;78;80;84;89;90;93;0;;"R$0,00";7;"R$40.625,34";124;"R$2.293,37";1041;"R$136,08";6907;"R$20,51";0;-;1;"R$142.188,72";"R$568.149,54";"R$0,00";"R$0,00";"ACUMULOU!!! Estimativa de prêmio (20 ACERTOS) próximo concurso: R$1.000.000,00 (UM MILHÃO DE REAIS). Ganhador (0 ACERTO): SP"
420;26/05/2004;2;4;14;21;23;24;27;32;41;54;55;58;60;68;82;84;85;88;90;91;0;;"R$0,00";16;"R$17.050,61";196;"R$1.391,88";1297;"R$104,78";8210;"R$16,56";0;-;0;"R$0,00";"R$1.113.769,14";"R$0,00";"R$0,00";"ACUMULOU!!! Estimativa de prêmio (20 ACERTOS) próximo concurso: R$1.700.000,00 (HUM MILHÃO E SETECENTOS MIL REAIS)."
421;29/05/2004;0;3;11;12;15;18;32;33;34;45;46;51;58;67;74;83;84;95;96;99;0;;"R$0,00";11;"R$28.752,67";157;"R$2.014,52";1516;"R$103,92";9059;"R$17,40";0;-;0;"R$0,00";"R$1.746.327,88";"R$0,00";"R$0,00";"ACUMULOU!!! Estimativa de prêmio (20 ACERTOS) próximo concurso: R$2.300.000,00 (DOIS MILHÕES E TREZENTOS MIL REAIS)."
422;02/06/2004;6;11;17;22;23;25;26;37;43;45;51;64;66;68;74;82;84;85;94;99;1;SP;"R$2.241.022,66";18;"R$18.322,03";324;"R$1.017,89";2602;"R$63,14";13773;"R$11,93";0;-;1;"R$164.898,28";"R$0,00";"R$0,00";"R$0,00";"Estimativa de prêmio (20 ACERTOS) próximo concurso: R$550.000,00. Ganhadores (zero acerto) por Estado: SP(1)."
423;05/06/2004;5;12;17;28;34;54;57;67;69;73;77;79;80;82;88;91;92;94;95;97;0;;"R$0,00";12;"R$26.518,03";180;"R$1.767,87";1834;"R$86,44";10885;"R$14,57";0;-;0;"R$0,00";"R$636.432,85";"R$0,00";"R$0,00";"ACUMULOU!!! Estimativa de prêmio (20 ACERTOS) próximo concurso: R$1.200.000,00 (HUM MILHÃO E DUZENTOS MIL REAIS)."
424;09/06/2004;11;19;23;25;26;28;34;35;40;46;48;58;59;69;71;72;79;83;85;98;1;PR;"R$1.073.023,42";10;"R$29.106,04";138;"R$2.109,13";1443;"R$100,47";8455;"R$17,15";0;-;0;"R$0,00";"R$0,00";"R$0,00";"R$0,00";"Estimativa de prêmio (20 ACERTOS) próximo concurso: R$400.000,00. Acumulado de zero acerto para 20 acertos: R$145.530,21."
425;12/06/2004;3;12;15;27;31;35;36;37;42;44;51;64;68;70;76;78;82;85;90;98;0;;"R$0,00";13;"R$20.004,52";189;"R$1.375,97";1514;"R$85,57";8718;"R$14,86";0;-;0;"R$0,00";"R$665.647,77";"R$0,00";"R$0,00";"Acumulou!!! Estimativa de prêmio (VINTE ACERTOS) para o próximo concurso: R$1.000.000,00."
426;16/06/2004;0;2;5;9;11;15;29;42;46;53;54;62;64;74;82;83;86;93;94;96;0;;"R$0,00";9;"R$34.674,18";204;"R$1.529,74";1842;"R$84,39";10999;"R$14,14";0;-;0;"R$0,00";"R$1.289.783,00";"R$0,00";"R$0,00";"Acumulou!!! Estimativa de prêmio (VINTE ACERTOS) próximo concurso: R$1.800.000,00."
427;19/06/2004;1;10;14;38;39;40;41;44;45;47;54;55;61;64;72;78;83;89;92;93;1;SP;"R$1.812.606,58";10;"R$34.854,91";196;"R$1.778,31";1780;"R$97,54";11300;"R$15,38";0;-;0;"R$0,00";"R$0,00";"R$0,00";"R$0,00";"Estimativa de prêmio (20 ACERTOS) próximo concurso: R$600.000,00. Valor acumulado da faixa (zero acerto): R$174.274,55."
428;23/06/2004;5;11;13;18;22;25;27;29;31;45;52;53;57;63;72;81;84;86;89;99;0;;"R$0,00";27;"R$9.206,43";252;"R$986,40";2096;"R$59,08";10795;"R$11,47";0;-;0;"R$0,00";"R$671.421,34";"R$0,00";"R$0,00";"ACUMULOU!!! Estimativa de prêmio (20 ACERTOS) próximo concurso: R$1.200.000,00 (HUM MILHÃO E DUZENTOS MIL REAIS)."
429;26/06/2004;9;23;27;28;35;41;42;50;51;55;57;74;77;78;83;85;86;88;96;98;0;;"R$0,00";13;"R$22.612,57";208;"R$1.413,28";1784;"R$82,08";10885;"R$13,46";0;-;0;"R$0,00";"R$1.259.348,10";"R$0,00";"R$0,00";"ACUMULOU!!! Estimativa de prêmio (20 ACERTOS) próximo concurso: R$1.700.000,00 (HUM MILHÃO E SETECENTOS MIL REAIS)."
430;30/06/2004;2;5;15;20;21;22;23;28;31;34;40;43;53;55;68;72;83;88;92;93;0;;"R$0,00";12;"R$24.636,69";265;"R$1.115,62";2155;"R$68,34";11518;"R$12,80";0;-;0;"R$0,00";"R$1.850.628,72";"R$0,00";"R$0,00";"ACUMULOU!!! Estimativa de prêmio (20 ACERTOS) próximo concurso: R$2.400.000,00 (DOIS MILHÕES E QUATROCENTOS MIL REAIS)."
431;03/07/2004;2;5;17;20;25;26;29;47;49;51;52;54;56;58;72;73;82;88;89;96;0;;"R$0,00";19;"R$18.829,49";227;"R$1.576,03";1976;"R$90,19";11832;"R$15,07";0;-;1;"R$178.880,12";"R$2.387.268,96";"R$0,00";"R$0,00";"ACUMULOU!!! Estimativa de prêmio (20 ACERTOS) próximo concurso: R$3.000.000,00 (TRÊS MILHÕES DE REAIS). Ganhadores (zero acerto) por estado: SP(1)."
432;07/07/2004;2;6;7;12;18;19;24;26;32;42;43;45;59;60;67;71;72;73;75;86;0;;"R$0,00";19;"R$18.932,80";199;"R$1.807,66";1916;"R$93,52";11799;"R$15,19";0;-;0;"R$0,00";"R$3.106.715,19";"R$0,00";"R$0,00";"Acumulou!!! Estimativa de prêmio (20 ACERTOS) próximo concurso: R$3.700.000,00."
433;10/07/2004;1;9;14;17;18;22;24;27;34;40;43;44;45;48;68;74;88;89;92;95;0;;"R$0,00";16;"R$25.137,33";331;"R$1.215,10";3044;"R$65,81";16429;"R$12,20";0;-;0;"R$0,00";"R$3.911.109,51";"R$0,00";"R$0,00";"ACUMULOU!!! Estimativa de prêmio (20 ACERTOS) próximo concurso: R$4.600.000,00 (QUATRO MILHÕES E SEISCENTOS MIL REAIS)."
434;14/07/2004;7;11;14;20;22;28;31;35;41;55;61;68;69;70;73;75;76;80;92;94;1;SP;"R$4.532.891,62";13;"R$31.886,26";171;"R$2.424,10";1691;"R$122,11";11125;"R$18,56";0;-;1;"R$207.260,73";"R$0,00";"R$0,00";"R$0,00";"Estimativa de prêmio (20 ACERTOS) próximo concurso: R$500.000,00. Ganhadores (zero acerto) por Estado: SP(1)."
435;17/07/2004;0;3;4;10;14;25;27;30;31;34;41;43;44;45;47;51;62;66;95;99;0;;"R$0,00";11;"R$27.038,95";219;"R$1.358,12";2035;"R$72,81";12339;"R$12,01";0;-;0;"R$0,00";"R$594.856,94";"R$0,00";"R$0,00";"Acumulou!!! Estimativa de prêmio (20 ACERTOS) próximo concurso: R$1.100.000,00."
436;21/07/2004;2;7;17;20;24;27;34;44;46;50;53;63;75;78;79;81;85;92;93;98;3;"BA; PA; SP";"R$349.592,92";9;"R$33.623,84";161;"R$1.879,60";1313;"R$114,81";8233;"R$18,32";0;-;6;"R$25.217,88";"R$0,00";"R$0,00";"R$0,00";"Estimativa de prêmio (20 ACERTOS) próximo concurso: R$500.000,00. Ganhadores (zero acerto) por Estado: BA(1) - GO(1) - PA(1) - RJ(2) - SP(1)."
437;24/07/2004;6;26;28;30;32;36;41;43;49;53;55;59;66;68;73;75;76;78;95;97;2;"MG; RJ";"R$213.134,77";34;"R$8.358,23";325;"R$874,40";2362;"R$59,94";12317;"R$11,50";0;-;4;"R$35.522,46";"R$0,00";"R$0,00";"R$0,00";"Estimativa de prêmio (20 ACERTOS) próximo concurso: R$500.000,00. Ganhadores (zero acerto) por Estado: PB(1) - RJ(1) - SC(1) - SP(1)."
438;28/07/2004;5;14;20;27;28;30;36;37;38;40;46;47;49;54;66;67;68;71;82;89;0;;"R$0,00";11;"R$22.305,13";115;"R$2.133,53";1106;"R$110,50";6899;"R$17,72";0;-;0;"R$0,00";"R$490.712,97";"R$0,00";"R$0,00";"Acumulou!!! Estimativa de prêmio (20 ACERTOS) próximo concurso: R$1.000.000,00."
439;31/07/2004;4;5;11;13;14;20;41;43;46;47;48;68;71;72;75;76;77;78;87;98;0;;"R$0,00";16;"R$18.522,80";391;"R$755,08";1767;"R$83,55";8920;"R$16,56";0;-;0;"R$0,00";"R$1.083.442,67";"R$0,00";"R$0,00";"Acumulou!!! Estimativa de prêmio (20 ACERTOS) próximo concurso: R$1.600.000,00."
440;04/08/2004;10;14;24;35;42;43;46;52;54;70;74;76;82;83;84;86;87;91;92;96;1;PR;"R$1.563.183,20";5;"R$63.965,38";197;"R$1.623,49";1787;"R$89,15";10838;"R$14,70";0;-;1;"R$159.913,46";"R$0,00";"R$0,00";"R$0,00";"Estimativa de prêmio (20 CERTOS) próximo concurso: R$500.000,00 (QUINHENTOS MIL REAIS). Ganhadores (zero acerto)por Estado: PR(1)."
441;07/08/2004;3;5;10;19;23;24;28;38;41;48;58;64;67;71;75;76;78;79;86;96;0;;"R$0,00";10;"R$30.689,64";155;"R$1.979,98";1615;"R$94,66";9977;"R$15,33";0;-;0;"R$0,00";"R$613.792,77";"R$0,00";"R$0,00";"Acumulou!!! Estimativa de prêmio (20 CERTOS) próximo concurso: R$1.000.000,00 (HUM MILHÃO DE REAIS)."
442;11/08/2004;1;9;21;24;33;34;36;39;41;42;45;46;56;63;82;85;87;92;97;99;0;;"R$0,00";7;"R$43.349,35";149;"R$2.036,55";1422;"R$106,30";8945;"R$16,91";0;-;0;"R$0,00";"R$1.220.683,57";"R$0,00";"R$0,00";"ACUMULOU!!! Estimativa de prêmio (20 ACERTOS) próximo concurso: R$1.800.000,00 (HUM MILHÃO E OITOCENTOS MIL REAIS)."
443;14/08/2004;4;6;8;14;17;29;32;37;49;51;54;55;57;61;64;67;85;92;95;97;2;"PB; RJ";"R$870.825,48";20;"R$17.365,58";421;"R$824,97";2224;"R$77,79";12336;"R$14,03";0;-;1;"R$173.655,81";"R$0,00";"R$0,00";"R$0,00";"Estimativa de prêmio (20 ACERTOS) próximo concurso: R$500.000,00. Ganhadores (zero acerto) por Estado: BA(1)."
444;18/08/2004;11;14;19;22;27;29;42;47;59;60;62;65;68;80;81;83;90;93;96;98;0;;"R$0,00";7;"R$36.872,05";155;"R$1.665,19";1415;"R$90,86";8693;"R$14,79";0;-;1;"R$129.052,19";"R$387.156,52";"R$0,00";"R$0,00";"Acumulou!!! Estimativa de prêmio (20 acertos) para o próximo concurso: R$900.000,00. Ganhador de zero acerto: PR."
445;21/08/2004;3;7;19;22;25;26;30;31;34;35;41;43;46;55;57;59;68;73;96;99;1;SP;"R$835.107,52";11;"R$27.148,55";267;"R$1.118,48";2411;"R$61,70";13561;"R$10,97";0;-;0;"R$0,00";"R$0,00";"R$0,00";"R$0,00";"Estimativa de prêmio (20 ACERTOS) próximo concurso: R$550.000,00."
446;25/08/2004;3;6;7;13;17;20;21;24;34;41;46;53;62;63;72;79;88;91;97;98;0;;"R$0,00";7;"R$34.877,58";124;"R$1.968,89";1106;"R$109,96";7257;"R$16,77";0;-;0;"R$0,00";"R$637.603,12";"R$0,00";"R$0,00";"Acumulou!!! Estimativa de prêmio (20 ACERTOS) próximo concurso: R$1.100.000,00 (HUM MILHÃO E CEM MIL REAIS)."
447;28/08/2004;6;12;24;27;28;34;35;39;47;48;49;55;58;60;63;64;79;92;93;97;1;RN;"R$1.070.464,00";15;"R$19.238,27";170;"R$1.697,50";1476;"R$97,39";9367;"R$15,35";0;-;0;"R$0,00";"R$0,00";"R$0,00";"R$0,00";"Estimativa de prêmio (20 ACERTOS) próximo concurso: R$550.000,00 (QUINHENTOS E CINQUENTA MIL REAIS). Acumulado de zero acerto para 20 acertos: R$144.286,99."
448;01/09/2004;3;6;9;10;25;31;40;41;43;44;47;48;68;69;75;76;85;91;95;98;0;;"R$0,00";7;"R$35.503,89";130;"R$1.911,75";1276;"R$97,02";7222;"R$17,15";0;-;0;"R$0,00";"R$641.341,45";"R$0,00";"R$0,00";"Acumulou!!! Estimativa de prêmio (20 ACERTOS) próximo concurso: R$1.100.000,00 (HUM MILHÃO E CEM MIL REAIS)."
449;04/09/2004;13;14;20;24;27;31;40;45;47;54;65;66;77;78;83;88;89;93;96;98;1;SP;"R$1.108.265,62";18;"R$17.293,49";260;"R$1.197,24";2231;"R$69,51";12706;"R$12,21";0;-;2;"R$77.820,71";"R$0,00";"R$0,00";"R$0,00";"Estimativa de prêmio (20 ACERTOS) próximo concurso: R$350.000,00 (TREZENTOS E CINQUENTA MIL REAIS). Ganhadores (20 ACERTOS) por estado: SP(1). Ganhadores (ZERO ACERTO) por Estado: AP(1), SP(1)."
450;08/09/2004;8;11;12;13;14;18;20;22;24;31;34;37;42;47;63;75;76;82;89;98;1;SP;"R$312.040,92";6;"R$34.671,21";154;"R$1.350,83";1404;"R$73,81";8450;"R$12,27";0;-;0;"R$0,00";"R$0,00";"R$0,00";"R$0,00";"Estimativa de prêmio (20 ACERTOS) próximo concurso: R$470.000,00 (QUATROCENTOS E SETENTA MIL REAIS). Acumulado da faixa ZERO ACERTO para 20 ACERTOS: R$104.013,64"
451;11/09/2004;1;11;16;17;19;25;28;29;31;35;37;41;53;58;63;74;78;79;91;94;0;;"R$0,00";7;"R$41.397,77";136;"R$2.130,77";1347;"R$107,17";8346;"R$17,30";0;-;0;"R$0,00";"R$683.582,33";"R$0,00";"R$0,00";"ACUMULOU!!! Estimativa de prêmio (20 acertos) para o próximo concurso: R$1.100.000,00 (Um milhão e cem mil reais)."
452;15/09/2004;0;11;17;23;29;34;52;56;57;60;67;68;70;78;83;91;92;93;95;98;1;SP;"R$1.114.741,57";8;"R$35.929,94";122;"R$2.356,06";1105;"R$129,57";7306;"R$19,60";0;-;1;"R$143.719,78";"R$0,00";"R$0,00";"R$0,00";"Estimativa de prêmio (20 ACERTOS) próximo concurso: R$450.000,00. O Ganhador do prêmio de zero acerto é do RN."
453;18/09/2004;0;5;6;11;16;20;24;31;36;43;47;52;54;56;59;68;72;74;96;99;0;;"R$0,00";17;"R$15.299,85";212;"R$1.226,87";1840;"R$70,42";10914;"R$11,88";0;-;0;"R$0,00";"R$520.194,85";"R$0,00";"R$0,00";"Acumulou!!! Estimativa de prêmio (20 ACERTOS) próximo concurso: R$1.000.000,00."
454;22/09/2004;5;8;11;12;14;21;30;34;42;47;49;62;68;73;80;82;84;89;90;96;0;;"R$0,00";13;"R$19.676,33";141;"R$1.814,13";1303;"R$97,79";7823;"R$16,29";0;-;0;"R$0,00";"R$1.031.779,44";"R$0,00";"R$0,00";"Estimativa de prêmio (20 ACERTOS) próximo concurso: R$1.500.000,00."
455;25/09/2004;24;26;38;42;48;49;51;52;54;60;62;63;66;74;82;85;86;87;92;99;0;;"R$0,00";24;"R$11.744,53";243;"R$1.159,95";1793;"R$78,31";10468;"R$13,42";0;-;1;"R$140.934,46";"R$1.454.582,74";"R$0,00";"R$0,00";"ACUMULOU!!! Estimativa de prêmio (20 acertos) para o próximo concurso: R$1.800.000,00 (um milhão e oitocentos mil reais). Ganhador da faixa de Zero Acerto: RS."
456;29/09/2004;3;6;8;9;10;17;40;43;44;49;60;63;70;75;76;80;91;95;97;99;3;"BA; SP";"R$617.245,19";8;"R$33.096,07";232;"R$1.141,24";2123;"R$62,13";10712;"R$12,32";0;-;3;"R$44.128,10";"R$0,00";"R$0,00";"R$0,00";"Estimativa de prêmio (20 ACERTOS) próximo concurso: R$400.000,00. Os ganhadores de zero acerto são: SP-02. PB-01."
457;02/10/2004;1;3;5;6;13;14;18;19;21;22;28;30;32;43;52;61;66;67;81;94;0;;"R$0,00";8;"R$31.915,14";169;"R$1.510,78";1782;"R$71,37";10285;"R$12,38";0;-;0;"R$0,00";"R$510.642,22";"R$0,00";"R$0,00";"ACUMULOU!!! Estimativa de prêmio (20 acertos) para o próximo concurso: R$900.000,00 (novecentos mil reais)."
458;06/10/2004;1;4;7;8;12;14;17;21;22;27;44;46;62;71;72;83;84;87;93;97;0;;"R$0,00";10;"R$27.665,89";235;"R$1.177,27";1840;"R$74,90";10019;"R$13,76";0;-;1;"R$138.329,46";"R$925.630,53";"R$0,00";"R$0,00";"Acumulou!!! Estimativa de prêmio (20 ACERTOS) próximo concurso: R$1.400.000,00 (HUM MILHÃO E QUATROCENTOS MIL REAIS). Ganhador de zero acerto: ES."
459;09/10/2004;2;18;20;22;36;39;41;42;53;59;60;62;64;69;72;74;86;89;92;98;1;RJ;"R$1.401.356,39";21;"R$15.102,41";283;"R$1.120,68";2027;"R$77,94";11824;"R$13,36";0;-;0;"R$0,00";"R$0,00";"R$0,00";"R$0,00";"Estimativa de prêmio (20 acertos) para o próximo concurso: R$500.000,00. Valor acumulado para 20 acertos: R$158.575,32."
460;13/10/2004;8;10;16;21;27;34;36;39;47;48;62;63;66;67;76;77;87;92;96;99;0;;"R$0,00";7;"R$30.686,28";102;"R$2.105,92";1153;"R$92,80";6809;"R$15,73";0;-;1;"R$107.401,99";"R$480.781,23";"R$0,00";"R$0,00";"Estimativa de prêmio (20 acertos) para o próximo concurso: R$900.000,00 (NOVECENTOS MIL REAIS). Ganhador de Zero Acerto: MG."
461;16/10/2004;0;1;4;6;7;9;11;13;16;25;30;32;41;43;44;56;61;81;87;96;0;;"R$0,00";22;"R$13.626,79";291;"R$1.030,21";2568;"R$58,15";13962;"R$10,70";0;-;3;"R$49.964,92";"R$930.465,39";"R$0,00";"R$0,00";"ACUMULOU!!! Estimativa de prêmio (20 acertos) para o próximo concurso: R$1.400.000,00 (HUM MILHÃO E QUATROCENTOS MIL REAIS). Ganhadores de Zero Acerto: BA (01) - PA (02)."
462;20/10/2004;3;6;8;19;26;30;34;41;43;44;47;58;66;69;80;82;89;91;95;99;1;GO;"R$1.364.234,97";22;"R$13.144,53";287;"R$1.007,60";2167;"R$66,47";11732;"R$12,28";0;-;0;"R$0,00";"R$0,00";"R$0,00";"R$0,00";"Estimativa de prêmio (20 ACERTOS) próximo concurso: R$600.000,00. Acumulado de zero acerto para 20 acertos: R$144.589,87."
463;23/10/2004;1;7;12;15;22;29;39;41;48;54;55;65;68;72;76;79;80;84;90;91;0;;"R$0,00";10;"R$27.115,95";148;"R$1.832,16";1154;"R$117,05";6907;"R$19,56";0;-;0;"R$0,00";"R$686.908,74";"R$0,00";"R$0,00";"ACUMULOU!!! Estimativa de prêmio (20 acertos) para o próximo concurso: R$1.100.000,00 (HUM MILHÃO E CEM MIL REAIS)."
464;27/10/2004;6;8;15;21;26;39;40;41;53;54;57;59;63;65;70;73;76;81;88;92;0;;"R$0,00";17;"R$15.392,32";156;"R$1.677,37";1289;"R$101,12";7439;"R$17,53";0;-;0;"R$0,00";"R$1.210.247,53";"R$0,00";"R$0,00";"ACUMULOU!!! Estimativa de prêmio (20 ACERTOS) próximo concurso: R$1.600.000,00 (HUM MILHÃO E SEISCENTOS MIL REAIS)."
465;30/10/2004;0;8;26;39;40;43;47;49;55;59;62;65;71;77;80;94;95;96;98;99;2;"DF; MS";"R$829.156,81";13;"R$22.977,75";154;"R$1.939,68";1489;"R$99,93";9261;"R$16,07";0;-;0;"R$0,00";"R$0,00";"R$0,00";"R$0,00";"Estimativa de prêmio (20 acertos) para o próximo concurso: R$450.000,00. Valor acumulado de zero acerto para 20 acertos: R$149.355,39."
466;03/11/2004;1;5;6;11;27;29;33;34;35;37;38;39;41;46;53;62;65;87;91;99;0;;"R$0,00";4;"R$51.524,95";110;"R$1.873,64";982;"R$104,55";6407;"R$16,02";0;-;0;"R$0,00";"R$561.554,96";"R$0,00";"R$0,00";"ACUMULOU!!! Estimativa de prêmio (20 ACERTOS) próximo concurso: R$1.000.000,00."
467;06/11/2004;5;9;10;11;14;31;44;46;49;57;58;62;65;72;78;86;87;90;92;99;1;MA;"R$1.010.763,98";5;"R$59.894,54";126;"R$2.376,77";1278;"R$116,72";8186;"R$18,24";0;-;0;"R$0,00";"R$0,00";"R$0,00";"R$0,00";"Estimativa de prêmio (20 acertos) para o próximo concurso: R$500.000,00. Acumulado de Zero Acerto para Vinte Acertos: R$149.736,36."
468;10/11/2004;2;8;15;17;21;32;42;43;49;59;67;71;72;73;80;84;86;88;91;97;1;SP;"R$531.169,99";4;"R$63.572,28";139;"R$1.829,42";1276;"R$99,27";7462;"R$16,98";0;-;0;"R$0,00";"R$0,00";"R$0,00";"R$0,00";"Estimativa de prêmio (20 ACERTOS) próximo concurso: R$600.000,00 (SEISCENTOS MIL REAIS). Acumulado de zero acerto para 20 acertos: R$127.144,57."
469;13/11/2004;2;3;6;7;10;11;23;25;32;38;39;45;53;61;63;68;77;83;84;85;0;;"R$0,00";6;"R$45.713,18";173;"R$1.585,43";1498;"R$91,21";8961;"R$15,26";0;-;0;"R$0,00";"R$675.702,76";"R$0,00";"R$0,00";"ACUMULOU!!! Estimativa de prêmio (20 ACERTOS) para o próximo concurso: R$1.000.000,00 (HUM MILHÃO DE REAIS)."
470;17/11/2004;6;9;10;11;13;17;18;23;28;38;39;42;43;45;46;51;58;68;92;97;0;;"R$0,00";16;"R$15.119,75";197;"R$1.228,00";1809;"R$66,62";11649;"R$10,36";0;-;0;"R$0,00";"R$1.159.534,60";"R$0,00";"R$0,00";"Acumulou!!! Estimativa de prêmio (20 ACERTOS) para o próximo concurso: R$1.600.000,00 (HUM MILHÃO E SEISCENTOS MIL REAIS)."
471;20/11/2004;0;5;7;11;12;15;18;20;21;23;28;31;32;35;44;66;69;86;90;95;1;PR;"R$1.629.657,57";11;"R$28.492,30";225;"R$1.392,96";2003;"R$77,95";11608;"R$13,45";0;-;1;"R$156.707,68";"R$0,00";"R$0,00";"R$0,00";"Estimativa de prêmio (20 acertos) para o próximo concurso: R$400.000,00. Ganhador da Zero Acerto: SP."
472;24/11/2004;1;4;12;21;22;24;25;35;40;45;48;60;67;68;78;86;92;96;97;98;0;;"R$0,00";10;"R$23.648,24";89;"R$2.657,11";1610;"R$73,17";6139;"R$19,19";0;-;0;"R$0,00";"R$472.964,69";"R$0,00";"R$0,00";"ACUMULOU!!! Estimativa de prêmio (20 ACERTOS) próximo concurso: R$850.000,00."
473;27/11/2004;9;11;13;14;17;27;28;31;33;46;62;68;69;71;73;79;86;92;94;97;0;;"R$0,00";14;"R$19.877,87";256;"R$1.087,07";2113;"R$65,60";14936;"R$9,28";0;-;1;"R$139.145,12";"R$890.399,98";"R$0,00";"R$0,00";"ACUMULOU!!! Estimativa de prêmio (20 acertos) para o próximo concurso: R$1.300.000,00 (HUM MILHÃO e TREZENTOS MIL REAIS). Ganhador da faixa de Zero Acerto: SP."
474;01/12/2004;4;5;16;18;21;24;25;39;41;44;45;48;55;57;83;85;88;92;93;98;0;;"R$0,00";15;"R$18.717,44";248;"R$1.132,11";2132;"R$65,60";12097;"R$11,56";0;-;0;"R$0,00";"R$1.451.923,24";"R$0,00";"R$0,00";"ACUMULOU! Estimativa de prêmio (20 ACERTOS) para o próximo concurso: R$2.000.000,00 (DOIS MILHÕES DE REAIS)."
475;04/12/2004;6;9;12;16;18;20;26;29;40;42;59;63;74;75;76;82;88;89;90;97;0;;"R$0,00";14;"R$24.360,63";148;"R$2.304,38";1439;"R$118,05";9120;"R$18,63";0;-;0;"R$0,00";"R$2.134.021,04";"R$0,00";"R$0,00";"ACUMULOU!!! Estimativa de prêmio (20 acertos) para o próximo concurso: R$ 2.500.000,00  (DOIS MILHÕES E QUINHENTOS MIL REAIS)."
476;08/12/2004;6;8;19;20;27;32;35;38;41;45;48;52;59;61;69;72;73;76;82;98;0;;"R$0,00";6;"R$53.198,57";182;"R$1.753,80";1556;"R$102,19";9838;"R$16,16";0;-;2;"R$79.797,86";"R$2.612.808,15";"R$0,00";"R$0,00";"ACUMULOU!!! Estimativa de prêmio (20 ACERTOS) próximo concurso: R$3.200.000,00 (TRÊS MILHÕES E DUZENTOS MIL REAIS). Dois ganhadores com zero acerto: PE e SC."
477;11/12/2004;3;5;14;20;21;25;32;43;44;46;55;56;67;68;71;72;87;95;96;97;1;GO;"R$3.175.385,74";18;"R$20.836,20";215;"R$1.744,43";2099;"R$89,01";12863;"R$14,53";0;-;1;"R$187.525,90";"R$0,00";"R$0,00";"R$0,00";"Estimativa de prêmio (20 ACERTOS) para o próximo concurso: R$350.000,00. O ganhador de zero acerto é do estado de Goiás."
478;15/12/2004;9;19;20;21;23;25;30;45;46;48;51;62;63;64;67;71;74;84;88;89;0;;"R$0,00";5;"R$51.688,38";103;"R$2.509,15";981;"R$131,22";6844;"R$18,81";0;-;0;"R$0,00";"R$516.883,77";"R$0,00";"R$0,00";"ACUMULOU!!! Estimativa de prêmio (20 ACERTOS) próximo concurso: R$1.000.000,00 (HUM MILHÃO DE REAIS)."
479;18/12/2004;3;6;7;14;15;20;28;36;43;47;48;50;60;63;65;72;78;80;91;96;0;;"R$0,00";8;"R$37.505,75";165;"R$1.818,46";1507;"R$99,18";9174;"R$16,30";0;-;0;"R$0,00";"R$1.116.975,78";"R$0,00";"R$0,00";"ACUMULOU!!! Estimativa de prêmio (20 acertos) para o próximo concurso: R$1.600.000,00 (UM MILHÃO E SEISCENTOS MIL REAIS)."
480;22/12/2004;3;4;8;16;22;23;26;28;31;32;33;34;36;40;43;51;55;61;79;82;2;RJ;"R$789.668,78";22;"R$14.010,97";273;"R$1.129,09";2367;"R$64,87";12716;"R$12,08";0;-;0;"R$0,00";"R$0,00";"R$0,00";"R$0,00";"Estimativa de prêmio (20 ACERTOS) para o próximo concurso: R$500.000,00. Acumulado de zero acerto para 20 acertos: R$154.120,60. Informamos que não haverá sorteio das loterias nos dias 24 e 25/12/2004."
481;29/12/2004;2;12;19;20;21;22;33;39;42;45;54;56;57;74;79;83;88;92;95;99;0;;"R$0,00";22;"R$15.411,48";271;"R$1.251,11";2193;"R$77,02";12625;"R$13,38";0;-;0;"R$0,00";"R$832.225,85";"R$0,00";"R$0,00";"ACUMULOU!!! Estimativa de prêmio (20 ACERTOS) próximo concurso: R$1.400.000,00. O sorteio do concurso 482 será em 05/01/2005."
482;05/01/2005;3;4;5;8;14;17;23;26;47;57;59;62;70;71;72;75;86;87;96;97;0;;"R$0,00";10;"R$33.896,61";206;"R$1.645,47";1824;"R$92,57";10675;"R$15,82";0;-;2;"R$84.741,54";"R$1.340.674,98";"R$0,00";"R$0,00";"ACUMULOU!!! Estimativa de prêmio (20 acertos) para o próximo concurso: R$2.000.000,00 (DOIS MILHÕES DE REAIS). Ganhadores de zero acerto: MT e RJ."
483;08/01/2005;1;4;16;17;19;22;31;43;45;50;51;57;61;62;65;66;84;91;92;97;2;SP;"R$916.865,63";5;"R$65.740,84";194;"R$1.694,35";1561;"R$104,98";9798;"R$16,72";0;-;0;"R$0,00";"R$0,00";"R$0,00";"R$0,00";"Estimativa de prêmio (20 acertos) para o próximo concurso: R$500.000,00. Acumulado de Zero Acerto para Vinte Acertos: R$164.352,12."
484;12/01/2005;2;15;17;27;41;42;44;49;50;56;58;64;65;71;81;85;89;90;97;99;0;;"R$0,00";7;"R$37.313,25";115;"R$2.271,24";1168;"R$111,40";7194;"R$18,10";0;-;2;"R$65.298,19";"R$556.141,18";"R$0,00";"R$0,00";"ACUMULOU!!! Estimativa de prêmio (20 acertos) para o próximo concurso: R$1.000.000,00 (HUM MILHÃO DE REAIS). Ganhadores de Zero Acerto: MS, SC."
485;15/01/2005;1;7;8;14;15;16;23;24;26;28;32;40;43;48;53;64;68;74;94;99;1;SP;"R$990.907,90";9;"R$32.204,95";211;"R$1.373,67";1826;"R$79,06";11188;"R$12,91";0;-;0;"R$0,00";"R$0,00";"R$0,00";"R$0,00";"Estimativa de prêmio (20 acertos) para o próximo concurso: R$500.000,00. Valor acumulado de Zero Acerto para Vinte Acertos: R$ 144.922,26."
486;19/01/2005;3;4;9;14;25;28;35;38;46;52;56;58;61;63;64;71;81;91;95;97;0;;"R$0,00";9;"R$27.779,64";116;"R$2.155,32";1027;"R$121,26";6869;"R$18,14";0;-;0;"R$0,00";"R$644.955,91";"R$0,00";"R$0,00";"ACUMULOU! Estimativa de prêmio (20 ACERTOS) próximo concurso: R$1.000.000,00 (Hum milhão de reais)."
487;22/01/2005;0;4;17;20;26;28;31;34;36;39;43;47;48;50;54;57;70;82;92;94;1;RJ;"R$1.071.682,00";15;"R$18.965,61";282;"R$1.008,81";2211;"R$64,09";12391;"R$11,44";0;-;2;"R$71.121,03";"R$0,00";"R$0,00";"R$0,00";"Estimativa de prêmio (20 acertos) para o próximo concurso: R$350.000,00. Ganhadores de Zero Acerto: RJ(02)."
488;26/01/2005;1;10;19;25;28;31;35;48;51;52;53;60;63;69;77;81;92;94;97;98;0;;"R$0,00";13;"R$17.817,28";114;"R$2.031,80";1105;"R$104,42";7102;"R$16,25";0;-;0;"R$0,00";"R$463.249,37";"R$0,00";"R$0,00";"ACUMULOU!!! Estimativa de prêmio (20 acertos) para o próximo concurso: R$900.000,00."
489;29/01/2005;6;7;14;23;24;27;28;40;45;47;50;53;62;64;67;77;79;86;90;92;0;;"R$0,00";13;"R$21.199,92";144;"R$1.913,88";1349;"R$101,77";8487;"R$16,18";0;-;0;"R$0,00";"R$1.014.447,16";"R$0,00";"R$0,00";"ACUMULOU!!! Estimativa de prêmio (20 acertos) para o próximo concurso: R$1.500.000,00 (HUM MILHÃO E QUINHENTOS MIL REAIS)."
490;02/02/2005;1;2;9;12;13;16;21;31;32;43;44;48;54;62;65;67;80;82;89;94;0;;"R$0,00";12;"R$23.400,78";148;"R$1.897,36";1282;"R$109,11";8232;"R$17,00";0;-;0;"R$0,00";"R$1.576.065,81";"R$0,00";"R$0,00";"ACUMULOU!!! Estimativa de prêmio (20 ACERTOS) próximo concurso: R$2.000.000,00 - DOIS MILHÕES DE REAIS."
491;05/02/2005;10;11;17;19;21;23;25;27;33;48;51;53;55;58;59;61;79;81;83;92;0;;"R$0,00";17;"R$18.100,32";372;"R$827,17";3009;"R$50,94";21917;"R$9,99";0;-;1;"R$153.852,75";"R$2.037.624,01";"R$0,00";"R$0,00";"ACUMULOU!!! Estimativa de prêmio (20 acertos) para o próximo concurso: R$ 2.500.000,00 (DOIS MILHÕES E QUINHENTOS MIL REAIS). Ganhador do Zero Acerto: RJ."
492;12/02/2005;7;8;16;22;23;35;36;39;40;52;58;63;73;77;79;83;86;87;95;96;0;;"R$0,00";20;"R$19.760,92";218;"R$1.812,93";1725;"R$114,13";11043;"R$17,84";0;-;0;"R$0,00";"R$2.828.060,86";"R$0,00";"R$0,00";"ACUMULOU! Estimativa de prêmio (20 ACERTOS) próximo concurso: R$3.300.000,00 (TRÊS MILHÕES E TREZENTOS MIL REAIS)."
493;16/02/2005;0;10;11;12;26;30;41;45;50;54;55;62;67;71;73;75;77;78;88;98;0;;"R$0,00";13;"R$25.970,68";225;"R$1.500,53";2010;"R$83,67";12493;"R$13,46";0;-;1;"R$168.809,41";"R$3.334.488,98";"R$0,00";"R$0,00";"ACUMULOU!!! Estimativa de prêmio (20 ACERTOS) próximo concurso: R$4.000.000,00. Ganhador com zero acerto: CE."
494;19/02/2005;13;19;25;27;35;41;47;50;51;54;57;61;62;63;73;74;76;79;86;91;1;SP;"R$3.906.566,92";15;"R$25.425,68";189;"R$2.017,92";1973;"R$96,29";11940;"R$15,91";0;-;0;"R$0,00";"R$0,00";"R$0,00";"R$0,00";"Estimativa de prêmio (20 ACERTOS) para o próximo concurso: R$500.000,00."
495;23/02/2005;3;18;20;27;42;44;54;67;68;70;74;78;79;84;89;92;93;95;98;99;0;;"R$0,00";10;"R$25.638,04";134;"R$1.913,29";1292;"R$98,85";7637;"R$16,72";0;-;1;"R$128.190,26";"R$575.263,36";"R$0,00";"R$0,00";"ACUMULOU!!! Estimativa de prêmio (20 ACERTOS) próximo concurso: R$1.000.000,00. Ganhador de zero acerto: RJ."
496;26/02/2005;1;8;18;25;27;33;36;37;42;47;49;57;62;64;66;68;85;88;97;99;0;;"R$0,00";27;"R$10.684,15";354;"R$814,90";2789;"R$51,53";14025;"R$10,26";0;-;0;"R$0,00";"R$1.152.207,61";"R$0,00";"R$0,00";"ACUMULOU!! Estimativa de prêmio (20 ACERTOS) próximo concurso:R$1.600.000,00. Hum milhão e seiscentos mil reais."
497;02/03/2005;2;5;15;20;27;31;32;51;53;55;56;59;70;74;82;90;91;93;94;99;0;;"R$0,00";11;"R$27.124,72";192;"R$1.554,02";1693;"R$87,79";9698;"R$15,33";0;-;1;"R$149.186,00";"R$1.599.765,56";"R$0,00";"R$0,00";"ACUMULOU!!! Estimativa de prêmio (20 ACERTOS) próximo concurso: R$2.000.000,00. Ganhador de zero acerto: RS."
498;05/03/2005;0;6;10;15;16;21;22;26;33;34;35;54;59;61;66;72;74;81;88;92;0;;"R$0,00";12;"R$28.838,79";211;"R$1.640,12";1800;"R$95,77";11358;"R$15,19";0;-;0;"R$0,00";"R$2.291.896,46";"R$0,00";"R$0,00";"ACUMULOU!! Estimativa de prêmio (20 ACERTOS) próximo concurso: R$3.000.000,00. Três Milhões de Reais."
499;09/03/2005;1;3;14;30;33;39;47;51;53;61;63;66;69;70;71;72;73;84;90;93;0;;"R$0,00";10;"R$33.920,63";178;"R$1.905,66";1713;"R$98,64";10823;"R$15,62";0;-;1;"R$169.603,14";"R$2.800.705,84";"R$0,00";"R$0,00";"ACUMULOU!!! Estimativa de prêmio (20 ACERTOS) próximo concurso: R$3.400.000,00. Ganhador de zero acerto: BA."
500;12/03/2005;1;9;12;13;16;27;28;33;43;45;47;54;56;59;63;68;80;81;88;99;0;;"R$0,00";36;"R$10.136,90";360;"R$1.013,69";2649;"R$68,62";15524;"R$11,72";0;-;0;"R$0,00";"R$3.530.562,55";"R$0,00";"R$0,00";"ACUMULOU!!! Estimativa de prêmio (20 acertos) para o próximo concurso: R$4.000.000,00 (QUATRO MILHÕES DE REAIS)."
501;16/03/2005;12;15;16;18;20;28;34;41;42;44;50;55;67;68;69;74;77;80;84;97;0;;"R$0,00";7;"R$53.087,26";170;"R$2.185,94";1759;"R$105,23";11109;"R$16,67";0;-;0;"R$0,00";"R$4.273.784,13";"R$0,00";"R$0,00";"ACUMULOU!!! Estimativa de prêmio (20 ACERTOS) próximo concurso: R$5.000.000,00 (CINCO MILHÕES DE REAIS)."
502;19/03/2005;4;5;12;22;23;26;28;29;31;33;49;51;52;54;58;62;63;82;86;91;0;;"R$0,00";19;"R$23.276,59";291;"R$1.519,78";2750;"R$80,11";16765;"R$13,14";0;-;0;"R$0,00";"R$5.158.294,65";"R$0,00";"R$0,00";"ACUMULOU!!! Estimativa de prêmio (20 acertos) para o próximo concurso: R$ 6.000.000,00 (SEIS MILHÕES DE REAIS)."
503;23/03/2005;3;5;6;29;38;47;52;54;58;62;64;70;71;72;79;82;83;88;89;91;1;RJ;"R$5.872.574,72";22;"R$21.644,85";243;"R$1.959,62";2329;"R$101,85";14394;"R$16,49";0;-;1;"R$238.093,39";"R$0,00";"R$0,00";"R$0,00";"Estimativa de prêmio (20 ACERTOS) próximo concurso: R$400.000,00 (QUATROCENTOS MIL REAIS). Ganhador de zero acerto: RJ."
504;26/03/2005;0;7;13;16;19;23;27;34;36;37;38;40;49;58;60;64;66;70;81;97;0;;"R$0,00";6;"R$35.880,16";136;"R$1.582,95";1232;"R$87,04";7477;"R$14,35";0;-;1;"R$107.640,53";"R$322.921,49";"R$0,00";"R$0,00";"ACUMULOU!!! Estimativa de prêmio (20 ACERTOS) próximo concurso: R$700.000,00. Ganhador de zero acerto: RJ."
505;30/03/2005;4;7;10;11;17;20;25;27;29;30;32;37;58;59;60;62;84;95;97;98;0;;"R$0,00";12;"R$22.723,77";134;"R$2.034,97";1259;"R$107,88";7731;"R$17,58";0;-;0;"R$0,00";"R$868.292,00";"R$0,00";"R$0,00";"ACUMULOU!!! Estimativa de prêmio (20 ACERTOS) próximo concurso: R$1.400.000,00 (HUM MILHÃO E QUATROCENTOS MIL REAIS)."
506;02/04/2005;1;7;10;14;18;23;26;27;29;32;48;57;62;67;71;72;77;85;86;91;0;;"R$0,00";12;"R$26.260,83";209;"R$1.507,80";1788;"R$87,80";10541;"R$14,90";0;-;0;"R$0,00";"R$1.498.551,80";"R$0,00";"R$0,00";"ACUMULOU!!! Estimativa de prêmio (20 ACERTOS) próximo concurso: R$2.000.000,00 (DOIS MILHÕES DE REAIS)."
507;06/04/2005;8;13;15;20;26;27;37;41;42;47;50;52;61;63;73;74;76;80;84;96;0;;"R$0,00";7;"R$46.635,02";151;"R$2.161,89";1659;"R$98,02";10076;"R$16,14";0;-;0;"R$0,00";"R$2.151.442,08";"R$0,00";"R$0,00";"ACUMULOU!!! Estimativa de prêmio (20 ACERTOS) próximo concurso:R$2.700.000,00 (DOIS MILHÕES E SETECENTOS MIL REAIS)."
508;09/04/2005;11;18;21;25;26;28;29;36;45;52;53;59;65;68;74;78;79;90;91;98;1;RO;"R$2.696.550,58";6;"R$60.567,62";131;"R$2.774,09";1311;"R$138,08";8977;"R$20,17";0;-;0;"R$0,00";"R$0,00";"R$0,00";"R$0,00";"Estimativa de prêmio (20 acertos) para o próximo concurso, a ser realizado em 13/04/2005: R$600.000,00. Acumulado de Zero acerto para Vinte acertos: R$181.702,85."
509;13/04/2005;2;4;5;6;7;8;16;20;26;38;42;44;49;56;63;71;75;78;86;94;0;;"R$0,00";12;"R$22.041,73";210;"R$1.259,53";1490;"R$88,43";9024;"R$14,61";0;-;0;"R$0,00";"R$710.704,42";"R$0,00";"R$0,00";"ACUMULOU!!! Estimativa de prêmio (20 ACERTOS) próximo concurso, a ser realizado em 16/04/2005: R$1.100.000,00 (HUM MILHÃO E CEM MIL REAIS)."
510;16/04/2005;4;6;7;8;17;29;30;34;38;41;44;47;48;52;58;61;75;81;82;87;1;PR;"R$1.165.350,50";7;"R$43.299,63";137;"R$2.212,39";1288;"R$117,22";8582;"R$17,60";0;-;0;"R$0,00";"R$0,00";"R$0,00";"R$0,00";"Estimativa de prêmio (20 ACERTOS) próximo concurso, a ser realizado em 20/04/2005: R$600.000,00."
511;20/04/2005;3;6;11;13;25;26;33;38;39;42;45;50;55;57;72;74;79;87;94;99;0;;"R$0,00";7;"R$36.627,71";218;"R$1.176,12";1713;"R$74,56";9533;"R$13,40";0;-;0;"R$0,00";"R$664.336,65";"R$0,00";"R$0,00";"ACUMULOU!!! Estimativa de prêmio (20 ACERTOS) próximo concurso, a ser realizado em 23/04/2005: R$1.100.000,00."
512;23/04/2005;5;6;8;12;14;18;24;26;31;36;50;56;62;67;81;83;85;87;90;93;0;;"R$0,00";11;"R$24.635,27";164;"R$1.652,37";1286;"R$104,96";7962;"R$16,96";0;-;0;"R$0,00";"R$1.206.312,48";"R$0,00";"R$0,00";"ACUMULOU!!! Estimativa de prêmio (20 ACERTOS) próximo concurso, a ser realizado em 27/04/2005: R$1.700.000,00."
513;27/04/2005;0;1;2;16;19;28;33;38;42;44;45;48;56;58;64;70;72;83;87;93;2;"MT; SP";"R$818.340,77";14;"R$20.493,76";182;"R$1.576,45";1595;"R$89,60";9355;"R$15,28";0;-;1;"R$143.456,38";"R$0,00";"R$0,00";"R$0,00";"Estimativa de prêmio (20 ACERTOS) próximo concurso, em 30/04/2005: R$400.000,00. Ganhador de zero acerto: MT."
514;30/04/2005;1;4;8;10;11;15;19;25;30;33;47;48;52;65;68;73;78;84;95;96;0;;"R$0,00";8;"R$33.515,34";191;"R$1.403,78";1795;"R$74,41";10111;"R$13,21";0;-;0;"R$0,00";"R$536.245,45";"R$0,00";"R$0,00";"ACUMULOU!!! Estimativa de prêmio (20 acertos) para o próximo concurso, a ser realizado em 04/05/2005: R$1.000.000,00."
515;04/05/2005;11;23;30;39;42;43;44;54;58;65;66;67;80;89;92;93;95;97;98;99;0;;"R$0,00";9;"R$31.653,95";102;"R$2.793,00";1208;"R$117,48";7373;"R$19,25";0;-;0;"R$0,00";"R$1.106.016,46";"R$0,00";"R$0,00";"ACUMULOU!!! Estimativa de prêmio (20 ACERTOS) próximo concurso, a ser realizado em 07/05/2005: R$1.600.000,00."
516;07/05/2005;7;8;12;13;21;26;32;33;35;44;46;49;52;55;58;86;91;94;95;99;0;;"R$0,00";25;"R$13.089,10";294;"R$1.113,02";2305;"R$70,72";16358;"R$9,97";0;-;0;"R$0,00";"R$1.760.471,55";"R$0,00";"R$0,00";"ACUMULOU!!! Estimativa de prêmio (20 ACERTOS) próximo concurso, a ser realizado em 11/05/2005: R$2.300.000,00."
517;11/05/2005;6;7;8;9;28;34;38;39;40;45;46;54;57;65;67;71;76;81;92;93;0;;"R$0,00";7;"R$45.887,99";134;"R$2.397,13";1259;"R$127,09";7858;"R$20,37";0;-;0;"R$0,00";"R$2.402.903,40";"R$0,00";"R$0,00";"ACUMULOU!!! Estimativa de prêmio (20 ACERTOS) próximo concurso, a ser realizado em 14/05/2005: R$3.000.000,00."
518;14/05/2005;4;10;12;16;20;21;31;33;37;49;61;64;68;69;73;80;83;91;94;99;3;"BA; RJ";"R$976.819,11";15;"R$23.446,84";278;"R$1.265,12";2096;"R$83,59";11551;"R$15,17";0;-;2;"R$87.925,66";"R$0,00";"R$0,00";"R$0,00";"Estimativa de prêmio (20 ACERTOS) próximo concurso, a ser realizado em 18/05/2005: R$400.000,00. Ganhadores de zero acerto: BA e RJ."
519;18/05/2005;3;4;6;9;18;27;34;40;45;46;48;49;51;65;69;73;82;86;91;98;0;;"R$0,00";4;"R$63.270,66";151;"R$1.676,04";1356;"R$92,97";8275;"R$15,24";0;-;0;"R$0,00";"R$506.165,27";"R$0,00";"R$0,00";"ACUMULOU!!! Estimativa de prêmio (20 ACERTOS) próximo concurso, a ser realizado em 21/05/2005: R$1.000.000,00."
520;21/05/2005;11;14;15;18;19;22;25;34;44;45;50;52;56;63;65;83;85;90;92;93;0;;"R$0,00";16;"R$18.507,57";219;"R$1.352,15";1861;"R$79,26";11568;"R$12,76";0;-;1;"R$148.060,56";"R$950.346,93";"R$0,00";"R$0,00";"ACUMULOU!!! Estimativa de prêmio (20 acertos) para o próximo concurso, a ser realizado em 25/05/2005:R$1.400.000,00. Ganhador de Zero acerto: GO."
521;25/05/2005;0;6;7;10;11;12;16;18;34;35;40;42;45;46;47;57;66;76;85;92;0;;"R$0,00";13;"R$21.930,51";202;"R$1.411,37";1569;"R$90,51";9774;"R$14,54";0;-;1;"R$142.548,38";"R$1.377.991,98";"R$0,00";"R$0,00";"ACUMULOU!!! Estimativa de prêmio (20 ACERTOS) próximo concurso, a ser realizado em 28/05/2005: R$1.900.000,00. Ganhador de zero acerto: MG."
522;28/05/2005;3;5;6;8;9;13;16;17;24;26;28;41;43;47;49;55;89;92;95;96;1;SP;"R$1.808.472,71";37;"R$7.756,41";424;"R$674,29";3026;"R$47,24";15998;"R$8,94";0;-;1;"R$143.493,61";"R$0,00";"R$0,00";"R$0,00";"Estimativa de prêmio (20 ACERTOS) próximo concurso, a ser realizado em 01/06/2005: R$350.000,00. Ganhador de zero acerto: SP."
523;01/06/2005;10;11;13;17;18;19;21;38;43;49;51;58;61;63;70;75;76;78;88;94;1;PA;"R$390.879,73";10;"R$26.058,65";110;"R$2.368,97";1119;"R$116,00";7218;"R$17,99";0;-;0;"R$0,00";"R$0,00";"R$0,00";"R$0,00";"Estimativa de prêmio (20 ACERTOS) próximo concurso, a ser realizado em 04/06/2005: R$500.000,00. Valor acumulado de zero acerto para 20 acertos: R$130.293,27."
524;04/06/2005;2;4;16;19;30;33;40;44;47;50;56;61;65;73;76;81;82;89;93;97;1;SP;"R$565.068,59";11;"R$26.350,02";158;"R$1.834,49";1436;"R$100,54";8612;"R$16,77";0;-;0;"R$0,00";"R$0,00";"R$0,00";"R$0,00";"Estimativa de prêmio (20 ACERTOS) próximo concurso, a ser realizado em 08/06/2005: R$500.000,00."
525;08/06/2005;9;23;27;34;36;37;38;39;41;45;49;56;59;73;76;79;87;90;91;94;0;;"R$0,00";13;"R$21.155,89";154;"R$1.785,89";1620;"R$84,57";9346;"R$14,66";0;-;0;"R$0,00";"R$694.978,16";"R$0,00";"R$0,00";"ACUMULOU!!! Estimativa de prêmio (20 ACERTOS) próximo concurso, a ser realizado em 11/06/2005: R$1.200.000,00."
526;11/06/2005;0;8;27;31;33;36;49;57;58;64;67;68;70;73;76;84;88;93;95;97;2;"BA; RS";"R$577.119,20";22;"R$13.916,98";276;"R$1.109,32";2200;"R$69,32";11775;"R$12,96";0;-;0;"R$0,00";"R$0,00";"R$0,00";"R$0,00";"Estimativa de prêmio (20 ACERTOS) próximo concurso, a ser realizado em 15/06: R$500.000,00. Acumulado de zero acerto para 20 acertos: R$153.086,75."
527;15/06/2005;16;18;33;36;38;42;44;47;48;64;65;67;72;73;74;75;76;81;84;87;2;"CE; MG";"R$267.662,58";109;"R$2.337,85";847;"R$299,72";5264;"R$24,11";17946;"R$10,11";0;-;2;"R$63.706,42";"R$0,00";"R$0,00";"R$0,00";"Estimativa de prêmio (20 ACERTOS) próximo concurso, a ser realizado em 18/06/2005: R$350.000,00. Ganhadores de zero acerto: BA e SP."
528;18/06/2005;3;8;9;17;23;27;32;34;41;45;48;52;53;55;57;78;83;89;95;99;0;;"R$0,00";18;"R$15.091,05";262;"R$1.036,79";2303;"R$58,76";11842;"R$11,43";0;-;0;"R$0,00";"R$543.277,90";"R$0,00";"R$0,00";"ACUMULOU!!! Estimativa de prêmio (20 ACERTOS) próximo concurso, a ser realizado em 22/06/2005: R$1.000.000,00."
529;22/06/2005;11;13;14;18;19;21;24;30;31;40;41;45;53;56;64;72;78;84;91;92;0;;"R$0,00";11;"R$23.681,65";113;"R$2.305,29";1218;"R$106,54";7223;"R$17,98";0;-;0;"R$0,00";"R$1.064.274,13";"R$0,00";"R$0,00";"ACUMULOU!!! Estimativa de prêmio (20 ACERTOS) próximo concurso, a ser realizado em 25/06/2005: R$1.500.000,00."
530;25/06/2005;1;8;11;12;13;18;31;33;34;35;40;51;54;57;62;71;72;87;89;96;1;MG;"R$1.477.405,51";9;"R$30.602,32";114;"R$2.415,97";1277;"R$107,44";8358;"R$16,42";0;-;1;"R$137.710,49";"R$0,00";"R$0,00";"R$0,00";"Estimativa de prêmio (20 ACERTOS) próximo concurso, a ser realizado em 29/06/2005: R$350.000,00. Ganhador de zero acerto: MG."
531;29/06/2005;2;5;13;14;15;16;24;25;32;37;49;50;56;62;68;74;87;88;95;97;1;SP;"R$350.918,12";9;"R$25.993,94";134;"R$1.745,86";1253;"R$93,01";7683;"R$15,17";0;-;0;"R$0,00";"R$0,00";"R$0,00";"R$0,00";"Estimativa de prêmio (20 ACERTOS) próximo concurso, a ser realizado em 02/07/2005: R$500.000,00. Valor acumulado de zero acerto para 20 acertos: R$116.972,73."
532;02/07/2005;3;5;7;14;15;16;27;28;31;40;52;59;69;71;72;81;86;89;92;96;0;;"R$0,00";6;"R$45.745,62";100;"R$2.744,74";1201;"R$113,84";7378;"R$18,53";0;-;0;"R$0,00";"R$665.920,17";"R$0,00";"R$0,00";"ACUMULOU!!! Estimativa de prêmio (20 ACERTOS) próximo concurso, a ser realizado em 06/07/2005: R$1.000.000,00."
533;06/07/2005;5;6;8;18;20;21;23;25;28;30;31;35;37;40;49;63;64;67;95;99;0;;"R$0,00";6;"R$49.406,42";192;"R$1.543,95";1865;"R$79,18";10942;"R$13,50";0;-;0;"R$0,00";"R$1.258.797,29";"R$0,00";"R$0,00";"ACUMULOU!!! Estimativa de prêmio (20 ACERTOS) próximo concurso, a ser realizado em 09/07/2005: R$1.800.000,00."
534;09/07/2005;12;23;36;38;48;51;53;60;61;63;71;72;75;76;82;87;91;95;96;98;1;MT;"R$1.720.102,75";14;"R$21.966,93";171;"R$1.798,47";1505;"R$101,79";9352;"R$16,38";0;-;0;"R$0,00";"R$0,00";"R$0,00";"R$0,00";"Estimativa de prêmio (20 acertos) para o próximo concurso, a ser realizado em 13/07/2005: R$500.000,00. Acumulado de zero acerto para 20 acertos: R$153.768,51."
535;13/07/2005;1;4;6;13;17;22;23;27;28;31;49;51;54;56;62;65;80;90;93;98;0;;"R$0,00";8;"R$33.578,30";170;"R$1.580,16";1394;"R$95,99";8118;"R$16,49";0;-;0;"R$0,00";"R$691.021,29";"R$0,00";"R$0,00";"ACUMULOU. Estimativa de prêmio (20 acertos) para o próximo concurso, a ser realizado em 16/07/2005: R$1.200.000,00."
536;16/07/2005;1;6;17;19;40;45;60;62;64;70;72;76;82;87;89;90;92;93;95;97;1;SP;"R$1.131.760,84";9;"R$32.647,37";168;"R$1.748,97";1585;"R$92,34";9296;"R$15,74";0;-;2;"R$73.456,60";"R$0,00";"R$0,00";"R$0,00";"Estimativa de prêmio (20 ACERTOS) para o próximo concurso, a ser realizado em 20/07/2005: R$400.000,00. Ganhadores de zero acerto: SP(02)."
537;20/07/2005;5;17;21;24;29;31;36;38;51;53;60;61;66;72;74;76;84;88;93;98;0;;"R$0,00";13;"R$19.508,54";183;"R$1.385,85";1473;"R$85,77";8314;"R$15,20";0;-;0;"R$0,00";"R$507.222,03";"R$0,00";"R$0,00";"ACUMULOU!. Estimativa de prêmio (20 acertos) para o próximo concurso, a ser realizado em 23/07/2005: R$1.000.000,00."
538;23/07/2005;3;4;9;16;17;18;22;28;30;35;37;41;47;48;70;76;80;81;82;94;0;;"R$0,00";7;"R$40.865,54";143;"R$2.000,42";1156;"R$123,26";7533;"R$18,92";0;-;0;"R$0,00";"R$1.079.339,67";"R$0,00";"R$0,00";"ACUMULOU!!! Estimativa de prêmio (20 ACERTOS) para o próximo concurso, a ser realizado em 27/07/2005: R$1.500.000,00."
539;27/07/2005;6;20;25;26;30;31;37;38;39;42;45;51;61;67;70;72;75;79;86;95;2;"RJ; TO";"R$750.314,86";5;"R$56.172,01";134;"R$2.095,97";1255;"R$111,48";7713;"R$18,14";0;-;1;"R$140.430,04";"R$0,00";"R$0,00";"R$0,00";"Estimativa de prêmio (20 acertos) para o próximo concurso, a ser realizado em 30/07/2005: R$450.000,00. Ganhador de zero acerto: RJ."
540;30/07/2005;8;11;13;17;26;30;35;38;44;54;61;63;74;77;80;81;85;86;88;90;0;;"R$0,00";15;"R$17.266,75";241;"R$1.074,69";1819;"R$70,92";9495;"R$13,59";0;-;1;"R$129.500,62";"R$388.501,80";"R$0,00";"R$0,00";"ACUMULOU! Estimativa de prêmio (20 acertos) para o próximo concurso, a ser realizado em 03/08/2005: R$900.000,00. Ganhador de zero acerto: MG."
541;03/08/2005;5;9;13;15;21;25;29;47;52;57;72;73;75;79;83;87;89;90;91;92;0;;"R$0,00";14;"R$18.850,14";201;"R$1.312,95";1881;"R$69,89";16025;"R$8,21";0;-;0;"R$0,00";"R$916.305,69";"R$0,00";"R$0,00";"ACUMULOU!!! Estimativa de prêmio (20 ACERTOS) para o próximo concurso, a ser realizado em 06/08/2005: R$1.300.000,00."
542;06/08/2005;1;6;16;21;22;39;45;47;50;51;54;56;68;77;81;86;87;91;93;99;0;;"R$0,00";4;"R$77.821,01";153;"R$2.034,54";1563;"R$99,21";9513;"R$16,30";0;-;0;"R$0,00";"R$1.538.873,73";"R$0,00";"R$0,00";"ACUMULOU! Estimativa de prêmio (20 acertos) para o próximo concurso, a ser realizado em 10/08/2005: R$2.000.000,00."
543;10/08/2005;1;2;4;8;25;37;41;50;51;52;58;59;67;71;73;81;86;92;95;96;0;;"R$0,00";10;"R$31.306,92";131;"R$2.389,84";1349;"R$115,60";8623;"R$18,10";0;-;1;"R$156.534,63";"R$2.008.477,55";"R$0,00";"R$0,00";"ACUMULOU!!! Estimativa de prêmio (20 ACERTOS) para o próximo concurso, a ser realizado em 13/08/2005: R$2.500.000,00. Ganhador de zero acerto: RO."
544;13/08/2005;6;12;13;16;19;22;23;30;36;41;43;49;58;61;64;68;70;71;80;92;0;;"R$0,00";14;"R$23.925,22";145;"R$2.310,03";1433;"R$116,43";9084;"R$18,37";0;-;1;"R$167.476,54";"R$2.510.907,17";"R$0,00";"R$0,00";"ACUMULOU!!! Estimativa de prêmio (20 ACERTOS) para o próximo concurso, a ser realizado em 17/08/2005: R$3.000.000,00. Ganhador de zero acerto: SC."
545;17/08/2005;1;5;13;15;34;38;39;40;42;45;49;50;59;61;71;75;77;85;90;91;1;MG;"R$2.977.880,43";18;"R$17.295,31";170;"R$1.831,27";1687;"R$91,92";10030;"R$15,47";0;-;1;"R$155.657,76";"R$0,00";"R$0,00";"R$0,00";"Estimativa de prêmio (20 ACERTOS) para o próximo concurso, a ser realizado em 20/08/2005: R$350.000,00. Ganhador de zero acerto: MG."
546;20/08/2005;0;7;12;18;24;34;35;37;44;45;46;47;57;58;68;83;84;85;89;94;2;"MA; RJ";"R$196.446,68";13;"R$20.148,38";190;"R$1.378,58";1700;"R$76,75";10523;"R$12,40";0;-;0;"R$0,00";"R$0,00";"R$0,00";"R$0,00";"Estimativa de prêmio (20 acertos) para o próximo concurso, a ser realizado em 24/08/2005: R$500.000,00. Acumulado de zero acerto para vinte acertos: R$130.964,47."
547;24/08/2005;0;7;15;17;25;26;27;32;35;37;38;40;45;48;86;90;91;92;96;97;1;RJ;"R$490.143,88";15;"R$15.963,53";142;"R$1.686,29";1217;"R$98,01";7127;"R$16,74";0;-;0;"R$0,00";"R$0,00";"R$0,00";"R$0,00";"Estimativa de prêmio (20 ACERTOS) para o próximo concurso, a ser realizado em 27/08/2005: R$500.000,00. Acumulado de zero acerto para 20 acertos: R$119.726,47."
548;27/08/2005;7;14;18;20;23;24;25;26;30;32;36;40;41;49;50;59;79;82;91;93;0;;"R$0,00";4;"R$62.737,45";117;"R$2.144,87";1149;"R$108,79";7871;"R$15,88";0;-;0;"R$0,00";"R$621.626,05";"R$0,00";"R$0,00";"ACUMULOU!!! Estimativa de prêmio (20 acertos) para o próximo concurso, a ser realizado em 31/08/2005: R$1.000.00,00."
549;31/08/2005;11;14;20;30;31;40;44;46;49;50;52;54;58;63;73;74;80;87;92;93;0;;"R$0,00";6;"R$43.499,95";118;"R$2.211,86";1071;"R$121,39";7019;"R$18,53";0;-;0;"R$0,00";"R$1.143.625,46";"R$0,00";"R$0,00";"ACUMULOU! Estim. prêmio (20 ACERTOS) próx. conc., a ser realizado em 03/09/2005: R$1.600.000,00. Acum.de zero acerto para 20 acertos: R$130.499,87."
550;03/09/2005;7;8;22;26;28;44;49;55;59;60;61;69;79;81;88;89;93;95;97;99;0;;"R$0,00";15;"R$20.651,26";233;"R$1.329,48";1751;"R$88,13";11079;"R$13,93";0;-;0;"R$0,00";"R$1.763.163,07";"R$0,00";"R$0,00";"ACUMULOU! Estimativa prêmio (20 ACERTOS) próx. conc., a ser realizado em 10/09/2005: R$2.500.000,00. Acum. de zero acerto para 20 acertos: R$154.884,42."
551;10/09/2005;10;11;17;19;38;39;42;44;47;48;51;52;54;55;57;61;79;84;87;94;1;PR;"R$2.378.071,14";14;"R$29.281,34";263;"R$1.558,70";2166;"R$94,28";13505;"R$15,13";0;-;1;"R$204.969,38";"R$0,00";"R$0,00";"R$0,00";"Estimativa de prêmio (20 acertos) para o próximo concurso, a ser realizado em 14/09/2005: R$400.000,00. Ganhador de zero acerto: PI."
552;14/09/2005;3;15;22;25;35;41;47;48;53;54;58;62;68;71;72;73;78;92;94;98;0;;"R$0,00";17;"R$14.459,62";224;"R$1.097,38";1848;"R$66,26";9988;"R$12,26";0;-;0;"R$0,00";"R$491.627,26";"R$0,00";"R$0,00";"ACUMULOU! Estimativa de prêmio (20 ACERTOS) para o próximo concurso, a ser realizado em 17/09/2005: R$1.000.000,00. EM RAZÃO DE PROBLEMAS TÉCNICOS, O SORTEIO DO CONCURSO 553 FOI ADIADO PARA 19/09, ÀS 20 HORAS EM PORTO ALEGRE."
553;19/09/2005;2;5;10;12;14;29;45;53;56;62;63;69;70;71;83;90;92;93;94;97;1;MG;"R$916.641,91";8;"R$35.417,89";117;"R$2.421,74";1075;"R$131,29";7223;"R$19,54";0;-;0;"R$0,00";"R$0,00";"R$0,00";"R$0,00";"Estimativa de prêmio (20 acertos) para o próximo concurso, a ser realizado em 21/09/2005: R$500.000,00. Acumulado de Zero para Vinte acertos: R$141.671,57."
554;21/09/2005;0;2;4;11;18;20;34;37;50;55;57;68;73;77;79;84;86;92;93;94;0;;"R$0,00";14;"R$17.351,00";200;"R$1.214,57";1600;"R$75,63";9130;"R$13,25";0;-;0;"R$0,00";"R$627.499,37";"R$0,00";"R$0,00";"ACUMULOU!!! Estimativa de prêmio (20 ACERTOS) para o próximo concurso, a ser realizado em 24/09/2005: R$1.100.000,00."
555;24/09/2005;1;4;5;11;16;21;25;28;40;41;49;61;64;65;73;82;84;86;87;94;1;SC;"R$1.063.865,40";12;"R$24.242,56";157;"R$1.852,93";1517;"R$95,52";9489;"R$15,28";0;-;1;"R$145.455,35";"R$0,00";"R$0,00";"R$0,00";"Estimativa de prêmio (20 ACERTOS) para o próximo concurso, a ser realizado em 28/09/2005: R$300.000,00. Ganhador de zero acerto: MT."
556;28/09/2005;1;8;17;19;24;25;29;31;49;50;51;59;61;64;70;75;84;86;87;90;0;;"R$0,00";9;"R$27.516,22";147;"R$1.684,67";1369;"R$90,11";8261;"R$14,94";0;-;0;"R$0,00";"R$495.291,97";"R$0,00";"R$0,00";"ACUMULOU!!! Estimativa de prêmio (20 ACERTOS) para o próximo concurso, a ser realizado em 01/10/2005: R$1.000.000,00."
557;01/10/2005;5;9;12;16;18;21;22;23;24;27;28;35;43;47;70;75;81;85;91;95;0;;"R$0,00";8;"R$37.588,39";242;"R$1.242,60";1933;"R$77,49";11426;"R$13,11";0;-;0;"R$0,00";"R$1.096.706,26";"R$0,00";"R$0,00";"ACUMULOU!!! Estimativa de prêmio (20 acertos) para o próximo concurso, a ser realizado em 05/10/2005: R$1.600.000,00."
558;05/10/2005;2;5;19;34;39;44;45;48;49;50;52;57;60;61;63;64;83;87;89;97;0;;"R$0,00";8;"R$38.454,08";162;"R$1.898,96";1586;"R$96,62";9740;"R$15,74";0;-;0;"R$0,00";"R$1.711.971,52";"R$0,00";"R$0,00";"ACUMULOU!!! Estimativa de prêmio (20 acertos) para o próximo concurso, a ser realizado em 08/10/2005: R$2.200.000,00."
559;08/10/2005;8;10;11;12;20;23;29;32;33;34;36;43;54;62;67;73;82;90;91;97;1;RS;"R$2.244.151,07";10;"R$35.478,64";220;"R$1.612,66";2030;"R$87,06";12581;"R$14,05";0;-;1;"R$177.393,21";"R$0,00";"R$0,00";"R$0,00";"Estimativa de prêmio (20 acertos) para o próximo concurso, a ser realizado em 15/10/2005: R$500.000,00. Ganhador de Zero Acerto: SC."
560;15/10/2005;5;12;15;23;25;37;38;41;42;50;52;61;63;71;74;81;85;88;90;94;1;PR;"R$516.671,97";17;"R$20.261,64";172;"R$2.002,61";1820;"R$94,28";11582;"R$14,82";0;-;0;"R$0,00";"R$0,00";"R$0,00";"R$0,00";"Estimativa de prêmio (20 ACERTOS) para o próximo concurso, a ser realizado em 19/10/2005: R$500.000,00. Acumulado de zero para 20 acertos: R$172.224,01."
561;19/10/2005;2;13;15;16;17;21;34;37;41;44;47;48;49;54;56;65;79;80;81;94;0;;"R$0,00";8;"R$31.356,49";134;"R$1.872,03";1165;"R$107,26";8121;"R$15,40";0;-;1;"R$125.425,97";"R$548.501,89";"R$0,00";"R$0,00";"ACUMULOU!!! Estimativa de prêmio (20 acertos) para o próximo concurso, a ser realizado em 22/10/2005: R$1.000.000,00. Ganhadores de zero acerto: SP."
562;22/10/2005;0;11;17;19;22;24;26;33;45;46;51;54;55;58;64;65;68;74;89;92;0;;"R$0,00";11;"R$26.327,17";200;"R$1.448,00";2212;"R$65,22";12779;"R$11,29";0;-;0;"R$0,00";"R$1.127.699,58";"R$0,00";"R$0,00";"Acumulou!!! Estimativa de prêmio (20 acertos) para o próximo concurso, a ser realizado em 26/10/2005: R$1.600.000,00."
563;26/10/2005;3;4;6;7;13;16;21;27;28;30;33;35;40;41;45;59;60;66;71;85;0;;"R$0,00";15;"R$18.405,53";202;"R$1.366,75";2162;"R$63,61";11547;"R$11,91";0;-;0;"R$0,00";"R$1.679.865,42";"R$0,00";"R$0,00";"ACUMULOU!!! Estimativa de prêmio (20 acertos) para o próximo concurso, a ser realizado em 29/10/2005: R$2.200.000,00."
564;29/10/2005;7;11;13;14;17;21;26;29;33;39;42;44;52;58;62;63;75;85;96;97;0;;"R$0,00";12;"R$25.754,68";147;"R$2.102,43";1628;"R$94,56";10228;"R$15,06";0;-;0;"R$0,00";"R$2.297.977,59";"R$0,00";"R$0,00";"ACUMULOU!!! Estimativa de prêmio (20 acertos) para o próximo concurso, a se realizado em 05/11/2005: R$3.000.000,00."
565;05/11/2005;8;17;19;25;26;32;41;44;45;51;55;56;57;59;76;79;80;83;86;97;0;;"R$0,00";9;"R$46.593,88";211;"R$1.987,42";1941;"R$107,61";12704;"R$16,44";0;-;0;"R$0,00";"R$3.136.667,47";"R$0,00";"R$0,00";"ACUMULOU!!! Estimativa de prêmio (20 acertos) para o próximo concurso, a ser realizado em 09/11/2005: R$3.700.000,00."
566;09/11/2005;13;19;21;24;25;32;34;35;36;39;40;46;47;61;66;79;81;84;97;98;1;MA;"R$3.675.761,08";6;"R$59.899,29";149;"R$2.412,05";1575;"R$113,67";9524;"R$18,80";0;-;0;"R$0,00";"R$0,00";"R$0,00";"R$0,00";"Estimativa de prêmio (20 Acertos) para o próximo concurso, a ser realizado em 12/11/2005: R$600.000,00. Acumulado de ZERO acerto para 20 acertos: R$179.697,89."
567;12/11/2005;4;7;8;13;18;28;30;31;32;35;43;54;55;59;66;76;77;83;86;89;0;;"R$0,00";10;"R$28.437,95";161;"R$1.766,34";1481;"R$95,65";9403;"R$15,07";0;-;0;"R$0,00";"R$748.456,99";"R$0,00";"R$0,00";"ACUMULOU!!! Estimativa de prêmio (20 acertos) para o próximo concurso, a ser realizado em 16/11/2005: R$1.200.000,00."
568;16/11/2005;2;11;20;21;25;30;33;36;47;50;61;76;77;78;81;82;85;93;94;95;0;;"R$0,00";6;"R$39.601,46";113;"R$2.102,73";896;"R$132,10";6087;"R$19,45";0;-;0;"R$0,00";"R$1.223.674,51";"R$0,00";"R$0,00";"ACUMULOU! Estimativa de prêmio (20 acertos) para o próximo concurso, a ser realizado em 19/11/2005: R$1.700.000,00."
569;19/11/2005;6;12;13;15;30;32;34;35;38;47;51;61;62;64;70;74;78;81;85;87;0;;"R$0,00";8;"R$38.715,93";146;"R$2.121,42";1461;"R$105,60";9745;"R$15,83";0;-;0;"R$0,00";"R$1.843.129,29";"R$0,00";"R$0,00";"ACUMULOU!!! Estimativa de prêmio (20 acertos) para o próximo concurso, a ser realizado em 23/11/2005: R$2.300.000,00."
570;23/11/2005;0;5;8;9;15;22;23;24;25;26;35;37;57;59;66;68;69;77;84;96;0;;"R$0,00";16;"R$18.877,44";220;"R$1.372,91";1951;"R$77,12";11660;"R$12,91";0;-;1;"R$151.019,50";"R$2.296.187,72";"R$0,00";"R$0,00";"ACUMULOU!!! Estimativa de prêmio (20 acertos) para o próximo concurso, a ser realizado em 26/11/2005: R$2.900.000,00. Ganhador de zero acerto: SP."
571;26/11/2005;0;3;4;6;8;9;17;21;23;31;41;42;51;53;56;65;69;74;75;85;0;;"R$0,00";7;"R$48.320,72";157;"R$2.154,43";1567;"R$107,52";9592;"R$17,57";0;-;0;"R$0,00";"R$2.972.677,71";"R$0,00";"R$0,00";"ACUMULOU!!! Estimativa de prêmio (20 ACERTOS) para o próximo concurso, a ser realizado em 30/11/2005: R$3.500.000,00."
572;30/11/2005;6;13;16;32;43;47;51;52;58;60;67;72;73;79;81;83;87;90;91;95;0;;"R$0,00";22;"R$14.774,41";270;"R$1.203,84";2214;"R$73,14";11869;"R$13,65";0;-;3;"R$54.172,84";"R$3.460.233,14";"R$0,00";"R$0,00";"ACUMULOU!!! Estimativa de prêmio (20 acertos) para o próximo concurso, a ser realizado em 03/12/2005: R$4.000.000,00. Ganhadores de zero acerto: MG(02), SP."
573;03/12/2005;15;21;36;37;42;43;45;47;52;53;55;60;61;62;68;70;88;89;94;98;0;;"R$0,00";15;"R$26.943,40";179;"R$2.257,83";1447;"R$139,12";10038;"R$20,06";0;-;0;"R$0,00";"R$4.268.534,97";"R$0,00";"R$0,00";"ACUMULOU!!! Estimativa de prêmio (20 acertos) para o próximo concurso, a ser realizado em 07/12/2005: R$4.800.000,00."
574;07/12/2005;3;4;6;9;14;16;25;30;31;32;45;48;56;64;71;73;76;85;94;96;1;RJ;"R$4.883.162,30";21;"R$19.511,98";334;"R$1.226,80";2926;"R$69,76";16658;"R$12,26";0;-;1;"R$204.875,79";"R$0,00";"R$0,00";"R$0,00";"Estimativa de prêmio (20 acertos) para o próximo concurso, a ser realizado em 10/12/2005: R$350.000,00. Ganhador de zero acerto: RS."
575;10/12/2005;0;7;10;13;17;19;37;41;53;54;59;61;64;70;77;80;82;84;93;98;1;ES;"R$436.919,38";21;"R$13.870,46";233;"R$1.250,13";1855;"R$78,23";10600;"R$13,69";0;-;1;"R$145.639,83";"R$0,00";"R$0,00";"R$0,00";"Estimativa de prêmio (20 ACERTOS) para o próximo concurso, a ser realizado em 14/12/2005: R$350.000,00. Ganhador de zero acerto: MG."
576;14/12/2005;9;15;19;20;28;30;32;37;44;45;52;54;56;60;68;69;74;84;95;99;0;;"R$0,00";6;"R$45.086,03";135;"R$2.003,82";1224;"R$110,10";7742;"R$17,41";0;-;1;"R$135.258,11";"R$405.774,25";"R$0,00";"R$0,00";"ACUMULOU!!! Estimativa de prêmio (20 acertos) para o próximo concurso, a ser realizado em 17/12/2005: R$900.000,00. Ganhador de zero acerto: BA."
577;17/12/2005;1;10;22;23;24;29;32;34;48;52;55;59;67;70;85;86;87;89;94;96;0;;"R$0,00";10;"R$30.439,96";142;"R$2.143,66";1393;"R$108,85";8849;"R$17,14";0;-;0;"R$0,00";"R$1.014.573,40";"R$0,00";"R$0,00";"ACUMULOU!!! Estimativa de prêmio (20 acertos) para o próximo concurso, a ser realizado em 21/12/2005: R$1.500.000,00."
578;21/12/2005;8;9;20;34;39;44;48;50;51;53;57;60;64;67;77;84;87;92;94;97;1;BA;"R$1.485.820,99";15;"R$20.944,34";187;"R$1.680,03";1755;"R$89,17";9965;"R$15,71";0;-;2;"R$78.541,28";"R$0,00";"R$0,00";"R$0,00";"Estimativa de prêmio (20 ACERTOS) para o próximo concurso, a ser realizado em 24/12/2005, às 14 horas: R$500.000,00. Ganhadores de zero acerto: BA e RS."
579;24/12/2005;1;2;3;6;12;21;31;35;46;47;48;50;51;52;59;64;69;71;89;90;0;;"R$0,00";7;"R$31.471,77";108;"R$2.039,84";1050;"R$104,52";6230;"R$17,62";0;-;0;"R$0,00";"R$440.604,71";"R$0,00";"R$0,00";"ACUMULOU!!! Estimativa de prêmio (20 ACERTOS) para o próximo concurso, a ser realizado em 28/12/2005: R$900.000,00."
580;28/12/2005;3;7;8;12;16;20;21;27;33;34;37;51;56;59;71;78;80;85;88;95;0;;"R$0,00";13;"R$21.300,13";138;"R$2.006,53";1335;"R$103,32";8403;"R$16,42";0;-;0;"R$0,00";"R$994.407,98";"R$0,00";"R$0,00";"ACUMULOU!!! Estimativa de prêmio (20 ACERTOS) para o próximo concurso, a ser realizado em 31/12/2005: R$1.400.000,00."
581;31/12/2005;2;6;12;27;28;29;37;38;46;52;55;57;62;64;65;71;78;83;84;91;0;;"R$0,00";7;"R$36.507,99";133;"R$1.921,48";1221;"R$104,26";8226;"R$15,49";0;-;0;"R$0,00";"R$1.505.519,77";"R$0,00";"R$0,00";"ACUMULOU!!! Estimativa de prêmio (20 ACERTOS) para o próximo concurso, a ser realizado em 04/01/2006: R$2.000.000,00."
582;04/01/2006;0;3;6;16;18;19;20;22;25;27;32;40;47;56;70;78;85;93;94;97;1;SP;"R$1.978.562,18";12;"R$26.280,13";192;"R$1.642,51";1634;"R$96,14";9920;"R$15,83";0;-;0;"R$0,00";"R$0,00";"R$0,00";"R$0,00";"Estimativa de prêmio (20 acertos) próximo concurso, a ser realizado em 07/01/2006: R$600.000,00. Acumulado de Zero acerto para 20 acertos: R$157.680,82."
583;07/01/2006;1;9;16;27;28;38;39;45;46;54;56;58;69;71;76;83;87;91;98;99;0;;"R$0,00";12;"R$23.797,41";183;"R$1.560,49";1536;"R$92,61";9458;"R$15,05";0;-;0;"R$0,00";"R$728.818,72";"R$0,00";"R$0,00";"ACUMULOU!!! Estimativa de prêmio (20 acertos) para o próximo concurso, a ser realizado em 11/01/2006: R$1.200.000,00."
584;11/01/2006;1;11;18;31;37;40;42;44;45;47;59;61;71;76;78;83;90;91;92;94;0;;"R$0,00";4;"R$71.765,71";140;"R$2.050,45";1416;"R$100,98";8674;"R$16,49";0;-;0;"R$0,00";"R$1.302.944,41";"R$0,00";"R$0,00";"ACUMULOU!!! Estimativa de prêmio (20 acertos) para o próximo concurso, a ser realizado em 14/01/2006: R$1.800.000,00."
585;14/01/2006;15;19;26;28;34;37;40;44;47;51;54;60;62;66;74;79;91;92;94;98;0;;"R$0,00";11;"R$28.935,69";243;"R$1.309,84";1993;"R$79,55";10971;"R$14,46";0;-;1;"R$159.146,31";"R$1.780.383,29";"R$0,00";"R$0,00";"ACUMULOU!!! Estimativa de prêmio (20 acertos) para o próximo concurso, a ser realizado em 18/01/2006: R$2.300.000,00. Ganhador de zero acerto: SP."
586;18/01/2006;5;6;14;21;27;36;39;45;48;50;56;62;64;72;76;80;81;89;92;97;1;SP;"R$2.247.996,51";22;"R$14.170,10";260;"R$1.199,01";2108;"R$73,67";11683;"R$13,29";0;-;1;"R$155.871,10";"R$0,00";"R$0,00";"R$0,00";"Estimativa de prêmio (20 acertos) para o próximo concurso, a ser realizado em 21/01/2006: R$400.000,00. Ganhador de zero acerto: SP."
587;21/01/2006;10;11;15;25;28;37;44;47;48;51;52;53;60;74;78;86;89;91;93;94;0;;"R$0,00";11;"R$23.962,22";209;"R$1.261,17";1692;"R$77,60";10468;"R$12,55";0;-;0;"R$0,00";"R$527.168,65";"R$0,00";"R$0,00";"ACUMULOU!!! Estimativa de prêmio (20 acertos) para o próximo concurso, a ser realizado em 25/01/2006: R$1.000.000,00."
588;25/01/2006;2;10;25;28;35;50;53;54;59;61;71;73;75;82;84;88;89;91;95;98;0;;"R$0,00";15;"R$17.156,04";206;"R$1.249,22";1712;"R$74,88";10040;"R$12,77";0;-;0;"R$0,00";"R$1.041.849,88";"R$0,00";"R$0,00";"ACUMULOU!!! Estimativa de prêmio (20 acertos) para o próximo concurso, a ser realizado em 28/01/2006: R$1.500.000,00."
589;28/01/2006;11;13;15;23;25;26;28;41;43;47;50;52;58;63;68;73;76;83;88;96;2;"ES; RS";"R$737.347,10";27;"R$10.687,51";305;"R$946,11";2503;"R$57,43";13490;"R$10,65";0;-;1;"R$144.281,47";"R$0,00";"R$0,00";"R$0,00";"Estimativa de prêmio (20 acertos) para o próximo concurso, a ser realizado em 01/02/2006: R$400.000,00. Ganhador de zero acerto: RS."
590;01/02/2006;0;13;14;16;17;18;27;28;39;44;47;65;67;70;71;80;84;86;92;97;0;;"R$0,00";4;"R$62.207,64";116;"R$2.145,09";1023;"R$121,16";6752;"R$18,36";0;-;0;"R$0,00";"R$497.661,13";"R$0,00";"R$0,00";"ACUMULOU!!! Estimativa de prêmio (20 acertos) para o próximo concurso a ser realizado em 04/02/2006: R$1.000.000,00."
591;04/02/2006;0;6;14;17;29;34;42;43;51;54;58;61;64;68;81;82;84;89;94;99;0;;"R$0,00";7;"R$41.869,87";143;"R$2.049,58";1431;"R$102,03";8347;"R$17,50";0;-;3;"R$48.848,20";"R$937.294,82";"R$0,00";"R$0,00";"ACUMULOU!!! Estimativa de prêmio (20 acertos) para o próximo concurso, a ser realizado em 08/02/2006: R$1.400.000,00. Ganhadores de zero acerto: SP."
592;08/02/2006;1;5;7;11;15;18;24;27;28;29;32;38;44;57;62;64;70;73;91;99;0;;"R$0,00";18;"R$16.235,76";244;"R$1.197,72";1996;"R$72,94";11810;"R$12,33";0;-;0;"R$0,00";"R$1.521.782,20";"R$0,00";"R$0,00";"ACUMULOU!!! Estimativa de prêmio (20 acertos) para o próximo concurso, a ser realizado em 11/02/2006: R$2.000.000,00."
593;11/02/2006;18;34;36;44;51;52;54;62;72;74;76;77;80;81;86;88;90;94;95;98;0;;"R$0,00";24;"R$14.053,48";384;"R$878,34";2953;"R$56,90";45097;"R$5,32";0;-;0;"R$0,00";"R$2.196.349,45";"R$0,00";"R$0,00";"ACUMULOU!!! Estimativa de prêmio (20 acertos) para o próximo concurso, a ser realizado em 15/02/2006: R$2.700.000,00."
594;15/02/2006;5;7;10;20;25;29;38;45;52;54;58;67;70;71;72;76;86;87;89;98;1;MG;"R$2.725.911,28";27;"R$13.075,60";357;"R$988,91";3262;"R$53,91";26773;"R$9,38";0;-;1;"R$176.520,61";"R$0,00";"R$0,00";"R$0,00";"Estimativa de prêmio (20 acertos) para o próximo concurso, a ser realizado em 18/02/2006: R$400.000,00. Ganhador de zero acerto: TO."
595;18/02/2006;0;5;6;8;18;24;28;43;45;47;48;49;51;64;66;76;77;82;87;99;1;BA;"R$431.244,94";10;"R$28.749,66";167;"R$1.721,54";1599;"R$89,56";9672;"R$14,82";0;-;0;"R$0,00";"R$0,00";"R$0,00";"R$0,00";"Estimativa de prêmio (20 acertos) para o próximo concurso, a ser realizado em 22/02/2006: R$400.000,00."
596;22/02/2006;2;18;20;22;31;46;50;51;54;60;63;66;70;73;80;81;86;88;90;99;1;SE;"R$550.502,36";23;"R$11.789,97";223;"R$1.216,01";1884;"R$71,69";10533;"R$12,83";0;-;1;"R$135.584,68";"R$0,00";"R$0,00";"R$0,00";"Estimativa de prêmio (20 acertos) para o próximo concurso, a ser realizado em 25/02/2006: R$500.000,00. Ganhador de zero acerto: SE."
597;25/02/2006;1;4;9;13;16;26;27;33;45;53;57;62;63;64;65;77;78;86;94;97;0;;"R$0,00";10;"R$24.543,82";166;"R$1.478,54";1591;"R$76,85";10139;"R$12,07";0;-;0;"R$0,00";"R$490.876,39";"R$0,00";"R$0,00";"ACUMULOU!!! Estimativa de prêmio (20 acertos) para o próximo concurso, a ser realizado em 01/03/2006: R$800.000,00."
598;01/03/2006;6;9;22;23;38;40;54;57;60;63;65;67;73;75;78;79;80;82;89;90;0;;"R$0,00";4;"R$35.829,74";67;"R$2.139,09";583;"R$122,46";3862;"R$18,48";0;-;0;"R$0,00";"R$777.514,30";"R$0,00";"R$0,00";"ACUMULOU!!! Estimativa de prêmio (20 acertos) para o próximo concurso, a ser realizado em 04/03/2006: R$1.300.000,00."
599;04/03/2006;3;10;24;28;31;39;41;43;49;53;55;59;76;80;85;89;90;94;95;97;0;;"R$0,00";4;"R$74.763,69";93;"R$3.215,64";1061;"R$140,40";7162;"R$20,81";0;-;0;"R$0,00";"R$1.375.623,78";"R$0,00";"R$0,00";"ACUMULOU!!! Estimativa de prêmio (20 acertos) para o próximo concurso, a ser realizado em 08/03/2006: R$1.800.000,00."
600;08/03/2006;3;4;5;7;11;12;17;28;29;30;36;38;42;55;65;75;78;87;90;93;1;SP;"R$1.835.350,93";8;"R$38.310,60";146;"R$2.099,21";1442;"R$105,87";8978;"R$17,01";0;-;0;"R$0,00";"R$0,00";"R$0,00";"R$0,00";"Estimativa de prêmio (20 acertos) para o próximo concurso, a ser realizado em 11/03/2006: R$500.000,00. Acumulado de zero acerto para vinte acertos: R$153.242,39."
601;11/03/2006;2;3;8;13;18;28;30;42;44;51;71;72;75;79;82;86;88;90;92;97;0;;"R$0,00";13;"R$21.708,69";199;"R$1.418,16";2114;"R$66,50";21374;"R$9,40";0;-;0;"R$0,00";"R$717.668,26";"R$0,00";"R$0,00";"ACUMULOU!!! Estimativa de prêmio (20 ACERTOS) para o próximo concurso, a ser realizado em 15/03/2006: R$1.200.000,00."
602;15/03/2006;0;13;18;19;22;28;31;33;39;41;42;45;46;53;55;71;80;86;88;99;1;SP;"R$1.148.213,52";14;"R$20.502,16";275;"R$1.043,75";2495;"R$57,31";14066;"R$10,17";0;-;0;"R$0,00";"R$0,00";"R$0,00";"R$0,00";"Estimativa de prêmio (20 acertos) para o próximo concurso, a ser realizado em 18/03/2006: R$400.000,00. Acumulado de zero para vinte acertos: R$143.515,11."
603;18/03/2006;13;17;19;24;31;39;44;52;53;57;62;64;67;74;75;76;81;89;91;95;0;;"R$0,00";4;"R$67.689,75";200;"R$1.353,80";1604;"R$84,08";9961;"R$13,54";0;-;0;"R$0,00";"R$685.033,08";"R$0,00";"R$0,00";"ACUMULOU!!! Estimativa de prêmio (20 acertos) para o próximo concurso, a ser realizado em 22/03/2006: R$1.200.000,00."
604;22/03/2006;2;8;12;15;24;29;48;50;52;57;61;67;68;72;73;75;76;88;90;97;0;;"R$0,00";12;"R$23.285,46";160;"R$1.746,41";1423;"R$97,81";8371;"R$16,63";0;-;0;"R$0,00";"R$1.243.883,94";"R$0,00";"R$0,00";"ACUMULOU!!! Estimativa de prêmio (20 acertos) para o próximo concurso, a ser realizado em 25/03/2006: R$1.800.000,00."
605;25/03/2006;0;3;4;11;13;14;22;26;29;34;40;51;57;64;66;72;74;75;76;91;0;;"R$0,00";13;"R$23.058,71";142;"R$2.111,01";1317;"R$113,37";8740;"R$17,09";0;-;0;"R$0,00";"R$1.843.410,35";"R$0,00";"R$0,00";"ACUMULOU!!! Estimativa de prêmio (20 acertos) para o próximo concurso, a ser realizado em 29/03/2006: R$2.300.000,00."
606;29/03/2006;5;11;12;19;26;28;35;51;52;57;58;60;70;72;75;77;83;85;94;98;0;;"R$0,00";9;"R$32.654,83";148;"R$1.985,76";1433;"R$102,17";8811;"R$16,62";0;-;0;"R$0,00";"R$2.431.197,21";"R$0,00";"R$0,00";"ACUMULOU!!! Estimativa de prêmio (20 acertos) para o próximo concurso, a ser realizado em 01/04/2006: R$3.000.000,00."
607;01/04/2006;2;11;20;29;30;35;37;47;59;64;72;75;78;79;82;84;89;92;94;99;0;;"R$0,00";9;"R$37.261,58";168;"R$1.996,16";1530;"R$109,19";9663;"R$17,29";0;-;1;"R$167.677,12";"R$2.934.228,53";"R$0,00";"R$0,00";"ACUMULOU!!! Estimativa de prêmio (20 acertos) para o próximo concurso, a ser realizado em 05/04/2006: R$3.500.000,00. Ganhador de zero acerto: MG."
608;05/04/2006;13;16;18;25;29;43;50;52;53;54;55;58;61;64;67;77;79;80;82;91;0;;"R$0,00";10;"R$35.238,45";232;"R$1.518,90";1974;"R$88,92";12476;"R$14,07";0;-;0;"R$0,00";"R$3.638.997,59";"R$0,00";"R$0,00";"ACUMULOU!!! Estimativa de prêmio (20 acertos) para o próximo concurso, a ser realizado em 08/04/2006: R$4.300.000,00."
609;08/04/2006;1;3;9;24;27;29;35;50;57;59;60;68;69;71;72;78;83;84;89;90;0;;"R$0,00";13;"R$30.976,90";200;"R$2.013,50";1832;"R$109,50";11079;"R$18,12";0;-;0;"R$0,00";"R$4.444.396,92";"R$0,00";"R$0,00";"ACUMULOU!!! Estimativa de prêmio (20 acertos) para o próximo concurso, a ser realizado em 12/04/2006: R$5.000.000,00."
610;12/04/2006;0;1;12;13;15;16;17;18;20;40;48;50;52;57;58;59;62;64;85;96;1;SP;"R$5.093.186,91";9;"R$48.058,52";252;"R$1.716,38";2246;"R$95,93";13376;"R$16,11";0;-;0;"R$0,00";"R$0,00";"R$0,00";"R$0,00";"Estimativa de prêmio (20 acertos) para o próximo concurso, a ser realizado em 15/04/2006: R$700.000,00. Acumulado de zero para vinte acertos: R$216.263,35."
611;15/04/2006;0;8;10;13;20;23;24;36;39;41;43;46;47;48;49;57;58;74;96;99;0;;"R$0,00";7;"R$32.774,32";126;"R$1.820,80";1067;"R$107,11";6848;"R$16,69";0;-;0;"R$0,00";"R$675.103,78";"R$0,00";"R$0,00";"ACUMULOU!!! Estimativa de prêmio (20 acertos) para o próximo concurso, a ser realizado em 19/04/2006: R$1.000.000,00."
612;19/04/2006;0;9;10;13;17;25;27;34;38;50;59;60;66;67;75;80;85;87;89;98;1;GO;"R$1.120.161,68";18;"R$16.483,63";221;"R$1.342,56";1734;"R$85,24";10078;"R$14,67";0;-;0;"R$0,00";"R$0,00";"R$0,00";"R$0,00";"Estimativa de prêmio (20 acertos) para o próximo concurso, a ser realizado em 22/04/2006: R$500.000,00. Acumulado de zero para vinte acertos: R$148.352,66."
613;22/04/2006;3;9;11;13;17;21;31;32;34;43;45;49;57;63;66;67;78;85;94;95;0;;"R$0,00";9;"R$26.863,07";149;"R$1.622,60";1435;"R$83,92";8665;"R$13,90";0;-;0;"R$0,00";"R$631.887,96";"R$0,00";"R$0,00";"ACUMULOU!!! Estimativa de prêmio (20 acertos) para o próximo concurso, a ser realizado em 26/04/2006: R$1.100.000,00."
614;26/04/2006;10;11;12;13;19;21;24;31;36;44;46;47;50;62;69;75;77;85;86;90;1;SP;"R$1.051.839,57";8;"R$34.995,97";139;"R$2.014,16";1396;"R$99,89";8741;"R$15,95";0;-;0;"R$0,00";"R$0,00";"R$0,00";"R$0,00";"Estimativa de prêmio (20 acertos) para o próximo concurso, a ser realizado em 29/04/2006: R$500.000,00. Acumulado de zero acerto para 20 acertos: R$139.983,90."
615;29/04/2006;2;14;28;41;43;46;47;52;57;58;60;64;65;69;71;72;74;75;77;92;1;SP;"R$538.768,75";15;"R$17.723,77";212;"R$1.254,04";1852;"R$71,51";12486;"R$10,60";0;-;0;"R$0,00";"R$0,00";"R$0,00";"R$0,00";"Estimativa de prêmio (20 acertos) para o próximo concurso, a ser realizado em 03/05/2006: R$500.000,00. Acumulado de zero acerto para 20 acertos: R$132.928,30."
616;03/05/2006;0;11;16;17;23;26;27;43;45;47;51;59;66;67;69;73;74;75;82;85;0;;"R$0,00";8;"R$28.835,92";179;"R$1.288,76";1586;"R$72,46";9487;"R$12,12";0;-;0;"R$0,00";"R$594.303,08";"R$0,00";"R$0,00";"ACUMULOU!!! Estimativa de prêmio (20 acertos) para o próximo concurso, a ser realizado em 06/05/2006: R$1.100.000,00."
617;06/05/2006;9;26;27;32;36;37;41;43;54;55;56;58;61;62;84;85;89;91;95;96;1;SP;"R$1.042.252,80";7;"R$42.661,88";157;"R$1.902,12";1420;"R$104,76";8567;"R$17,37";0;-;1;"R$149.316,60";"R$0,00";"R$0,00";"R$0,00";"Estimativa de prêmio (20 acertos) para o próximo concurso, a ser realizado em 10/05/2006: R$350.000,00. Ganhador de zero acerto: GO."
618;10/05/2006;8;13;14;24;27;30;31;32;43;49;57;58;59;71;76;80;86;87;96;98;0;;"R$0,00";12;"R$21.662,35";109;"R$2.384,85";1078;"R$120,12";7024;"R$18,44";0;-;0;"R$0,00";"R$519.896,44";"R$0,00";"R$0,00";"ACUMULOU!!! Estimativa de prêmio (20 acertos) para o próximo concurso, a ser realizado em 13/05/2006: R$1.000.000,00."
619;13/05/2006;4;7;10;15;22;26;38;39;44;49;54;58;61;66;70;75;81;89;91;99;1;SP;"R$959.988,18";9;"R$32.599,39";159;"R$1.845,25";1455;"R$100,45";8571;"R$17,06";0;-;1;"R$146.697,27";"R$0,00";"R$0,00";"R$0,00";"Estimativa de prêmio (20 acertos) para o próximo concurso, a ser realizado em 17/05/2006: R$350.000,00. Ganhador de zero acerto: SP."
620;17/05/2006;0;8;14;28;29;30;32;35;42;55;57;58;63;70;76;80;88;89;91;92;0;;"R$0,00";6;"R$39.772,63";97;"R$2.460,16";985;"R$120,67";5852;"R$20,32";0;-;0;"R$0,00";"R$477.271,54";"R$0,00";"R$0,00";"ACUMULOU!!! Estimativa prêmio (20 acertos): R$900.000,00. SORTEIO DO CONCURSO 621 ADIADO PARA 21/05/2006, ÀS 17 HORAS."
621;21/05/2006;0;1;3;7;18;23;25;31;33;36;37;41;42;48;58;65;77;83;87;89;0;;"R$0,00";15;"R$17.411,93";216;"R$1.209,16";1573;"R$82,71";9532;"R$13,65";0;-;0;"R$0,00";"R$999.629,35";"R$0,00";"R$0,00";"ACUMULOU!!! Estimativa de prêmio (20 acertos) para o próximo concurso a ser realizado em 24/05/2006: R$1.500.000,00."
622;24/05/2006;0;2;5;7;11;13;20;25;32;35;37;42;52;54;66;78;87;91;97;98;0;;"R$0,00";11;"R$23.253,44";173;"R$1.478,54";1477;"R$86,27";8881;"R$14,35";0;-;0;"R$0,00";"R$1.511.205,06";"R$0,00";"R$0,00";"ACUMULOU!!! Estimativa de prêmio (20 acertos) para o próximo concurso, a ser realizado em 27/05/2006: R$2.000.000,00."
623;27/05/2006;12;14;15;32;36;40;42;53;56;66;72;75;76;77;82;85;87;90;92;96;0;;"R$0,00";11;"R$25.935,69";181;"R$1.576,20";1587;"R$89,54";9257;"R$15,36";0;-;1;"R$142.646,33";"R$1.939.143,97";"R$0,00";"R$0,00";"ACUMULOU!!! Estimativa de prêmio (20 acertos) para o próximo concurso, a ser realizado em 31/05/2006: R$2.500.000,00. Ganhador de zero acerto: ES."
624;31/05/2006;8;9;10;21;22;23;41;45;47;49;52;56;60;62;64;66;74;77;93;96;1;BA;"R$2.373.904,68";6;"R$48.306,75";164;"R$1.767,32";1612;"R$89,56";9362;"R$15,43";0;-;0;"R$0,00";"R$0,00";"R$0,00";"R$0,00";"Estimativa de prêmio (20 ACERTOS) para o próximo concurso, a ser realizado em 03/06/2006: R$500.000,00. Acumulado de zero para 20 acertos: R$144.920,26."
625;03/06/2006;2;4;9;17;20;23;24;26;31;33;35;42;52;58;61;62;68;74;76;85;0;;"R$0,00";14;"R$18.876,90";187;"R$1.413,25";1672;"R$78,73";9701;"R$13,57";0;-;0;"R$0,00";"R$673.473,55";"R$0,00";"R$0,00";"Acumulou!!! Estimativa de prêmio (20 ACERTOS) para o próximo concurso, a ser realizado em 07/06/2006: R$1.100.000,00."
626;07/06/2006;0;6;7;16;17;20;21;22;27;30;31;34;35;52;56;67;68;72;75;91;1;MG;"R$1.096.707,71";12;"R$23.513,01";136;"R$2.074,68";1199;"R$117,23";7797;"R$18,03";0;-;1;"R$141.078,09";"R$0,00";"R$0,00";"R$0,00";"Estimativa de prêmio (20 acertos) para o próximo concurso, a ser realizado em 10/06/2006: R$400.000,00. Ganhador de zero acerto: MG."
627;10/06/2006;0;9;24;27;28;30;31;37;47;53;61;72;78;81;83;84;86;87;92;93;0;;"R$0,00";6;"R$42.598,18";109;"R$2.344,86";1003;"R$126,93";6704;"R$19,00";0;-;0;"R$0,00";"R$511.178,25";"R$0,00";"R$0,00";"ACUMULOU!!! Estimativa de prêmio (20 acertos) para o próximo concurso, a ser realizado em 14/06/2006: R$1.000.000,00."
628;14/06/2006;14;17;18;21;31;35;37;43;45;47;55;59;62;70;71;72;77;79;81;88;0;;"R$0,00";9;"R$25.485,94";157;"R$1.460,98";1342;"R$85,14";7830;"R$14,60";0;-;1;"R$114.686,74";"R$855.238,40";"R$0,00";"R$0,00";"ACUMULOU!!! Estimativa de prêmio (20 acertos) para o próximo concurso, a ser realizado em 17/06/2006: R$1.300.000,00. Ganhador de zero acerto: PA."
629;17/06/2006;5;8;10;12;27;28;33;35;38;39;44;51;59;63;65;69;78;81;82;94;0;;"R$0,00";10;"R$24.401,09";167;"R$1.461,14";1519;"R$80,02";8791;"R$13,83";0;-;0;"R$0,00";"R$1.343.260,11";"R$0,00";"R$0,00";"ACUMULOU!!! Estimativa de prêmio (20 acertos) para o próximo concurso, a ser realizado em 21/06/2006: R$1.700.000,00."
630;21/06/2006;0;4;5;10;18;26;31;40;44;47;50;57;59;61;64;71;72;78;87;92;0;;"R$0,00";15;"R$18.206,74";142;"R$1.923,25";1360;"R$100,03";8161;"R$16,67";0;-;0;"R$0,00";"R$1.889.462,32";"R$0,00";"R$0,00";"ACUMULOU! Estimativa de prêmio (20 acertos) para o próximo concurso, a ser realizado em 24/06/2006: R$2.500.000,00."
631;24/06/2006;1;4;18;20;21;31;38;39;42;55;62;66;67;71;75;79;82;93;98;99;0;;"R$0,00";10;"R$26.735,88";146;"R$1.831,23";1293;"R$103,00";7889;"R$16,88";0;-;0;"R$0,00";"R$2.424.179,89";"R$0,00";"R$0,00";"ACUMULOU!!! Estimativa de prêmio (20 acertos) para o próximo concurso, a ser realizado em 28/06/2006: R$3.000.000,00."
632;28/06/2006;3;8;9;28;32;35;36;38;42;43;59;62;64;68;78;88;89;94;95;97;0;;"R$0,00";10;"R$27.164,27";172;"R$1.579,32";1510;"R$89,61";8832;"R$15,33";0;-;0;"R$0,00";"R$2.967.465,44";"R$0,00";"R$0,00";"ACUMULOU!!! Estimativa de prêmio (20 acertos) para o próximo concurso, a ser realizado em 01/07/2006: R$3.500.000,00."
633;01/07/2006;11;12;15;16;23;24;27;37;45;56;57;61;64;68;69;73;88;91;96;97;1;MG;"R$3.392.829,14";18;"R$15.754,21";214;"R$1.325,12";1788;"R$79,00";9869;"R$14,32";0;-;1;"R$141.787,94";"R$0,00";"R$0,00";"R$0,00";"Estimativa de prêmio (20 acertos) para o próximo concurso, a ser realizado em 05/07/2006: R$350.000,00. Ganhador de zero acerto: MG."
634;05/07/2006;4;11;12;13;16;19;21;28;31;36;47;48;51;52;59;70;83;85;89;94;0;;"R$0,00";14;"R$16.509,69";136;"R$1.699,53";1290;"R$89,25";7803;"R$14,76";0;-;0;"R$0,00";"R$462.271,35";"R$0,00";"R$0,00";"ACUMULOU!!! Estimativa de prêmio (20 acertos) para o próximo concurso, a ser realizado em 08/07/2006: R$1.000.000,00."
635;08/07/2006;1;3;4;5;7;8;24;26;27;33;41;56;61;65;69;71;76;80;82;92;0;;"R$0,00";11;"R$23.716,45";145;"R$1.799,18";1350;"R$96,27";8313;"R$15,64";0;-;0;"R$0,00";"R$984.033,24";"R$0,00";"R$0,00";"ACUMULOU!!! Estimativa de prêmio (20 acertos) para o próximo concurso, a ser realizado em 12/07/2006: R$1.400.000,00."
636;12/07/2006;2;3;6;11;13;17;19;33;34;35;37;42;50;58;63;65;66;85;86;91;1;RJ;"R$1.384.660,14";16;"R$16.692,79";216;"R$1.236,51";1843;"R$72,19";10932;"R$12,18";0;-;0;"R$0,00";"R$0,00";"R$0,00";"R$0,00";"Estimativa de prêmio (20 ACERTOS) para o próximo concurso, a ser realizado em 15/07/2006: R$500.000,00. Acumulado de zero para 20 acertos: R$133.542,32."
637;15/07/2006;6;10;17;18;25;26;32;55;59;60;68;71;77;80;83;84;91;92;95;97;0;;"R$0,00";16;"R$15.607,76";122;"R$2.046,92";1216;"R$102,29";7139;"R$17,43";0;-;0;"R$0,00";"R$632.990,52";"R$0,00";"R$0,00";"ACUMULOU!!! Estimativa de prêmio (20 ACERTOS) para o próximo concurso, a ser realizado em 19/07/2006: R$1.100.000,00."
638;19/07/2006;4;7;12;13;15;17;34;38;46;55;56;62;71;77;79;81;83;87;88;96;0;;"R$0,00";7;"R$37.551,59";161;"R$1.632,68";1310;"R$99,95";8333;"R$15,73";0;-;0;"R$0,00";"R$1.158.712,79";"R$0,00";"R$0,00";"ACUMULOU!!! Estimativa de prêmio (20 acertos) para o próximo concurso, a ser realizado em 22/07/2006: R$1.700.000,00."
639;22/07/2006;0;12;18;19;23;28;30;33;37;46;50;58;62;65;66;73;76;91;98;99;0;;"R$0,00";11;"R$25.584,17";186;"R$1.513,04";1657;"R$84,60";10185;"R$13,77";0;-;0;"R$0,00";"R$1.721.564,59";"R$0,00";"R$0,00";"ACUMULOU!!! Estimativa de prêmio (20 acertos) para o próximo concurso, a ser realizado em 26/07/2006: R$2.200.000,00."
640;26/07/2006;0;3;4;7;13;15;16;17;24;33;36;37;39;41;57;58;62;71;88;89;0;;"R$0,00";19;"R$15.378,98";222;"R$1.316,22";2203;"R$66,07";12644;"R$11,51";0;-;0;"R$0,00";"R$2.305.965,68";"R$0,00";"R$0,00";"ACUMULOU!!! Estimativa de prêmio (20 ACERTOS) para o próximo concurso, a ser realizado em 29/07/2006: R$2.800.000,00."
641;29/07/2006;9;13;16;21;31;36;38;39;42;43;51;58;67;73;88;89;93;95;96;99;0;;"R$0,00";8;"R$39.105,55";204;"R$1.533,55";1907;"R$81,71";10521;"R$14,82";0;-;0;"R$0,00";"R$2.931.654,38";"R$0,00";"R$0,00";"ACUMULOU!!! Estimativa de prêmio (20 ACERTOS) para o próximo concurso, a ser realizado em 02/08/2006: R$3.500.000,00."
642;02/08/2006;14;25;26;36;40;44;45;46;56;61;64;75;79;83;88;92;93;95;97;99;0;;"R$0,00";12;"R$26.726,10";200;"R$1.603,56";1802;"R$88,66";10606;"R$15,07";0;-;2;"R$80.178,32";"R$3.412.724,21";"R$0,00";"R$0,00";"ACUMULOU!!! Estim. prêmio (20 acertos) para o próx. concurso, a ser realizado em 05/08/2006: R$4.000.000,00. Ganhadores zero acerto: MG e PB."
643;05/08/2006;3;10;14;15;19;30;38;39;45;52;54;57;64;66;69;74;75;85;91;96;2;"BA; MG";"R$1.995.092,19";18;"R$21.387,41";226;"R$1.703,43";2107;"R$91,01";12566;"R$15,27";0;-;0;"R$0,00";"R$0,00";"R$0,00";"R$0,00";"Estimativa de prêmio (20 acertos) para o próximo concurso, a ser realizado em 09/08/2006: R$500.000,00. Acumulado de zero acerto para vinte acertos: R$192.486,76."
644;09/08/2006;4;11;13;16;33;37;47;51;56;57;62;68;72;82;84;90;92;94;95;96;0;;"R$0,00";8;"R$32.409,04";176;"R$1.473,14";1346;"R$95,95";8439;"R$15,31";0;-;0;"R$0,00";"R$711.031,36";"R$0,00";"R$0,00";"ACUMULOU!!! Estimativa de prêmio (20 acertos) para o próximo concurso, a ser realizado em 12/08/2006: R$1.200.000,00."
645;12/08/2006;3;9;15;21;22;32;35;37;40;43;49;54;58;73;78;82;83;86;90;95;0;;"R$0,00";10;"R$28.830,53";151;"R$1.909,31";1445;"R$99,39";8507;"R$16,88";0;-;0;"R$0,00";"R$1.287.642,09";"R$0,00";"R$0,00";"ACUMULOU!!! Estimativa de prêmio (20 acertos) para o próximo concurso, a ser realizado em 16/08/2006: R$1.800.000,00."
646;16/08/2006;0;1;7;11;12;21;23;25;26;30;36;41;45;48;59;61;72;87;91;94;0;;"R$0,00";14;"R$19.803,54";236;"R$1.174,79";2040;"R$67,70";11346;"R$12,18";0;-;0;"R$0,00";"R$1.842.140,99";"R$0,00";"R$0,00";"ACUMULOU!!! Estimativa de prêmio (20 acertos) para o próximo concurso, a ser realizado em 19/08/2006: R$2.400.000,00."
647;19/08/2006;1;3;13;18;25;34;38;45;47;50;51;52;68;69;78;82;89;90;91;92;0;;"R$0,00";15;"R$20.355,48";184;"R$1.659,42";1862;"R$81,68";10824;"R$14,05";0;-;0;"R$0,00";"R$2.452.805,32";"R$0,00";"R$0,00";"ACUMULOU!!! Estimativa de prêmio (20 acertos) para o próximo concurso, a ser realizado em 23/08/2006: R$3.000.000,00."
648;23/08/2006;1;3;10;20;26;28;30;35;36;50;56;57;61;62;73;81;88;89;91;98;0;;"R$0,00";8;"R$40.817,00";164;"R$1.991,07";1446;"R$112,49";9117;"R$17,85";0;-;0;"R$0,00";"R$3.105.877,28";"R$0,00";"R$0,00";"ACUMULOU!!! Prêmio líquido (20 acertos) para o próximo concurso a ser realizado em 26/08/2006: R$3.700.000,00."
649;26/08/2006;11;14;18;19;25;28;34;37;40;46;48;49;52;56;71;72;74;77;81;99;0;;"R$0,00";16;"R$21.741,82";197;"R$1.765,83";1887;"R$91,82";11722;"R$14,79";0;-;0;"R$0,00";"R$3.801.615,68";"R$0,00";"R$0,00";"ACUMULOU!! Estimativa de prêmio (20 acertos) para o próximo concurso a ser realizado em 30/08/2006: R$4.500.000,00."
650;30/08/2006;2;5;24;27;42;43;44;51;53;57;60;64;70;71;78;81;85;94;97;99;0;;"R$0,00";14;"R$23.896,03";232;"R$1.442,00";2061;"R$80,86";12434;"R$13,40";0;-;0;"R$0,00";"R$4.470.704,42";"R$0,00";"R$0,00";"ACUMULOU!!! Estimativa de prêmio (20 ACERTOS) para o próximo concurso, a ser realizado em 02/09/2006: R$5.100.000,00."
651;02/09/2006;0;1;10;25;30;37;39;43;45;51;53;55;56;59;60;63;74;77;78;93;1;PR;"R$5.054.622,57";21;"R$18.537,08";391;"R$995,60";3164;"R$61,29";16846;"R$11,51";0;-;0;"R$0,00";"R$0,00";"R$0,00";"R$0,00";"Estimativa de prêmio (20 ACERTOS) para o próximo concurso, a ser realizado em 06/09/2006: R$600.000,00."
652;06/09/2006;3;4;6;8;12;17;18;25;28;35;37;48;53;58;61;68;70;72;90;95;2;"BA; MA";"R$273.377,67";7;"R$33.534,86";130;"R$1.805,72";1325;"R$88,25";8142;"R$14,37";0;-;0;"R$0,00";"R$0,00";"R$0,00";"R$0,00";"Estimativa de prêmio (20 ACERTOS) para o próximo concurso a ser realizado em 09/09/2006: R$500.000,00. Acumulado de ZERO acerto para 20 acertos: R$117.372,00"
653;09/09/2006;2;3;5;8;18;24;31;34;38;39;49;50;59;61;68;72;84;88;91;94;0;;"R$0,00";3;"R$76.629,57";111;"R$2.071,07";1047;"R$109,38";6274;"R$18,26";0;-;0;"R$0,00";"R$577.149,42";"R$0,00";"R$0,00";"ACUMULOU!!! Estimativa de prêmio (20 ACERTOS) para o próximo concurso a ser realizado em 13/09/2006: R$1.000.000,00."
654;13/09/2006;4;13;23;34;36;51;55;56;61;65;69;70;74;78;79;81;82;90;97;98;0;;"R$0,00";4;"R$66.886,67";121;"R$2.211,13";922;"R$144,54";6328;"R$21,06";0;-;0;"R$0,00";"R$1.112.242,79";"R$0,00";"R$0,00";"ACUMULOU!!! Estimativa de prêmio (20 acertos) para o próximo concurso, a ser realizado em 16/09/2006: R$1.600.000,00."
655;16/09/2006;1;6;15;18;19;23;27;33;43;57;59;72;73;74;78;79;94;95;98;99;0;;"R$0,00";7;"R$40.855,53";158;"R$1.810,06";1421;"R$100,25";8737;"R$16,31";0;-;0;"R$0,00";"R$1.684.220,15";"R$0,00";"R$0,00";"ACUMULOU!!! Estimativa de prêmio (20 ACERTOS) para o próximo concurso, a ser realizado em 20/09/2006: R$2.200.000,00."
656;20/09/2006;1;3;4;6;12;15;21;23;48;52;56;59;64;73;75;76;78;79;81;95;1;RJ;"R$2.102.598,15";26;"R$10.727,64";309;"R$902,65";2420;"R$57,42";13175;"R$10,55";0;-;1;"R$139.459,35";"R$0,00";"R$0,00";"R$0,00";"Estimativa de prêmio (20 ACERTOS) para o próximo concurso a ser realizado em 23/09/2006: R$ 350.000,00. O ganhador do prêmio para ZERO ACERTO é do Rio de Janeiro."
657;23/09/2006;6;8;16;21;24;25;26;28;38;54;66;72;76;81;83;84;87;88;90;99;0;;"R$0,00";10;"R$25.180,41";100;"R$2.518,04";1011;"R$124,06";6924;"R$18,12";0;-;1;"R$125.902,07";"R$377.706,17";"R$0,00";"R$0,00";"ACUMULOU!!! Estimativa de prêmio (20 acertos) para o próximo concurso, a ser realizado em 27/09/2006: R$800.000,00. Ganhador de zero acerto: RJ."
658;27/09/2006;1;2;13;16;20;24;32;34;43;44;45;55;61;63;67;76;77;91;93;96;0;;"R$0,00";11;"R$22.003,52";123;"R$1.967,80";1317;"R$91,55";7908;"R$15,26";0;-;0;"R$0,00";"R$861.783,52";"R$0,00";"R$0,00";"ACUMULOU!!! Estimativa de prêmio (20 ACERTOS) para o próximo concurso a ser realizado em 30/09/2006: R$1.400.000,00."
659;30/09/2006;6;7;22;23;29;32;42;47;49;57;58;63;65;74;76;80;86;92;95;96;0;;"R$0,00";8;"R$33.908,69";180;"R$1.507,06";1477;"R$91,49";9163;"R$14,75";0;-;0;"R$0,00";"R$1.404.322,51";"R$0,00";"R$0,00";"ACUMULOU!!! Estimativa de prêmio (20 ACERTOS) para o próximo concurso a ser realizado em 04/10/2006: R$1.800.000,00."
660;04/10/2006;2;6;11;12;23;30;32;34;36;45;51;57;60;67;71;79;83;88;92;97;0;;"R$0,00";11;"R$25.421,13";219;"R$1.276,86";1583;"R$87,99";8857;"R$15,73";0;-;1;"R$139.816,23";"R$1.823.771,16";"R$0,00";"R$0,00";"ACUMULOU!!! Estimativa de prêmio (vinte acertos) para o próximo concurso, a ser realizado em 07/10/2006: R$2.300.000,00. Ganhador de Zero Acerto: MG."
661;07/10/2006;3;4;7;17;20;29;31;40;43;46;52;64;65;70;72;73;75;76;97;98;0;;"R$0,00";10;"R$28.957,44";121;"R$2.393,18";1211;"R$119,11";7620;"R$18,93";0;-;0;"R$0,00";"R$2.402.919,93";"R$0,00";"R$0,00";"ACUMULOU!!! Estimativa de prêmio (20 acertos) para o próximo concurso, a ser realizado em 11/10/2006: R$2.900.000,00."
662;11/10/2006;12;14;18;21;23;25;26;32;35;37;43;47;49;54;65;66;73;83;89;93;0;;"R$0,00";28;"R$10.112,00";411;"R$686,29";3139;"R$44,93";16537;"R$8,53";0;-;1;"R$141.568,01";"R$2.827.623,89";"R$0,00";"R$0,00";"Acumulou!!! Estimativa de prêmio (VINTE ACERTOS) para o próximo concurso a ser realizado em 14/10/2006: R$3.300.000,00. O ganhador de Zero Acerto é de SP."
663;14/10/2006;2;8;11;12;23;24;30;31;33;38;43;45;47;49;66;71;72;74;85;86;0;;"R$0,00";12;"R$22.785,05";180;"R$1.519,00";1734;"R$78,55";10446;"R$13,05";0;-;0;"R$0,00";"R$3.374.464,93";"R$0,00";"R$0,00";"ACUMULOU!!! Estimtiva de prêmio (20 acertos) para o próximo concurso, a ser realizado em 18/10/2006: R$3.800.000,00."
664;18/10/2006;0;3;11;20;30;32;35;44;46;50;51;53;54;55;57;60;64;70;91;93;1;PI;"R$3.839.315,11";22;"R$14.086,37";299;"R$1.036,46";2484;"R$62,15";13567;"R$11,38";0;-;0;"R$0,00";"R$0,00";"R$0,00";"R$0,00";"Estimativa de prêmio (20 acertos) para o próximo concurso, a ser realizado em 21/10/2006: R$500.000,00. Acumulado de zero acerto para vinte acertos: R$154.950,07."
665;21/10/2006;0;1;5;8;10;22;24;30;38;40;44;54;57;59;60;64;72;81;88;99;0;;"R$0,00";15;"R$13.579,03";226;"R$901,26";1797;"R$56,47";9480;"R$10,70";0;-;0;"R$0,00";"R$562.321,06";"R$0,00";"R$0,00";"ACUMULOU!!! Estimativa de prêmio (20 acertos) para o próximo concurso, a ser realizado em 25/10/2006: R$1.000.000,00."
666;25/10/2006;0;1;5;15;16;17;18;22;31;32;42;43;47;58;68;77;84;85;91;92;0;;"R$0,00";12;"R$19.886,09";105;"R$2.272,69";1082;"R$109,87";6857;"R$17,34";0;-;0;"R$0,00";"R$1.039.587,29";"R$0,00";"R$1.500.000,00";"ACUMULOU!!! Estimativa de prêmio (20 acertos) para o próximo concurso, a ser realizado em 28/10/2006: R$1.500.000,00."
667;28/10/2006;2;5;7;10;20;29;42;45;52;58;59;62;67;69;71;75;79;80;86;91;1;MG;"R$1.427.092,59";10;"R$25.833,69";152;"R$1.699,58";1257;"R$102,37";7791;"R$16,52";0;-;0;"R$0,00";"R$0,00";"R$0,00";"R$0,00";"Estimativa de prêmio (20 acertos) para o próximo concurso, a ser realizado em 01/11/2006: R$500.000,00. Acumulado de zero acerto para vinte acertos: R$129.168,44."
668;01/11/2006;9;10;12;23;37;40;42;46;47;49;51;53;57;62;63;71;76;80;81;83;0;;"R$0,00";9;"R$22.980,90";88;"R$2.350,32";945;"R$109,03";5956;"R$17,30";0;-;0;"R$0,00";"R$542.824,60";"R$0,00";"R$0,00";"ACUMULOU!!! Estimativa de prêmio (20 acertos) para o próximo concurso, a ser realizado em 04/11/2006: R$1.000.000,00."
669;04/11/2006;8;9;11;13;16;27;30;37;44;48;66;69;70;74;75;77;84;85;95;97;0;;"R$0,00";6;"R$36.463,21";118;"R$1.854,06";1223;"R$89,11";7146;"R$15,26";0;-;1;"R$109.389,68";"R$870.993,55";"R$0,00";"R$0,00";"ACUMULOU!!! Estimativa de prêmio (20 acertos) para o próximo concurso a ser realizado em 08/11/2006: R$1.300.000,00. Ganhador de zero acerto de SP."
670;08/11/2006;5;12;19;23;34;36;47;54;62;66;67;70;74;77;78;83;85;94;95;96;1;CE;"R$1.236.094,67";17;"R$14.317,69";211;"R$1.153,56";1788;"R$67,82";10230;"R$11,86";0;-;0;"R$0,00";"R$0,00";"R$0,00";"R$0,00";"Estimativa de prêmio (20 ACERTOS) para o próximo concurso a ser realizado em 11/11/2006: R$500.000,00. Acumulado de ZERO para 20 acertos: R$121.700,39."
671;11/11/2006;3;5;10;12;14;18;37;38;39;41;43;58;67;74;75;80;88;90;97;98;0;;"R$0,00";5;"R$47.396,05";101;"R$2.346,34";896;"R$131,74";6231;"R$18,95";0;-;0;"R$0,00";"R$595.660,85";"R$0,00";"R$0,00";"ACUMULOU!!! Estimativa de prêmio (20 acertos) para o próximo concurso, a ser realizado em 18/11/2006: R$1.100.000,00."
672;18/11/2006;3;12;17;19;29;34;40;46;50;52;57;58;68;70;72;79;82;83;91;95;0;;"R$0,00";13;"R$24.369,72";160;"R$1.980,04";1554;"R$101,55";9407;"R$16,78";0;-;1;"R$158.403,19";"R$1.070.870,34";"R$0,00";"R$0,00";"ACUMULOU!!! Estimativa de prêmio (20 acertos) para o próximo concurso, a ser realizado em 22/11/2006: R$1.500.000,00. Ganhador de zero acerto: PR."
673;22/11/2006;8;11;12;17;19;21;22;28;29;36;43;49;57;58;60;61;65;79;89;91;0;;"R$0,00";9;"R$25.282,00";118;"R$1.928,29";1150;"R$98,56";7523;"R$15,07";0;-;0;"R$0,00";"R$1.525.946,24";"R$0,00";"R$0,00";"ACUMULOU!!! Estimativa de prêmio (20 acertos) para o próximo concurso, a ser realizado em 25/11/2006: R$2.000.000,00."
674;25/11/2006;11;12;23;25;26;29;36;42;49;53;56;71;73;74;78;82;83;87;92;98;2;"MS; SP";"R$955.002,35";16;"R$16.002,44";190;"R$1.347,57";1754;"R$72,72";10001;"R$12,76";0;-;2;"R$64.009,76";"R$0,00";"R$0,00";"R$0,00";"Estimativa de prêmio (20 acertos) para o próximo concurso, a ser realizado em 29/11/2006: R$350.000,00. Ganhadores de zero acerto: MS e SP."
675;29/11/2006;9;10;14;16;17;18;19;20;24;25;37;43;50;51;70;78;80;84;93;98;0;;"R$0,00";7;"R$28.350,07";114;"R$1.740,79";990;"R$99,85";6076;"R$16,27";0;-;0;"R$0,00";"R$396.901,07";"R$0,00";"R$0,00";"ACUMULOU!!! Estimativa de prêmio (20 acertos) para o próximo concurso, a ser realizado em 02/12/2006: R$800.000,00."
676;02/12/2006;0;3;7;9;28;34;42;58;64;65;68;69;76;79;84;88;90;91;96;99;0;;"R$0,00";7;"R$34.239,29";127;"R$1.887,20";1258;"R$94,90";7711;"R$15,49";0;-;0;"R$0,00";"R$876.251,16";"R$0,00";"R$0,00";"ACUMULOU!!! Estimativa de prêmio (20 acertos) para o próximo concurso, a ser realizado em 06/12/2006: R$1.300.000,00."
677;06/12/2006;2;6;21;25;33;35;36;48;49;51;53;54;68;79;80;83;89;90;91;98;1;MG;"R$1.230.462,36";5;"R$47.228,16";77;"R$3.066,77";913;"R$128,83";5437;"R$21,64";0;-;0;"R$0,00";"R$0,00";"R$0,00";"R$0,00";"Estimativa de prêmio (20 Acertos) para o próximo concurso a ser realizado em 09/12/2006: R$500.000,00. Acumulado de Zero Acerto para 20 Acertos R$118.070,41."
678;09/12/2006;0;10;19;20;23;35;49;51;52;59;61;62;67;69;76;78;79;81;85;93;0;;"R$0,00";4;"R$56.729,16";91;"R$2.493,59";900;"R$125,60";5813;"R$19,45";0;-;0;"R$0,00";"R$571.903,68";"R$0,00";"R$0,00";"ACUMULOU!!! Estimativa de prêmio (20 acertos) para o próximo concurso, a ser realizado em 13/12/2006: R$1.000.000,00."
679;13/12/2006;0;4;8;11;14;17;23;25;26;32;37;53;59;61;63;67;76;85;86;98;0;;"R$0,00";18;"R$13.238,96";196;"R$1.215,82";1461;"R$81,25";8674;"R$13,69";0;-;0;"R$0,00";"R$1.048.506,18";"R$0,00";"R$0,00";"ACUMULOU!!! Estimativa de prêmio (20 acertos) para o próximo concurso, a ser realizado em 16/12/2006: R$1.500.000,00."
680;16/12/2006;4;9;10;12;13;17;22;28;33;35;42;45;47;48;54;65;69;78;79;99;0;;"R$0,00";16;"R$15.801,48";249;"R$1.015,35";2112;"R$59,63";11655;"R$10,81";0;-;0;"R$0,00";"R$1.554.153,66";"R$0,00";"R$0,00";"ACUMULOU!!! Estimativa de prêmio (20 acertos) para o próximo concurso, a ser realizado em 20/12/2006: R$2.000.000,00."
681;20/12/2006;1;14;16;18;31;33;34;39;43;47;54;57;58;63;70;75;79;83;89;93;0;;"R$0,00";12;"R$21.854,81";153;"R$1.714,10";1472;"R$88,76";8830;"R$14,80";0;-;0;"R$0,00";"R$2.078.669,04";"R$0,00";"R$0,00";"ACUMULOU!!! Estimativa de prêmio (20 ACERTOS) para o próximo concurso, a ser realizado em 23/12/2006: R$2.500.000,00."
682;23/12/2006;2;4;10;18;26;30;41;45;50;52;58;62;64;66;70;72;73;88;91;99;0;;"R$0,00";17;"R$15.801,55";218;"R$1.232,23";1690;"R$79,18";9759;"R$13,72";0;-;1;"R$134.313,17";"R$2.481.608,51";"R$0,00";"R$0,00";"ACUMULOU!!! Estimativa de prêmio (20 ACERTOS) para o próximo concurso, a ser realizado em 27/12/2006: R$3.000.000,00. Ganhador de zero acerto: MG."
683;27/12/2006;1;2;6;14;16;34;45;55;58;59;60;68;70;83;87;89;91;92;95;97;0;;"R$0,00";10;"R$25.125,52";118;"R$2.129,29";1161;"R$107,80";7011;"R$17,86";0;-;0;"R$0,00";"R$2.984.119,05";"R$0,00";"R$0,00";"ACUMULOU!!! Estimativa de prêmio (20 ACERTOS) para o próximo concurso, a ser realizado em 30/12/2006: R$3.500.000,00."
684;30/12/2006;0;1;13;17;21;27;35;37;40;48;52;54;59;64;69;77;79;87;93;99;0;;"R$0,00";20;"R$14.734,02";264;"R$1.116,22";2074;"R$70,78";10979;"R$13,37";0;-;0;"R$0,00";"R$3.573.480,12";"R$0,00";"R$0,00";"ACUMULOU!!! Estimativa de prêmio (20 ACERTOS) para o próximo concurso, a ser realizado em 03/01/2007: R$4.000.000,00."
685;03/01/2007;2;6;19;23;24;27;28;30;38;42;50;54;65;75;76;87;88;96;98;99;0;;"R$0,00";4;"R$67.139,88";117;"R$2.295,38";1082;"R$123,64";7041;"R$19,00";0;-;0;"R$0,00";"R$4.110.599,17";"R$0,00";"R$0,00";"ACUMULOU!!! Estimativa de prêmio (20 ACERTOS) para o próximo concurso, a ser realizado em 06/01/2007: R$4.600.000,00."
686;06/01/2007;2;3;7;11;19;20;21;24;27;39;41;44;47;61;65;68;70;82;83;86;2;"MG; SP";"R$2.332.289,22";19;"R$19.437,87";191;"R$1.933,61";2091;"R$87,98";15597;"R$11,80";0;-;2;"R$92.329,89";"R$0,00";"R$0,00";"R$0,00";"Estimativa de prêmio (20 ACERTOS) para o próximo concurso, a ser realizado em 10/01/2007: R$350.000,00. Ganhadores de zero acerto: MG e SP."
687;10/01/2007;9;11;19;20;24;25;30;36;41;53;63;72;75;76;78;80;89;92;95;97;0;;"R$0,00";6;"R$44.131,75";105;"R$2.521,82";1112;"R$118,61";6929;"R$19,04";0;-;1;"R$132.395,27";"R$397.185,72";"R$0,00";"R$0,00";"ACUMULOU!!! Estimativa de prêmio (20 acertos) para o próximo concurso, a ser realizado em 13/01/2007: R$900.000,00. Ganhador de zero acerto: MA."
688;13/01/2007;0;8;15;19;29;31;33;34;37;40;52;53;65;72;77;78;89;94;96;99;0;;"R$0,00";7;"R$36.810,35";118;"R$2.183,67";1260;"R$101,87";10948;"R$11,73";0;-;0;"R$0,00";"R$912.530,67";"R$0,00";"R$0,00";"ACUMULOU!!! Estimativa de prêmio (20 ACERTOS) para o próximo concurso, a ser realizado em 17/01/2007: R$1.300.000,00."
689;17/01/2007;8;12;20;22;23;26;32;38;44;55;63;68;69;70;77;85;86;89;94;96;0;;"R$0,00";11;"R$24.679,24";135;"R$2.010,90";1368;"R$98,85";8392;"R$16,11";0;-;0;"R$0,00";"R$1.455.473,93";"R$0,00";"R$0,00";"ACUMULOU!!! Estimativa de prêmio (20 acertos) para o próximo concurso, a ser realizado em 20/01/2007: R$2.000.000,00."
690;20/01/2007;4;5;7;11;14;18;43;47;52;55;63;65;67;73;77;84;87;91;92;93;0;;"R$0,00";17;"R$16.519,59";196;"R$1.432,82";1638;"R$85,41";9924;"R$14,10";0;-;0;"R$0,00";"R$2.017.140,04";"R$0,00";"R$0,00";"ACUMULOU!!! Estimativa de prêmio (20 acertos) para o próximo concurso, a ser realziado em 24/01/2007: R$2.500.000,00."
691;24/01/2007;9;18;29;31;38;42;43;44;45;47;52;58;59;60;68;82;85;92;98;99;0;;"R$0,00";7;"R$40.547,62";160;"R$1.773,96";1481;"R$95,47";8900;"R$15,88";0;-;0;"R$0,00";"R$2.584.806,61";"R$0,00";"R$0,00";"ACUMULOU!!! Estimativa de prêmio (20 acertos) para o próximo concurso, a ser realizado em 27/01/2007: R$3.000.000,00."
692;27/01/2007;3;4;12;14;18;21;28;34;35;45;50;51;52;61;65;68;75;78;82;88;0;;"R$0,00";17;"R$17.579,18";207;"R$1.443,70";1676;"R$88,83";10065;"R$14,79";0;-;0;"R$0,00";"R$3.182.498,75";"R$0,00";"R$0,00";"ACUMULOU!!! Estimativa de prêmio (20 acertos) para o próximo concurso, a ser realizado em 31/01/2007: R$3.700.000,00."
693;31/01/2007;3;4;13;14;19;22;24;26;38;43;47;51;62;65;67;68;69;72;90;97;0;;"R$0,00";12;"R$28.131,29";169;"R$1.997,49";1581;"R$106,36";10211;"R$16,47";0;-;0;"R$0,00";"R$3.857.649,74";"R$0,00";"R$0,00";"ACUMULOU! Estimativa de prêmio (20 acertos) para o próximo concurso, a ser realizado em 03/02/2007: R$4.500.000,00."
694;03/02/2007;6;9;14;17;19;24;41;42;47;58;64;67;68;69;71;72;75;86;87;97;1;SP;"R$4.424.339,43";20;"R$18.889,66";275;"R$1.373,80";2394;"R$78,62";14126;"R$13,32";0;-;1;"R$188.896,59";"R$0,00";"R$0,00";"R$0,00";"Estimativa de prêmio (20 acertos) para o próximo concurso , a ser realizado em 07/02/2007: R$400.000,00. Ganhador de zero acerto: PR."
695;07/02/2007;2;7;17;22;33;37;46;51;54;60;61;65;66;70;74;76;77;78;80;88;0;;"R$0,00";5;"R$49.300,65";134;"R$1.839,58";1110;"R$110,62";7236;"R$16,98";0;-;0;"R$0,00";"R$493.006,46";"R$0,00";"R$0,00";"ACUMULOU! Estimativa de prêmio (20 acertos) para o próximo concurso, a ser realizado em 10/02/2007: R$1.000.000,00."
696;10/02/2007;11;13;22;23;25;31;37;44;61;64;70;71;72;75;77;79;80;84;87;94;1;PE;"R$905.809,48";18;"R$15.289,01";181;"R$1.520,45";1450;"R$94,54";9183;"R$14,93";0;-;0;"R$0,00";"R$0,00";"R$0,00";"R$0,00";"Estimativa de prêmio (20 acertos) para o próximo concurso, a ser realizado em 14/02/2007: R$500.000,00."
697;14/02/2007;1;5;6;11;17;26;39;40;44;46;48;53;54;65;68;75;78;80;89;94;0;;"R$0,00";8;"R$29.780,53";108;"R$2.205,96";1022;"R$116,12";6193;"R$19,16";0;-;0;"R$0,00";"R$614.089,54";"R$0,00";"R$0,00";"ACUMULOU!!! Estimativa de prêmio (20 acertos) para o próximo concurso, a ser realizado em 17/02/2007: R$1.100.000,00."
698;17/02/2007;8;14;15;16;26;27;30;39;41;44;48;67;74;75;82;86;87;88;91;94;0;;"R$0,00";6;"R$41.674,55";130;"R$1.923,44";1021;"R$122,00";6654;"R$18,72";0;-;0;"R$0,00";"R$1.114.184,19";"R$0,00";"R$0,00";"ACUMULOU!!! Estimativa de prêmio (20 acertos) para o próximo concurso, a ser realizado em 21/02/2007: R$1.500.000,00."
699;21/02/2007;3;7;10;17;22;23;27;28;44;46;47;55;67;74;77;81;88;93;95;96;0;;"R$0,00";5;"R$28.205,76";110;"R$1.282,08";883;"R$79,56";5427;"R$12,96";0;-;0;"R$0,00";"R$1.396.241,77";"R$0,00";"R$0,00";"ACUMULOU! Estimativa de prêmio (20 acertos) para o próximo concurso, a ser realizado em 24/02/2007: R$1.800.000,00."
700;24/02/2007;6;11;16;25;26;27;29;37;39;47;51;53;63;69;76;84;89;90;91;96;0;;"R$0,00";6;"R$45.247,06";119;"R$2.281,37";1144;"R$118,20";7104;"R$19,04";0;-;0;"R$0,00";"R$1.939.206,48";"R$0,00";"R$0,00";"ACUMULOU!!! Estimativa de prêmio (20 acertos) para o próximo concurso, a ser realizado em 28/02/2007: R$2.400.000,00."
701;28/02/2007;0;1;26;39;48;51;54;63;64;67;70;77;79;81;84;88;91;92;95;97;0;;"R$0,00";23;"R$11.942,03";211;"R$1.301,74";1955;"R$69,99";27665;"R$7,07";0;-;0;"R$0,00";"R$2.488.539,72";"R$0,00";"R$0,00";"ACUMULOU!!! Estimativa de prêmio (20 acertos) para o próximo concurso, a ser realizado em 03/03/2007: R$3.000.000,00."
702;03/03/2007;1;17;18;22;32;33;38;53;57;66;69;72;75;76;77;79;81;84;97;99;1;PR;"R$2.961.520,94";15;"R$21.021,39";244;"R$1.292,30";2044;"R$76,85";12492;"R$12,58";0;-;1;"R$157.660,42";"R$0,00";"R$0,00";"R$0,00";"Estimativa de prêmio (20 acertos) para o próximo concurso, a ser realizado em 07/03/2007: R$350.000,000. Ganhador de zero acerto: AL."
703;07/03/2007;7;8;12;16;30;32;33;39;43;49;56;66;70;71;72;79;84;87;92;96;0;;"R$0,00";5;"R$47.728,22";105;"R$2.272,77";986;"R$120,56";6038;"R$19,70";0;-;1;"R$119.320,56";"R$357.961,59";"R$0,00";"R$0,00";"ACUMULOU!!! Estimativa de prêmio (20 acertos) para o próximo concurso, a ser realizado em 10/03/2007: R$800.000,00. Ganhador de zero acerto: RS."
704;10/03/2007;10;14;15;24;38;42;46;49;53;57;60;64;68;75;89;91;92;95;96;99;1;MS;"R$749.883,59";11;"R$23.752,85";158;"R$1.653,68";1307;"R$99,59";8309;"R$15,68";0;-;1;"R$130.640,68";"R$0,00";"R$0,00";"R$0,00";"Estimativa de prêmio (20 acertos) para o próximo concurso, a ser realizado em 14/03/2007: R$350.000,00. Ganhador de zero acerto: MA."
705;14/03/2007;5;13;16;18;19;36;37;38;43;45;50;51;57;58;70;72;73;75;84;96;1;PR;"R$342.227,26";8;"R$28.518,94";150;"R$1.521,01";1505;"R$75,52";8912;"R$12,76";0;-;0;"R$0,00";"R$0,00";"R$0,00";"R$0,00";"Estimativa de prêmio (20 acertos) para o próximo concurso, a ser realizado em 17/03/2007: R$400.000,00. Acumulado de zero acerto para vinte acertos: R$114.075,76."
706;17/03/2007;8;14;15;32;33;37;46;51;55;62;63;65;66;77;81;82;84;87;92;98;1;PI;"R$468.882,54";10;"R$23.653,79";147;"R$1.609,10";1351;"R$87,21";8232;"R$14,32";0;-;1;"R$118.268,95";"R$0,00";"R$0,00";"R$0,00";"Estimativa de prêmio (20 acertos) para o próximo concurso, a ser realizado em 21/03/2007: R$350.000,00. Ganhador de zero acerto: PI."
707;21/03/2007;3;5;7;13;21;25;26;28;34;42;47;52;65;72;76;80;82;86;93;99;0;;"R$0,00";9;"R$24.579,25";165;"R$1.340,69";1329;"R$82,92";7860;"R$14,02";0;-;0;"R$0,00";"R$442.426,51";"R$0,00";"R$0,00";"ACUMULOU! Estimativa de prêmio (20 acertos) para o próximo concurso, a ser realizado em 24/03/2007: R$900.000,00."
708;24/03/2007;1;18;19;24;27;28;31;42;46;49;50;64;65;74;82;85;86;91;93;99;0;;"R$0,00";12;"R$19.306,54";108;"R$2.145,18";1126;"R$102,49";7221;"R$15,98";0;-;1;"R$115.839,29";"R$789.944,31";"R$0,00";"R$0,00";"ACUMULOU! Estimativa de prêmio (20 acertos) para o próximo concurso, a ser realizado em 28/03/2007: R$1.200.000,00. Ganhador de zero acerto: SC."
709;28/03/2007;2;4;7;11;12;13;20;36;37;41;42;45;53;67;68;74;76;81;88;93;0;;"R$0,00";6;"R$39.158,88";106;"R$2.216,54";1072;"R$109,18";6816;"R$17,18";0;-;0;"R$0,00";"R$1.259.850,82";"R$0,00";"R$0,00";"ACUMULOU!!! Estimativa de prêmio (20 acertos) para o próximo concurso a ser realizado em 31/03/2007: R$1.700.000,00."
710;31/03/2007;3;6;18;24;28;38;42;46;50;52;58;59;60;62;66;69;72;75;95;96;0;;"R$0,00";11;"R$23.619,47";180;"R$1.443,41";1459;"R$88,71";9246;"R$14,00";0;-;0;"R$0,00";"R$1.779.479,20";"R$0,00";"R$0,00";"ACUMULOU!!! Estimativa de prêmio (20 acertos) para o próximo concurso a ser realizado em 04/04/2007: R$2.200.000,00."
711;04/04/2007;5;6;12;13;19;20;32;35;45;49;51;55;66;68;82;86;87;88;95;99;0;;"R$0,00";7;"R$36.019,62";156;"R$1.616,26";1380;"R$91,01";8245;"R$15,24";0;-;0;"R$0,00";"R$2.283.753,86";"R$0,00";"R$0,00";"ACUMULOU!!! Estimativa de prêmio (20 acertos) para o próximo concurso a ser realizado em 07/04/2007: R$2.700.000,00."
712;07/04/2007;2;10;14;17;22;29;31;33;38;40;47;48;57;76;80;85;93;94;96;97;0;;"R$0,00";12;"R$19.335,91";151;"R$1.536,63";1366;"R$84,61";7749;"R$14,92";0;-;1;"R$116.015,48";"R$2.631.800,22";"R$0,00";"R$0,00";"ACUMULOU!!! Estimativa de prêmio (20 acertos) para o próximo concurso a ser realizado em 11/04/2007: R$3.000.000,00. Ganhador zero acerto: SP."
713;11/04/2007;2;6;12;15;22;25;27;28;31;46;54;57;59;60;64;78;80;82;84;87;2;"MG; PA";"R$1.538.661,04";7;"R$42.430,66";193;"R$1.538,93";1602;"R$92,36";9475;"R$15,63";0;-;1;"R$148.507,29";"R$0,00";"R$0,00";"R$0,00";"Estimativa de prêmio (20 ACERTOS) para o próximo concurso, a ser realizado em 14/04/2007: R$350.000,00. O ganhador de 0 (ZERO) ACERTO é do estado do Pará."
714;14/04/2007;9;15;29;32;34;35;48;49;55;60;61;66;69;71;87;90;91;93;97;98;0;;"R$0,00";6;"R$39.272,45";112;"R$2.103,88";1153;"R$101,80";8849;"R$13,27";0;-;1;"R$117.817,35";"R$353.451,99";"R$0,00";"R$0,00";"ACUMULOU!!! Estimativa de prêmio (20 acertos) para o próximo concurso, a ser realizado em 18/04/2007: R$800.000,00. Ganhador de zero acerto: PB."
715;18/04/2007;2;8;10;14;27;34;38;53;54;56;57;64;66;69;71;76;80;82;86;99;0;;"R$0,00";11;"R$21.546,90";124;"R$1.911,42";1293;"R$91,32";8100;"R$14,58";0;-;0;"R$0,00";"R$827.483,80";"R$0,00";"R$0,00";"ACUMULOU! Estimativa de prêmio (20 acertos) para o próximo concurso, a ser realizado em 23/04/2007: R$1.300.000,00."
716;23/04/2007;9;11;13;18;25;28;31;40;43;60;62;73;74;75;81;84;85;87;96;98;0;;"R$0,00";3;"R$73.846,32";102;"R$2.171,95";975;"R$113,18";6184;"R$17,85";0;-;0;"R$0,00";"R$1.270.561,72";"R$0,00";"R$0,00";"ACUMULOU!!! Estimativa de prêmio (20 acertos) para o próximo concurso, a ser apurado em 25/04/2007: R$1.700.000,00."
717;25/04/2007;1;5;6;15;20;21;23;24;26;28;31;39;42;43;60;64;69;73;77;97;0;;"R$0,00";4;"R$54.064,92";144;"R$1.501,81";1198;"R$89,92";7002;"R$15,40";0;-;0;"R$0,00";"R$1.703.081,10";"R$0,00";"R$0,00";"ACUMULOU!!! Estimativa de prêmio (20 acertos) para o próximo concurso a ser realizado em 28/04/2007: R$2.100.000,00."
718;28/04/2007;2;9;21;31;41;42;46;48;52;59;68;70;71;72;75;81;82;94;95;98;0;;"R$0,00";7;"R$38.155,31";125;"R$2.136,70";1126;"R$118,15";7288;"R$18,26";0;-;0;"R$0,00";"R$2.237.255,49";"R$0,00";"R$0,00";"ACUMULOU!!! Estimativa de prêmio (20 acertos) para o próximo concurso a ser realizado em 02/05/2007: R$2.700.000,00."
719;02/05/2007;3;12;13;18;21;25;27;28;34;36;41;45;47;51;58;62;84;85;91;95;1;MG;"R$2.607.956,17";19;"R$13.007,04";273;"R$905,25";2673;"R$46,06";12966;"R$9,50";0;-;1;"R$123.566,92";"R$0,00";"R$0,00";"R$0,00";"ESTIMATIVA DE PRÊMIO (20 ACERTOS) PARA O PRÓXIMO CONCURSO A SER REALIZADO EM 05/05/2007: R$350.000,00. GANHADOR DE ZERO ACERTO: JUIZ DE FORA/MG."
720;05/05/2007;0;10;15;19;25;34;35;38;40;41;44;45;58;68;74;75;80;89;92;96;0;;"R$0,00";7;"R$33.483,38";107;"R$2.190,50";1098;"R$106,33";6982;"R$16,72";0;-;0;"R$0,00";"R$468.767,42";"R$0,00";"R$0,00";"ACUMULOU!!! Estimativa de prêmio (20 ACERTOS) para o próximo concurso a ser realizado em 09/05/2007: R$1.000.000,00."
721;09/05/2007;1;8;12;18;20;22;36;37;42;49;51;54;60;64;72;74;83;87;90;98;0;;"R$0,00";11;"R$22.111,86";127;"R$1.915,20";1123;"R$107,88";7050;"R$17,19";0;-;1;"R$121.615,23";"R$833.613,03";"R$0,00";"R$0,00";"ACUMULOU!!! Estimativa de prêmio (20 ACERTOS) para o próximo concurso a ser realizado em 12/05/2007: R$1.200.000,00. Ganhandor de ZERO ACERTO: MG."
722;12/05/2007;0;22;23;30;31;34;36;48;50;54;56;57;59;61;64;67;80;95;97;98;0;;"R$0,00";11;"R$23.464,78";174;"R$1.483,41";1364;"R$94,27";8063;"R$15,95";0;-;0;"R$0,00";"R$1.349.838,24";"R$0,00";"R$0,00";"ACUMULOU!!! Estimativa de prêmio (20 ACERTOS) para o próximo concurso a ser realizado em 16/05/2007: R$1.800.000,00."
723;16/05/2007;12;13;18;27;31;33;34;37;39;40;45;61;63;67;68;77;81;88;93;95;0;;"R$0,00";24;"R$10.881,99";186;"R$1.404,13";1659;"R$78,42";9760;"R$13,33";0;-;1;"R$130.583,93";"R$1.741.589,95";"R$0,00";"R$0,00";"ACUMULOU!!! Estimativa de prêmio (20 ACERTOS) para o próximo concurso, a ser realizado em 19/05/2007: R$2.200.000,00. O ganhador do prêmio para ZERO ACERTO é do Amazonas."
724;19/05/2007;12;15;16;17;27;29;32;34;36;51;52;76;78;79;81;82;86;87;88;98;0;;"R$0,00";12;"R$22.918,70";193;"R$1.424,99";1712;"R$80,02";9108;"R$15,05";0;-;1;"R$137.512,24";"R$2.154.126,57";"R$0,00";"R$2.600.000,00";"ACUMULOU!!! Estimativa de prêmio (20 acertos) para o próximo concurso, a ser realizado em 23/05/2007: R$2.600.000,00. Ganhador de zero acerto: PA."
725;23/05/2007;1;3;4;10;26;36;40;46;47;54;62;66;74;75;79;84;85;95;98;99;0;;"R$0,00";8;"R$34.086,53";137;"R$1.990,45";1154;"R$117,71";6736;"R$20,17";0;-;0;"R$0,00";"R$2.699.511,00";"R$0,00";"R$3.200.000,00";
726;26/05/2007;4;6;11;15;17;30;35;43;44;46;50;58;59;62;66;68;75;76;90;92;0;;"R$0,00";10;"R$29.225,97";210;"R$1.391,72";2059;"R$70,71";18515;"R$7,87";0;-;0;"R$0,00";"R$3.284.030,43";"R$0,00";"R$3.800.000,00";
727;30/05/2007;3;5;9;10;17;20;23;24;36;41;58;67;72;87;89;90;91;92;94;99;0;;"R$0,00";6;"R$51.920,09";181;"R$1.721,11";1624;"R$95,55";9708;"R$15,99";0;-;0;"R$0,00";"R$3.907.071,51";"R$0,00";"R$4.500.000,00";
728;02/06/2007;0;1;4;7;9;15;20;26;27;35;44;46;48;50;51;55;63;65;66;87;1;GO;"R$4.438.450,07";36;"R$9.840,35";420;"R$843,46";3323;"R$53,10";16996;"R$10,39";0;-;1;"R$177.126,19";"R$0,00";"R$0,00";"R$350.000,00";Ganhador de zero acerto: GO.
729;06/06/2007;0;3;4;8;20;24;26;27;30;33;40;42;46;56;60;62;75;79;89;99;0;;"R$0,00";7;"R$33.729,52";124;"R$1.904,09";1093;"R$107,60";6922;"R$17,00";0;-;0;"R$0,00";"R$472.213,20";"R$0,00";"R$1.000.000,00";
730;09/06/2007;13;23;26;36;37;41;42;47;52;54;60;66;76;77;82;83;88;91;97;98;0;;"R$0,00";8;"R$29.687,17";144;"R$1.649,29";1146;"R$103,23";7116;"R$16,63";0;-;0;"R$0,00";"R$947.208,00";"R$0,00";"R$1.400.000,00";
731;13/06/2007;2;3;13;20;27;30;32;39;44;45;50;63;64;78;82;84;89;92;94;99;0;;"R$0,00";11;"R$24.546,17";168;"R$1.607,19";1191;"R$112,93";7503;"R$17,93";0;-;0;"R$0,00";"R$1.487.223,74";"R$0,00";"R$2.000.000,00";
732;16/06/2007;5;6;14;16;18;24;35;46;48;56;63;65;70;75;87;89;93;95;97;99;0;;"R$0,00";16;"R$18.278,96";273;"R$1.071,30";2291;"R$63,59";12908;"R$11,29";0;-;0;"R$0,00";"R$2.072.150,63";"R$0,00";"R$2.500.000,00";
733;20/06/2007;1;7;12;13;24;29;30;38;40;41;46;48;54;63;66;73;74;76;83;89;1;SP;"R$2.518.821,89";10;"R$29.778,09";147;"R$2.025,72";1224;"R$121,18";8195;"R$18,11";0;-;1;"R$148.890,45";"R$0,00";"R$0,00";"R$350.000,00";
734;23/06/2007;0;1;9;10;11;26;27;38;42;51;60;61;66;69;70;71;78;79;83;99;0;;"R$0,00";10;"R$23.179,82";161;"R$1.439,74";1240;"R$93,12";7759;"R$14,89";0;-;1;"R$115.899,09";"R$347.697,22";"R$0,00";"R$700.000,00";GANHADOR DE ZERO ACERTO: BA.
735;27/06/2007;0;11;18;29;37;39;42;44;53;58;65;68;71;72;73;75;90;97;98;99;0;;"R$0,00";8;"R$29.740,36";121;"R$1.966,30";1150;"R$103,05";7089;"R$16,72";0;-;0;"R$0,00";"R$823.542,95";"R$0,00";"R$1.300.000,00";
736;30/06/2007;0;8;13;14;17;27;33;37;39;41;47;48;55;56;62;66;72;73;78;82;0;;"R$0,00";13;"R$19.960,40";196;"R$1.323,91";1734;"R$74,54";10430;"R$12,40";0;-;1;"R$129.742,61";"R$1.212.770,68";"R$0,00";"R$1.600.000,00";1 GANHADOR DE ZERO PONTO: SP
737;04/07/2007;2;3;15;18;24;25;34;37;39;44;54;59;69;71;73;77;89;92;93;99;0;;"R$0,00";11;"R$25.507,05";174;"R$1.612,52";1544;"R$90,52";9183;"R$15,23";0;-;0;"R$0,00";"R$1.773.925,89";"R$0,00";"R$2.200.000,00";
738;07/07/2007;1;5;13;17;33;37;38;49;57;58;64;66;69;72;74;78;80;84;88;89;1;PR;"R$2.235.670,83";18;"R$17.101,66";281;"R$1.095,48";2466;"R$62,19";15161;"R$10,12";0;-;1;"R$153.914,98";"R$0,00";"R$0,00";"R$350.000,00";01 GANHADOR DE ZERO ACERTO: SP
739;11/07/2007;0;7;14;19;30;39;41;48;49;64;68;72;73;78;84;86;88;92;93;96;0;;"R$0,00";11;"R$20.749,40";152;"R$1.501,60";1163;"R$97,76";7254;"R$15,68";0;-;0;"R$0,00";"R$456.486,68";"R$0,00";"R$1.000.000,00";
740;14/07/2007;16;19;20;32;36;37;44;47;57;59;68;69;75;81;82;86;87;91;93;98;0;;"R$0,00";8;"R$32.640,40";125;"R$2.088,99";1233;"R$105,49";7473;"R$17,41";0;-;0;"R$0,00";"R$978.732,96";"R$0,00";"R$1.500.000,00";
741;18/07/2007;10;11;15;16;17;19;20;35;40;46;50;55;62;66;81;86;90;91;95;98;0;;"R$0,00";15;"R$16.814,78";304;"R$829,68";2156;"R$58,28";11227;"R$11,19";0;-;1;"R$126.110,91";"R$1.357.065,60";"R$0,00";"R$1.800.000,00";GANHADOR DE ZERO ACERTO: SP
742;21/07/2007;2;6;9;23;28;34;39;41;44;46;47;69;71;79;80;81;82;83;87;97;0;;"R$0,00";6;"R$45.489,11";101;"R$2.702,33";963;"R$141,18";6282;"R$21,65";0;-;0;"R$0,00";"R$1.902.934,91";"R$0,00";"R$2.500.000,00";
743;25/07/2007;9;13;18;20;24;31;34;37;42;46;57;60;62;69;76;80;88;89;92;95;0;;"R$0,00";25;"R$10.881,39";230;"R$1.182,76";1761;"R$76,95";9645;"R$14,05";0;-;1;"R$136.017,38";"R$2.310.986,97";"R$0,00";"R$2.800.000,00";GANHADOR DE ZERO ACERTO: SP
744;28/07/2007;0;1;3;5;19;26;27;29;35;49;53;56;61;63;64;66;76;77;83;91;0;;"R$0,00";14;"R$20.290,68";198;"R$1.434,70";1883;"R$75,15";10697;"R$13,23";0;-;0;"R$0,00";"R$2.879.126,11";"R$0,00";"R$3.300.000,00";
745;01/08/2007;2;4;10;19;22;28;39;44;48;58;59;68;70;73;74;75;78;85;90;91;0;;"R$0,00";12;"R$27.465,37";264;"R$1.248,43";2469;"R$66,49";22426;"R$10,46";0;-;1;"R$164.792,25";"R$3.373.502,80";"R$0,00";"R$4.000.000,00";Ganhador de Zero Acerto: São Paulo/SP.
746;04/08/2007;1;2;6;7;13;33;34;37;45;46;47;54;59;62;67;71;74;80;85;90;0;;"R$0,00";9;"R$40.929,88";187;"R$1.969,89";1617;"R$113,48";10186;"R$18,03";0;-;1;"R$184.184,48";"R$3.926.056,17";"R$0,00";"R$4.500.000,00";Ganhador de zero acerto: Guarulhos/SP
747;08/08/2007;3;5;6;7;10;18;30;40;41;42;45;48;54;65;81;88;92;94;97;98;0;;"R$0,00";19;"R$21.436,49";283;"R$1.439,20";2326;"R$87,22";14132;"R$14,36";0;-;2;"R$101.823,34";"R$4.536.996,15";"R$0,00";"R$5.300.000,00";Ganhadores de Zero Acerto: São Gonçalo/RJ e Vacaria/RS.
748;11/08/2007;11;13;26;29;31;32;34;35;43;46;49;52;60;69;75;76;83;88;93;98;0;;"R$0,00";34;"R$12.725,43";333;"R$1.299,30";2684;"R$80,30";15629;"R$13,79";0;-;0;"R$0,00";"R$5.402.325,33";"R$0,00";"R$6.200.000,00";
749;15/08/2007;3;6;11;15;18;23;29;32;34;36;46;47;70;72;74;75;79;93;94;97;0;;"R$0,00";12;"R$37.495,21";250;"R$1.799,77";2542;"R$88,18";15142;"R$14,81";0;-;1;"R$224.971,27";"R$6.077.239,10";"R$0,00";"R$7.000.000,00";Ganhador de Zero Acerto: Aparecida do Taboado/MS
750;18/08/2007;4;7;19;22;24;30;38;41;45;53;57;66;68;72;75;77;80;83;92;94;5;"AM; MG; PR; RN";"R$1.364.031,89";66;"R$7.504,25";595;"R$832,40";4489;"R$54,96";21493;"R$11,48";0;-;3;"R$82.546,71";"R$0,00";"R$0,00";"R$350.000,00";"Ganhadores de 20 acertos: Manaus/AM, Governador Valadares/MG, Cristais/MG, Curitiba/PR e Açu/RN.Ganhadores de zero acerto: Cuiabá/MT(2) e Curitiba/PR."
751;22/08/2007;10;11;18;37;43;44;51;56;58;60;63;65;74;77;78;82;86;90;92;95;0;;"R$0,00";11;"R$24.488,05";162;"R$1.662,77";1508;"R$88,99";8695;"R$15,44";0;-;0;"R$0,00";"R$538.737,12";"R$0,00";"R$1.000.000,00";
752;25/08/2007;0;2;4;12;19;31;36;37;42;46;48;54;56;63;71;75;86;88;91;93;0;;"R$0,00";17;"R$17.428,44";254;"R$1.166,47";1986;"R$74,32";10908;"R$13,53";0;-;0;"R$0,00";"R$1.131.304,00";"R$0,00";"R$1.600.000,00";
753;29/08/2007;7;9;12;13;17;19;22;34;36;38;41;47;53;59;60;61;67;72;78;99;1;PR;"R$1.578.823,13";22;"R$13.561,19";255;"R$1.169,98";2332;"R$63,73";12961;"R$11,47";0;-;1;"R$149.173,06";"R$0,00";"R$0,00";"R$500.000,00";Ganhador de 20 acertos: Mandaguari/PR.Ganhador de Zero acerto: Blumenau/SC.
754;01/09/2007;5;13;15;16;18;24;27;33;36;39;40;46;49;50;60;61;76;83;90;94;0;;"R$0,00";10;"R$28.047,93";147;"R$1.908,02";1335;"R$104,66";8391;"R$16,65";0;-;1;"R$140.239,66";"R$420.718,87";"R$0,00";"R$900.000,00";GANHADOR DE ZERO ACERTO: IJUÍ/RS.
755;05/09/2007;23;30;31;34;35;43;45;46;48;49;53;55;68;75;83;85;88;95;96;99;1;SP;"R$847.098,59";22;"R$12.920,60";295;"R$963,57";2223;"R$63,70";12124;"R$11,68";0;-;1;"R$142.126,60";"R$0,00";"R$0,00";"R$350.000,00";Ganhador de vinte acertos: Diadema/SP.Ganhador de zero acerto: Porto Alegre/RS.
756;08/09/2007;4;5;7;12;18;19;21;23;36;44;47;63;76;77;81;88;89;93;96;99;0;;"R$0,00";11;"R$20.632,72";149;"R$1.523,23";1360;"R$83,13";8268;"R$13,67";0;-;0;"R$0,00";"R$453.919,93";"R$0,00";"R$850.000,00";
757;12/09/2007;7;14;17;18;23;27;28;29;42;46;59;70;71;74;79;82;83;86;88;92;0;;"R$0,00";11;"R$27.313,27";177;"R$1.697,43";1597;"R$93,71";9712;"R$15,42";0;-;0;"R$0,00";"R$1.054.811,85";"R$0,00";"R$1.600.000,00";
758;15/09/2007;0;13;22;27;35;45;47;49;54;65;67;70;79;81;88;92;93;94;95;96;0;;"R$0,00";15;"R$21.065,69";216;"R$1.462,89";1833;"R$85,88";10748;"R$14,65";0;-;0;"R$0,00";"R$1.686.782,29";"R$0,00";"R$2.200.000,00";
759;19/09/2007;1;6;11;17;23;25;27;31;41;43;48;53;57;58;60;63;87;91;93;96;0;;"R$0,00";15;"R$21.410,42";235;"R$1.366,62";1888;"R$84,73";10973;"R$14,58";0;-;0;"R$0,00";"R$2.329.094,82";"R$0,00";"R$3.000.000,00";
760;22/09/2007;11;14;16;17;19;30;32;35;38;41;54;55;65;66;72;73;84;85;92;93;0;;"R$0,00";13;"R$25.892,16";186;"R$1.809,67";1707;"R$98,22";10686;"R$15,70";0;-;0;"R$0,00";"R$3.002.290,89";"R$0,00";"R$3.600.000,00";
761;26/09/2007;3;4;7;9;10;15;21;34;39;42;45;46;48;50;55;56;63;71;85;90;1;SP;"R$3.511.483,25";16;"R$21.216,35";233;"R$1.456,91";2100;"R$80,53";12464;"R$13,57";0;-;1;"R$169.730,80";"R$0,00";"R$0,00";"R$400.000,00";Ganhador de vinte acertos: Guarulhos/SP. Ganhador de zero acerto: Brasília/DF.
762;29/09/2007;6;20;29;35;37;38;50;51;52;64;66;75;83;88;90;91;92;95;98;99;0;;"R$0,00";12;"R$21.984,83";153;"R$1.724,30";1451;"R$90,57";8463;"R$15,54";0;-;0;"R$0,00";"R$527.635,80";"R$0,00";"R$1.000.000,00";
763;03/10/2007;1;11;26;29;33;41;44;46;49;56;63;72;79;80;81;82;86;89;92;99;0;;"R$0,00";12;"R$23.953,93";144;"R$1.996,16";1549;"R$92,43";8823;"R$16,23";0;-;0;"R$0,00";"R$1.102.530,21";"R$0,00";"R$1.600.000,00";
764;06/10/2007;2;11;23;24;42;48;58;61;63;66;71;73;76;78;82;83;86;89;93;99;0;;"R$0,00";14;"R$22.325,34";211;"R$1.481,30";1747;"R$89,13";10940;"R$14,23";0;-;0;"R$0,00";"R$1.727.639,62";"R$0,00";"R$2.300.000,00";
765;10/10/2007;1;2;8;10;11;15;24;27;33;38;47;53;56;64;73;78;80;85;94;98;0;;"R$0,00";27;"R$11.500,77";310;"R$1.001,68";2632;"R$58,77";13400;"R$11,55";0;-;1;"R$155.260,32";"R$2.193.420,49";"R$0,00";"R$2.800.000,00";Ganhador de zero acerto: Caxias/MA.
766;13/10/2007;5;14;23;26;31;34;38;41;43;45;59;60;68;69;76;82;84;86;91;97;0;;"R$0,00";13;"R$20.823,83";186;"R$1.455,43";1643;"R$82,07";9821;"R$13,73";0;-;0;"R$0,00";"R$2.734.839,98";"R$0,00";"R$3.300.000,00";
767;17/10/2007;6;7;8;12;15;18;34;36;39;46;49;51;52;59;60;73;76;89;91;94;1;Ribeirão Preto/SP;"R$3.216.780,60";11;"R$29.208,53";165;"R$1.947,24";1425;"R$112,31";9102;"R$17,59";0;-;0;"R$0,00";"R$0,00";"R$5.213.540,00";"R$300.000,00";
768;20/10/2007;1;6;9;17;18;28;34;41;45;47;50;51;54;59;61;71;83;95;96;97;2;"RS; SE";"R$270.690,84";5;"R$50.764,64";129;"R$1.967,62";1155;"R$109,47";7328;"R$17,26";0;-;1;"R$126.911,61";"R$0,00";"R$0,00";"R$350.000,00";Ganhadores de 20 acertos: Aracaju/SE e Sapucaia do Sul/RS. Ganhadores de O acerto: Aracaju/SE.
769;24/10/2007;2;10;17;19;26;32;33;38;42;52;57;63;66;76;80;81;88;95;97;98;0;;"R$0,00";7;"R$32.899,02";106;"R$2.172,58";1112;"R$103,16";6393;"R$17,96";0;-;0;"R$0,00";"R$460.586,22";"R$0,00";"R$900.000,00";
770;27/10/2007;9;13;14;17;18;31;40;48;57;58;59;62;67;72;78;80;83;84;97;98;0;;"R$0,00";4;"R$65.356,72";135;"R$1.936,50";1047;"R$124,38";6936;"R$18,78";0;-;0;"R$0,00";"R$983.440,02";"R$0,00";"R$1.500.000,00";
771;31/10/2007;6;9;11;12;18;19;20;22;25;27;31;35;40;47;49;57;71;81;86;88;0;;"R$0,00";14;"R$18.508,14";173;"R$1.497,77";1640;"R$78,70";9755;"R$13,23";0;-;0;"R$0,00";"R$1.501.667,98";"R$0,00";"R$2.000.000,00";
772;03/11/2007;1;9;23;29;33;37;38;39;44;47;50;52;54;55;61;76;82;89;96;98;1;RJ;"R$1.890.031,48";6;"R$43.151,50";137;"R$1.889,85";1252;"R$103,01";8120;"R$15,88";0;-;0;"R$0,00";"R$129.454,53";"R$0,00";"R$500.000,00";Ganhador de 20 acertos: Rio de Janeiro/RJ.
773;07/11/2007;0;16;17;26;27;37;41;58;59;60;61;67;69;76;77;78;87;92;93;98;0;;"R$0,00";10;"R$25.829,03";136;"R$1.899,20";1210;"R$106,33";9611;"R$13,39";0;-;0;"R$0,00";"R$646.035,21";"R$0,00";"R$1.000.000,00";
774;10/11/2007;0;1;13;23;27;31;34;43;59;61;66;67;68;72;75;77;85;88;96;99;3;"BA; SP";"R$358.343,66";30;"R$9.533,24";318;"R$899,36";2345;"R$60,75";12507;"R$11,40";0;-;0;"R$0,00";"R$142.998,61";"R$0,00";"R$500.000,00";"Ganhadores de 20 acertos: Salvador/BA, São Paulo/SP e Osasco/SP."
775;14/11/2007;5;6;17;19;25;27;32;40;44;45;47;48;50;51;57;76;79;86;97;99;0;;"R$0,00";11;"R$22.466,12";171;"R$1.445,19";1479;"R$83,24";8600;"R$14,32";0;-;0;"R$0,00";"R$637.253,25";"R$0,00";"R$1.100.000,00";
776;17/11/2007;5;11;16;17;20;22;24;26;30;31;35;38;43;49;51;55;57;70;83;95;0;;"R$0,00";22;"R$11.043,25";235;"R$1.033,83";1952;"R$62,00";11707;"R$10,35";0;-;0;"R$0,00";"R$1.123.156,00";"R$0,00";"R$1.500.000,00";
777;21/11/2007;3;4;6;19;20;25;27;28;31;53;55;66;68;70;72;73;77;78;80;96;0;;"R$0,00";15;"R$17.697,50";130;"R$2.042,02";1190;"R$111,12";7587;"R$17,44";0;-;0;"R$0,00";"R$1.654.081,06";"R$0,00";"R$2.200.000,00";
778;24/11/2007;8;13;16;18;19;25;28;30;37;55;56;62;63;68;71;72;74;79;94;99;1;RJ;"R$2.089.213,57";8;"R$36.261,04";129;"R$2.248,75";1440;"R$100,35";8890;"R$16,25";0;-;0;"R$0,00";"R$145.044,20";"R$0,00";"R$500.000,00";"Acumulado de ZERO para 20 acertos: R$145.044,20. Ganhador de 20 acertos: Rio de Janeiro/RJ."
779;28/11/2007;4;7;14;15;20;22;30;40;45;49;57;64;68;74;75;79;81;93;94;99;1;RS;"R$498.086,22";7;"R$33.623,05";102;"R$2.307,46";1018;"R$115,17";6085;"R$19,27";0;-;0;"R$0,00";"R$117.680,69";"R$0,00";"R$500.000,00";GANHADOR DE 20 ACERTOS: SANTA MARIA/RS.
780;01/12/2007;0;3;7;25;27;34;35;39;41;46;48;59;68;71;73;76;78;84;93;99;1;BA;"R$492.131,76";10;"R$24.963,40";252;"R$990,61";1967;"R$63,22";10160;"R$12,25";0;-;0;"R$0,00";"R$124.817,04";"R$0,00";"R$500.000,00";Ganhador de 20 acertos: Salvador/BA. O prêmio para ZERO ACERTO acumulou para 20 acertos do próximo concurso.
781;05/12/2007;0;9;16;17;20;22;38;40;45;46;48;53;58;65;67;72;78;91;93;99;0;;"R$0,00";10;"R$25.575,81";167;"R$1.531,49";1383;"R$92,12";8515;"R$14,97";0;-;3;"R$42.626,36";"R$508.454,27";"R$0,00";"R$1.000.000,00";"GANHADORES DE ZERO ACERTO: BELO HORIZONTE/MG; RIO DE JANEIRO/RJ E SÃO PAULO/SP."
782;08/12/2007;0;2;4;13;18;23;24;27;29;31;34;38;40;52;63;65;79;84;86;89;2;"RJ; SC";"R$461.431,67";9;"R$30.696,97";252;"R$1.096,32";1672;"R$82,31";9616;"R$14,32";0;-;0;"R$0,00";"R$138.136,37";"R$0,00";"R$500.000,00";"Ganhadores de 20 acertos: Santa Cecília/SC e Rio de Janeiro/RJ. Valor acumulado de zero para vinte acertos: R$138.136,37."
783;12/12/2007;1;2;4;6;7;14;36;48;51;52;56;64;67;68;73;75;83;86;92;98;2;"CE; SP";"R$257.218,08";10;"R$25.086,65";135;"R$1.858,27";1338;"R$93,40";8041;"R$15,55";0;-;0;"R$0,00";"R$125.433,28";"R$0,00";"R$500.000,00";"ACUMULADO DE ZERO PARA 20 ACERTOS: R$125.433,28. Ganhadores de 20 acertos: Fortaleza/CE e São Paulo/SP."
784;15/12/2007;1;3;8;18;19;22;23;27;36;44;49;58;62;66;68;69;71;79;98;99;0;;"R$0,00";16;"R$15.941,15";156;"R$1.634,99";1590;"R$79,91";9310;"R$13,65";0;-;0;"R$0,00";"R$635.550,18";"R$0,00";"R$1.100.000,00";
785;19/12/2007;3;8;11;14;20;22;23;25;28;30;38;47;51;55;73;79;80;89;97;98;0;;"R$0,00";11;"R$24.190,72";157;"R$1.694,89";1472;"R$90,05";8490;"R$15,62";0;-;0;"R$0,00";"R$1.167.745,98";"R$0,00";"R$1.600.000,00";
786;22/12/2007;14;20;32;37;38;43;52;53;62;63;64;65;66;67;75;81;89;91;93;97;0;;"R$0,00";8;"R$35.921,52";134;"R$2.144,57";1312;"R$109,11";8299;"R$17,26";0;-;0;"R$0,00";"R$1.742.490,27";"R$0,00";"R$2.100.000,00";
787;26/12/2007;1;8;10;15;21;22;23;27;29;32;34;39;50;58;64;68;69;80;90;94;0;;"R$0,00";9;"R$25.408,33";127;"R$1.800,59";1176;"R$96,87";6943;"R$16,41";0;-;0;"R$0,00";"R$2.199.840,20";"R$0,00";"R$2.700.000,00";
788;29/12/2007;0;1;2;4;5;18;22;29;37;39;41;43;64;66;75;76;79;80;81;99;0;;"R$0,00";10;"R$29.442,38";219;"R$1.344,40";4635;"R$31,64";9411;"R$15,59";0;-;0;"R$0,00";"R$2.788.687,65";"R$0,00";"R$3.200.000,00";
789;02/01/2008;1;2;12;15;16;23;26;28;32;47;48;50;69;72;73;78;86;88;93;95;0;;"R$0,00";9;"R$25.394,18";117;"R$1.953,40";1188;"R$96,19";7329;"R$15,59";0;-;0;"R$0,00";"R$3.245.782,82";"R$0,00";"R$3.700.000,00";
790;05/01/2008;6;9;15;16;17;28;38;44;47;56;57;61;65;68;76;81;82;84;85;91;2;"CE; GO";"R$1.868.447,49";4;"R$81.852,03";140;"R$2.338,63";1511;"R$108,34";9529;"R$17,18";0;-;2;"R$81.852,04";"R$0,00";"R$0,00";"R$400.000,00";GANHADORES DE 20 ACERTOS: FORTALEZA/CE e GOIÂNIA/GO.
791;09/01/2008;1;5;7;14;23;32;33;35;37;39;41;43;53;56;61;63;67;76;84;95;3;"PR; RJ; SP";"R$120.705,69";18;"R$13.411,75";266;"R$907,56";2178;"R$55,42";11368;"R$10,62";0;-;2;"R$60.352,86";"R$0,00";"R$0,00";"R$400.000,00";"GANHADORES DE 20 ACERTOS: UBIRATÃ/PR; MOGI DAS CRUZES/SP e SÃO GONÇALO/RJ."
792;12/01/2008;4;5;9;10;14;19;26;31;37;42;47;52;58;68;75;85;86;87;88;90;0;;"R$0,00";7;"R$35.345,06";102;"R$2.425,64";858;"R$144,18";5532;"R$22,36";0;-;0;"R$0,00";"R$494.830,75";"R$0,00";"R$1.000.000,00";
793;16/01/2008;0;7;11;17;28;34;39;41;42;48;49;53;58;66;67;77;83;86;91;97;0;;"R$0,00";17;"R$15.128,86";178;"R$1.444,89";1542;"R$83,40";9017;"R$14,26";0;-;0;"R$0,00";"R$1.009.211,84";"R$0,00";"R$1.500.000,00";
794;19/01/2008;0;2;15;16;17;18;34;36;39;43;48;49;50;54;62;66;75;77;79;90;0;;"R$0,00";14;"R$19.532,63";177;"R$1.544,95";1664;"R$82,17";9927;"R$13,77";0;-;0;"R$0,00";"R$1.556.125,34";"R$0,00";"R$2.000.000,00";
795;23/01/2008;4;18;29;30;45;47;49;50;52;55;56;59;65;70;72;74;87;91;93;95;1;GO;"R$1.990.307,19";13;"R$22.265,74";210;"R$1.378,35";1683;"R$85,99";9589;"R$15,10";0;-;0;"R$0,00";"R$144.727,30";"R$0,00";"R$500.000,00";Ganhador de 20 acertos: Itumbiara/GO.O valor abaixo acumulado é de zero para vinte acertos.
796;26/01/2008;3;5;13;19;31;32;33;35;41;44;50;53;59;61;63;75;79;80;96;99;1;PR;"R$499.927,15";7;"R$33.828,56";156;"R$1.517,95";1535;"R$77,14";9062;"R$13,07";0;-;0;"R$0,00";"R$118.399,97";"R$0,00";"R$400.000,00";Ganhador de 20 acertos: Alto Piquiri/PR. O valor abaixo acumulado é de zero para vinte acertos.
797;30/01/2008;6;9;17;21;29;37;38;40;43;45;46;65;68;78;79;84;85;87;95;98;0;;"R$0,00";5;"R$46.351,62";160;"R$1.448,49";1397;"R$82,95";8184;"R$14,16";0;-;0;"R$0,00";"R$581.916,16";"R$0,00";"R$1.000.000,00";
798;02/02/2008;13;14;15;16;23;27;33;44;49;50;55;58;66;74;77;80;81;86;88;99;3;"DF; MA; PB";"R$318.943,76";41;"R$6.096,18";385;"R$649,21";3058;"R$40,87";14493;"R$8,62";0;-;3;"R$41.657,24";"R$0,00";"R$0,00";"R$300.000,00";"Ganhadores de 20 acertos: Brasília/DF, São Luís/MA e João Pessoa/PB. Ganhadores de zero acerto: Urucuca/BA, Brasília/DF e São Luís/MA."
799;06/02/2008;1;4;12;13;19;31;33;35;37;43;44;48;56;60;69;74;82;89;92;93;0;;"R$0,00";7;"R$19.108,02";84;"R$1.592,34";714;"R$93,66";4473;"R$14,95";0;-;0;"R$0,00";"R$267.512,30";"R$0,00";"R$700.000,00";
800;09/02/2008;0;2;8;15;19;20;22;25;35;37;42;44;53;65;70;75;82;86;90;97;0;;"R$0,00";14;"R$18.648,19";215;"R$1.214,30";2253;"R$57,94";19761;"R$9,43";0;-;0;"R$0,00";"R$789.661,58";"R$0,00";"R$1.200.000,00";
801;13/02/2008;0;4;9;11;14;19;22;34;36;41;43;53;55;61;67;71;76;83;86;93;0;;"R$0,00";14;"R$19.202,58";195;"R$1.378,65";1738;"R$77,34";9545;"R$14,08";0;-;1;"R$134.418,07";"R$1.192.915,72";"R$0,00";"R$1.700.000,00";Ganhador de zero acerto: Uruburetama/CE.
802;16/02/2008;1;4;6;12;21;25;27;36;42;44;50;51;53;59;68;69;74;78;87;91;1;SP;"R$1.624.504,26";11;"R$26.156,88";237;"R$1.214,04";2049;"R$70,21";10865;"R$13,24";0;-;0;"R$0,00";"R$143.862,87";"R$0,00";"R$500.000,00";Ganhador de vinte acertos: São Paulo/SP.Acumulou de zero para vinte acertos do próximo concurso.
803;20/02/2008;8;17;19;22;25;26;31;32;37;41;43;56;57;66;68;74;78;88;89;99;1;GO;"R$490.735,06";7;"R$33.035,45";124;"R$1.864,90";1238;"R$93,40";7668;"R$15,08";0;-;0;"R$0,00";"R$115.624,08";"R$0,00";"R$500.000,00";Ganhador de 20 acertos: Goiânia/Go. Acumulou de zero para 20 acertos do próximo concurso.
804;23/02/2008;0;5;6;7;12;17;20;23;31;35;37;38;47;51;52;61;69;76;83;93;1;CE;"R$472.101,08";7;"R$33.950,19";103;"R$2.307,30";1118;"R$106,29";7072;"R$16,80";0;-;1;"R$118.825,68";"R$0,00";"R$0,00";"R$350.000,00";Ganhador de vinte e zero acertos: Fortaleza/CE.
805;27/02/2008;11;16;17;18;20;23;24;33;34;41;47;59;63;68;69;70;77;78;79;83;0;;"R$0,00";6;"R$36.338,47";123;"R$1.772,61";989;"R$110,23";6484;"R$16,81";0;-;0;"R$0,00";"R$436.061,57";"R$0,00";"R$800.000,00";
806;01/03/2008;4;8;14;17;26;28;34;38;42;43;44;52;60;61;72;79;88;90;95;98;0;;"R$0,00";8;"R$31.219,12";127;"R$1.966,56";1147;"R$108,88";6885;"R$18,14";0;-;0;"R$0,00";"R$935.567,56";"R$0,00";"R$1.300.000,00";
807;05/03/2008;0;6;9;10;15;18;29;30;31;36;40;53;56;58;72;73;76;86;91;93;0;;"R$0,00";10;"R$25.780,57";180;"R$1.432,25";1500;"R$85,94";9294;"R$13,87";0;-;0;"R$0,00";"R$1.451.178,99";"R$0,00";"R$2.000.000,00";
808;08/03/2008;1;2;6;12;13;20;30;32;35;39;41;42;57;58;62;76;85;87;96;97;0;;"R$0,00";3;"R$94.223,03";127;"R$2.225,74";1087;"R$130,02";7062;"R$20,02";0;-;1;"R$141.334,57";"R$1.875.182,62";"R$0,00";"R$2.300.000,00";GANHADOR DE ZERO ACERTO: BELÉM/PA.
809;12/03/2008;11;19;23;29;32;35;49;54;55;66;72;75;82;83;84;86;88;90;96;98;0;;"R$0,00";11;"R$26.063,25";218;"R$1.315,12";1732;"R$82,77";11393;"R$12,58";0;-;0;"R$0,00";"R$2.448.574,21";"R$0,00";"R$3.000.000,00";
810;15/03/2008;1;4;5;6;8;15;16;24;27;36;42;49;55;56;67;68;70;72;79;98;0;;"R$0,00";11;"R$27.327,91";171;"R$1.757,94";1523;"R$98,69";9858;"R$15,25";0;-;0;"R$0,00";"R$3.049.788,07";"R$0,00";"R$3.500.000,00";
811;19/03/2008;0;1;15;24;25;26;29;31;36;43;46;60;71;75;81;88;89;91;94;99;0;;"R$0,00";12;"R$24.898,89";105;"R$2.845,59";1139;"R$131,16";7617;"R$19,61";0;-;0;"R$0,00";"R$3.647.361,52";"R$0,00";"R$4.000.000,00";
812;22/03/2008;8;9;27;31;38;50;52;54;55;56;60;62;66;69;72;73;81;89;90;96;0;;"R$0,00";6;"R$44.534,33";102;"R$2.619,67";898;"R$148,78";6306;"R$21,19";0;-;0;"R$0,00";"R$4.181.773,43";"R$0,00";"R$4.500.000,00";
813;26/03/2008;1;8;9;20;23;26;28;42;45;49;51;54;68;72;73;77;87;89;91;95;0;;"R$0,00";16;"R$21.628,86";222;"R$1.558,83";1777;"R$97,37";11082;"R$15,61";0;-;0;"R$0,00";"R$4.873.897,05";"R$0,00";"R$5.500.000,00";
814;29/03/2008;5;13;17;19;22;30;36;39;46;49;56;61;66;67;70;77;83;95;96;97;1;BA;"R$5.454.476,99";12;"R$32.254,44";201;"R$1.925,64";1795;"R$107,82";11068;"R$17,48";0;-;2;"R$96.763,34";"R$0,00";"R$0,00";"R$350.000,00";GANHADOR DE 20 ACERTOS: FEIRA DE SANTANA/BA. GANHADORES DE ZERO ACERTO: SÃO PAULO/SP.
815;02/04/2008;13;23;24;26;27;28;31;37;48;51;63;67;69;73;75;77;85;91;96;99;0;;"R$0,00";11;"R$21.962,99";187;"R$1.291,94";1684;"R$71,73";10291;"R$11,74";0;-;0;"R$0,00";"R$483.185,87";"R$0,00";"R$900.000,00";
816;05/04/2008;1;2;3;17;18;19;20;31;39;40;42;58;61;65;67;69;72;73;93;98;1;GO;"R$899.371,56";8;"R$34.682,14";149;"R$1.862,13";1357;"R$102,23";8182;"R$16,96";0;-;0;"R$0,00";"R$138.728,59";"R$0,00";"R$500.000,00";"O VALOR ACUMULADO PARA 20 ACERTOS É PROVENIENTE DA FAIXA DE ZERO ACERTO, QUE NÃO TEVE GANHADOR."
817;09/04/2008;5;6;7;12;13;20;28;29;44;47;49;52;54;55;59;60;83;86;91;93;0;;"R$0,00";8;"R$31.265,16";128;"R$1.954,08";1201;"R$104,13";7599;"R$16,46";0;-;0;"R$0,00";"R$638.971,14";"R$0,00";"R$1.000.000,00";
818;12/04/2008;7;13;22;36;42;47;50;51;60;65;67;69;74;81;83;84;89;90;92;98;1;ES;"R$1.041.007,10";13;"R$20.617,23";160;"R$1.675,15";1412;"R$94,91";8478;"R$15,81";0;-;0;"R$0,00";"R$134.012,02";"R$0,00";"R$450.000,00";GANHADOR DE 20 ACERTOS: COLATINA/ES. ACUMULOU DE ZERO PARA 20 ACERTOS.
819;16/04/2008;2;10;12;23;27;35;37;39;42;43;46;48;54;55;62;73;82;85;96;99;3;"DF; GO; SP";"R$162.007,40";20;"R$11.733,68";337;"R$696,36";2449;"R$47,91";12854;"R$9,13";0;-;1;"R$117.336,75";"R$0,00";"R$0,00";"R$350.000,00";"GANHADORES DE 20 ACERTOS: CAMPINAS/SP, BRASÍLIA/DF e APARECIDA DE GOIÂNIA/GO. GANHADOR DE ZERO ACERTO: BRASÍLIA/DF."
820;19/04/2008;1;7;12;15;16;23;43;44;45;55;58;59;66;71;82;83;90;91;97;98;1;ES;"R$348.245,76";8;"R$29.020,48";90;"R$2.579,60";993;"R$116,90";6260;"R$18,55";0;-;0;"R$0,00";"R$116.081,94";"R$0,00";"R$450.000,00";GANHADOR DE 20 ACERTOS: VITÓRIA/ES. O PRÊMIO DE ZERO ACERTO ACUMULOU PARA 20 ACERTOS NO PRÓXIMO CONCURSO.
821;23/04/2008;0;12;20;23;25;30;39;45;47;48;50;55;62;63;66;69;89;90;91;93;0;;"R$0,00";9;"R$21.049,33";136;"R$1.392,97";1300;"R$72,87";7517;"R$12,60";0;-;1;"R$94.722,04";"R$400.247,97";"R$0,00";"R$800.000,00";GANHADOR DE ZERO ACERTOS: JUAZEIRO DO NORTE/CE.
822;26/04/2008;4;17;19;25;27;28;35;37;39;41;55;61;62;72;75;76;86;88;92;98;1;MG;"R$764.335,58";12;"R$20.227,09";199;"R$1.219,73";1567;"R$77,45";9336;"R$13,00";0;-;1;"R$121.362,54";"R$0,00";"R$0,00";"R$350.000,00";Ganhador de 20 acertos: Coromandel/MG.Ganhador de zero acerto: Sumaré/SP.
823;30/04/2008;0;6;17;18;25;27;32;33;38;44;46;47;57;58;59;66;67;83;93;97;2;"AM; RN";"R$160.085,10";21;"R$10.164,14";246;"R$867,67";1814;"R$58,83";10312;"R$10,35";0;-;1;"R$106.723,43";"R$0,00";"R$0,00";"R$350.000,00";Ganhador de 0 (ZERO) acerto: MANAUS/AM.Ganhadores de 20 acertos: MANAUS/AM e NATAL/RN.
824;03/05/2008;3;8;15;17;19;21;24;26;38;44;47;57;68;70;76;79;82;83;91;92;2;"MG; PA";"R$155.469,42";7;"R$29.613,22";151;"R$1.372,80";1251;"R$82,85";7019;"R$14,77";0;-;0;"R$0,00";"R$103.646,30";"R$0,00";"R$450.000,00";"ACUMULADO DE 0 (ZERO ACERTO) PARA 20 ACERTOS: R$103.646,30.   GANHADORES DE 20 ACERTOS: XINGUARA/PA, BELO HORIZONTE/MG."
825;07/05/2008;0;4;15;17;20;26;29;32;42;59;60;62;67;68;72;81;88;90;91;92;1;SP;"R$448.635,30";9;"R$25.554,74";116;"R$1.982,70";1165;"R$98,71";7086;"R$16,23";0;-;0;"R$0,00";"R$114.996,35";"R$0,00";"R$500.000,00";"GANHADOR DE 20 ACERTOS: SÃO PAULO/SP. ACUMULADO DE ZERO PARA VINTE ACERTOS DO PRÓXIMO CONCURSO: R$114.996,35."
826;10/05/2008;4;9;12;22;23;25;28;36;52;53;59;63;66;67;68;69;71;77;88;98;2;"AM; MG";"R$235.636,98";9;"R$26.390,94";121;"R$1.962,97";1321;"R$89,90";8027;"R$14,80";0;-;0;"R$0,00";"R$118.759,23";"R$0,00";"R$350.000,00";"GANHADORES DE 20 ACERTOS: MANAUS/AM e UBERABA/MG. NESTE CONCURSO NÃO TEVE GANHADOR DE ZERO ACERTO. PORTANTO, O PRÊMIO FICA ACUMULADO PARA 20 ACERTOS."
827;14/05/2008;3;14;15;18;19;26;30;31;46;48;49;50;59;60;71;72;74;75;78;85;0;;"R$0,00";7;"R$31.963,87";118;"R$1.896,16";964;"R$116,05";5741;"R$19,49";0;-;0;"R$0,00";"R$566.253,31";"R$0,00";"R$1.000.000,00";
828;17/05/2008;0;8;9;19;20;29;33;42;50;51;53;56;58;64;65;79;85;88;93;96;0;;"R$0,00";5;"R$49.076,70";147;"R$1.669,27";1343;"R$91,35";7924;"R$15,48";0;-;0;"R$0,00";"R$1.057.020,26";"R$0,00";"R$1.500.000,00";
829;21/05/2008;6;12;21;32;37;42;43;49;51;54;55;57;58;61;66;70;78;84;88;98;1;"RECIFE/PE; RECIFE/PE";"R$1.446.517,73";10;"R$25.966,50";119;"R$2.182,06";1185;"R$109,56";7551;"R$17,20";0;-;1;"R$129.832,51";"R$0,00";"R$4.213.508,00";"R$3.400.000,00";
830;24/05/2008;0;5;8;11;18;23;29;30;34;35;39;51;59;69;74;76;89;90;91;92;0;;"R$0,00";5;"R$39.690,01";110;"R$1.804,09";869;"R$114,18";5463;"R$18,16";0;-;0;"R$0,00";"R$396.900,10";"R$0,00";"R$800.000,00";
831;28/05/2008;0;10;16;17;19;20;22;38;40;43;47;50;54;56;64;83;87;91;94;99;2;"BA; MG";"R$372.805,33";11;"R$21.133,97";164;"R$1.417,53";1366;"R$85,10";7920;"R$14,68";0;-;2;"R$58.118,44";"R$0,00";"R$0,00";"R$350.000,00";"GANHADORES DE 20 ACERTOS: SALVADOR/BA, MONTES CLAROS/MG. GANHADORES DE ZERO ACERTO: SALVADOR/BA, LAGOA VERMELHA/RS."
832;31/05/2008;1;4;7;10;11;20;28;33;35;37;47;52;56;59;62;73;76;79;88;97;0;;"R$0,00";9;"R$25.555,13";207;"R$1.111,09";1454;"R$79,09";8272;"R$13,91";0;-;1;"R$114.998,11";"R$344.994,27";"R$0,00";"R$750.000,00";GANHADOR DE ZERO ACERTO: CAMPO GRANDE/MS.
833;04/06/2008;7;8;12;14;32;34;36;38;40;42;54;62;66;71;72;74;79;80;83;98;0;;"R$0,00";18;"R$14.674,19";208;"R$1.269,88";1688;"R$78,24";15599;"R$8,47";0;-;1;"R$132.067,67";"R$741.197,26";"R$0,00";"R$1.300.000,00";GANHADOR DE ZERO ACERTO: PONTA GROSSA/PR.
834;07/06/2008;1;3;10;17;19;25;34;35;41;42;46;55;64;67;70;71;78;85;89;96;3;"MS; SP";"R$390.101,63";93;"R$3.076,04";798;"R$358,49";4065;"R$35,19";15085;"R$9,48";0;-;0;"R$0,00";"R$143.035,90";"R$0,00";"R$500.000,00";"GANHADORES DE 20 ACERTOS: SÃO PAULO/SP e AMAMBAI/MS. NESTE CONCURSO NAO TEVE GANHADOR DE ZERO ACERTO. PORTANTO, O PRÊMIO FICA ACUMULADO PARA 20 ACERTOS."
835;11/06/2008;7;11;12;13;24;31;35;36;37;38;45;56;57;71;75;79;80;90;91;97;0;;"R$0,00";7;"R$35.192,46";109;"R$2.260,07";1133;"R$108,71";9504;"R$12,96";0;-;1;"R$123.173,61";"R$512.556,68";"R$0,00";"R$900.000,00";Ganhador de zero acerto: São José dos Campos/SP.
836;14/06/2008;5;7;8;10;15;16;19;25;33;39;42;49;58;65;72;80;81;91;92;99;0;;"R$0,00";6;"R$43.938,14";159;"R$1.658,05";1439;"R$91,60";8751;"R$15,06";0;-;0;"R$0,00";"R$1.039.814,33";"R$0,00";"R$1.500.000,00";
837;18/06/2008;8;13;16;21;26;36;42;53;55;65;72;73;80;81;83;85;86;90;96;97;0;;"R$0,00";7;"R$38.540,25";122;"R$2.211,33";1116;"R$120,87";6833;"R$19,74";0;-;1;"R$134.890,90";"R$1.444.486,97";"R$0,00";"R$1.800.000,00";GANHADOR DE ZERO ACERTO: RIO DE JANEIRO/RJ.
838;21/06/2008;3;16;22;24;27;34;46;47;49;65;67;69;73;81;83;84;89;93;94;98;0;;"R$0,00";11;"R$25.940,11";218;"R$1.308,91";1787;"R$79,84";10346;"R$13,79";0;-;0;"R$0,00";"R$2.015.169,31";"R$0,00";"R$2.500.000,00";
839;25/06/2008;6;12;14;16;18;21;24;25;30;32;43;55;70;72;74;80;85;89;95;97;0;;"R$0,00";21;"R$13.521,45";210;"R$1.352,15";1732;"R$81,97";9450;"R$15,03";0;-;2;"R$70.987,61";"R$2.441.094,87";"R$0,00";"R$3.000.000,00";Ganhadores de zero acerto: Nova Iguaçu/RJ e São Vicente/SP.
840;28/06/2008;9;14;17;22;28;33;42;43;46;54;55;59;63;66;72;87;94;95;98;99;4;"DF; MG; MT";"R$726.215,26";18;"R$17.176,53";287;"R$1.077,28";2334;"R$66,23";12579;"R$12,29";0;-;2;"R$77.294,36";"R$0,00";"R$0,00";"R$350.000,00";"Ganhadores de 20 acertos: Brasília/DF, Belo Horizonte/MG e Cuiabá/MT.Ganhadores de zero acerto: Rio de Janeiro/RJ e Salvador/BA."
841;02/07/2008;2;9;11;25;28;35;43;49;70;74;78;81;82;85;87;90;91;94;95;97;0;;"R$0,00";7;"R$34.257,65";134;"R$1.789,58";1202;"R$99,75";7033;"R$17,05";0;-;0;"R$0,00";"R$479.607,21";"R$0,00";"R$900.000,00";
842;05/07/2008;8;10;11;18;28;31;37;38;40;45;46;49;55;62;79;81;85;86;91;95;0;;"R$0,00";6;"R$45.800,02";122;"R$2.252,46";1171;"R$117,34";7195;"R$19,10";0;-;0;"R$0,00";"R$1.029.207,41";"R$0,00";"R$1.500.000,00";
843;09/07/2008;1;7;11;14;17;19;25;31;32;33;37;41;42;47;57;59;71;90;92;98;1;PR;"R$1.426.901,08";18;"R$14.729,40";197;"R$1.345,83";1859;"R$71,31";11319;"R$11,72";0;-;0;"R$0,00";"R$132.564,58";"R$0,00";"R$500.000,00";"Ganhador de 20 acertos: Ponta Grossa/PR. Não houve ganhador de ZERO ACERTO, portanto, o prêmio fica acumulado para 20 acertos do concurso seguinte."
844;12/07/2008;6;11;13;15;24;25;26;29;33;34;35;44;49;68;77;79;82;86;90;91;0;;"R$0,00";13;"R$19.827,67";267;"R$965,40";2182;"R$59,06";20480;"R$8,98";0;-;0;"R$0,00";"R$648.083,80";"R$0,00";"R$1.100.000,00";
845;16/07/2008;1;5;6;9;18;19;21;22;40;41;42;48;52;55;66;67;85;88;89;99;0;;"R$0,00";17;"R$15.975,26";145;"R$1.872,96";1321;"R$102,79";8438;"R$16,09";0;-;0;"R$0,00";"R$1.191.242,77";"R$0,00";"R$1.700.000,00";
846;19/07/2008;3;4;5;11;28;30;38;41;43;50;51;52;53;56;64;66;70;71;82;90;0;;"R$0,00";8;"R$35.549,97";112;"R$2.539,28";1244;"R$114,31";8052;"R$17,66";0;-;0;"R$0,00";"R$1.760.042,17";"R$0,00";"R$2.200.000,00";
847;23/07/2008;6;7;8;12;19;25;30;45;47;53;58;61;65;71;77;79;85;86;88;97;1;RJ;"R$2.210.117,08";10;"R$30.004,99";179;"R$1.676,26";1644;"R$91,26";10116;"R$14,83";0;-;1;"R$150.025,00";"R$0,00";"R$0,00";"R$380.000,00";Ganhador de VINTE e ZERO acerto: Rio de Janeiro/RJ.
848;26/07/2008;10;16;20;26;40;51;60;61;62;63;65;70;73;74;75;76;81;88;93;96;0;;"R$0,00";15;"R$16.667,32";231;"R$1.082,30";1641;"R$76,18";7785;"R$16,06";0;-;2;"R$62.502,47";"R$375.014,68";"R$0,00";"R$800.000,00";Ganhadores de ZERO acerto: Rio Claro/SP e São Paulo/SP.
849;30/07/2008;1;5;8;12;16;18;23;35;42;43;47;51;53;55;57;63;65;70;74;75;1;RJ;"R$755.423,43";33;"R$7.685,02";312;"R$812,84";2603;"R$48,72";13489;"R$9,40";0;-;1;"R$126.802,94";"R$0,00";"R$0,00";"R$350.000,00";GANHADOR DE 20 ACERTOS: DUQUE DE CAXIAS/RJ. GANHADOR DE ZERO ACERTO: SABARÁ/MG.
850;02/08/2008;1;3;7;11;14;18;23;42;43;45;54;62;78;82;86;88;90;92;94;97;2;"DF; RJ";"R$191.456,43";21;"R$12.155,97";219;"R$1.165,64";1890;"R$67,53";12337;"R$10,34";0;-;2;"R$63.818,82";"R$0,00";"R$0,00";"R$350.000,00";GANHADORES DE 20 ACERTOS: NOVA FRIBURGO/RJ E BRASÍLIA/DF. GANHADORES DE ZERO ACERTO: NOVA FRIBURGO/RJ E BRASÍLIA/DF.
851;06/08/2008;0;2;7;10;11;12;19;20;28;29;47;49;58;73;78;82;87;91;96;98;0;;"R$0,00";21;"R$12.091,58";249;"R$1.019,77";2124;"R$59,78";11485;"R$11,06";0;-;2;"R$63.480,79";"R$380.884,73";"R$0,00";"R$850.000,00";GANHADORES DE ZERO ACERTO: SÃO PAULO/SP e RIO CLARO/SP.
852;09/08/2008;15;19;27;28;36;37;41;45;46;47;52;56;57;67;70;75;76;78;92;95;0;;"R$0,00";19;"R$14.619,93";211;"R$1.316,49";2410;"R$57,63";12515;"R$11,10";0;-;0;"R$0,00";"R$936.442,01";"R$0,00";"R$1.400.000,00";
853;13/08/2008;4;5;11;19;25;29;36;39;42;46;49;51;64;71;74;78;82;85;86;99;1;MG;"R$1.357.056,24";14;"R$20.029,25";136;"R$2.061,83";1340;"R$104,63";8518;"R$16,46";0;-;1;"R$140.204,77";"R$0,00";"R$0,00";"R$350.000,00";GANHADOR DE 20 ACERTOS: UBERABA/MG. GANHADOR DE ZERO ACERTO: UBERABA/MG.
854;16/08/2008;4;10;16;17;26;28;31;32;38;47;49;54;59;69;81;84;88;94;95;99;0;;"R$0,00";6;"R$40.409,48";114;"R$2.126,81";961;"R$126,15";6145;"R$19,73";0;-;0;"R$0,00";"R$484.913,77";"R$0,00";"R$900.000,00";
855;20/08/2008;4;7;9;16;17;23;25;30;32;50;52;58;70;75;77;82;88;92;96;97;0;;"R$0,00";9;"R$28.403,98";176;"R$1.452,48";1516;"R$84,31";8807;"R$14,52";0;-;1;"R$127.817,93";"R$868.367,50";"R$0,00";"R$1.300.000,00";O PRÊMIO DE ZERO ACERTO SAIU PARA SÃO JOSÉ DO RIO PRETO/SP.
856;23/08/2008;4;5;6;10;13;17;22;24;27;31;44;45;47;55;57;62;64;65;78;96;2;"PE; SP";"R$635.521,72";11;"R$24.404,60";241;"R$1.113,90";2277;"R$58,95";12897;"R$10,41";0;-;1;"R$134.225,33";"R$0,00";"R$0,00";"R$350.000,00";GANHADORES DE 20 ACERTOS: SALGUEIRO/PE E SÃO PAULO/SP. GANHADOR DE ZERO ACERTO: PORTO BELO/SC.
857;27/08/2008;0;3;11;12;27;28;30;35;36;37;41;46;47;50;51;58;62;72;77;88;0;;"R$0,00";5;"R$45.979,69";120;"R$1.915,82";1153;"R$99,70";7057;"R$16,29";0;-;0;"R$0,00";"R$459.796,90";"R$0,00";"R$850.000,00";
858;30/08/2008;2;5;6;7;8;26;29;32;37;39;41;48;50;55;58;75;80;88;91;98;0;;"R$0,00";7;"R$37.128,75";122;"R$2.130,34";1229;"R$105,74";7634;"R$17,02";0;-;0;"R$0,00";"R$979.599,44";"R$0,00";"R$1.400.000,00";
859;03/09/2008;8;9;17;24;30;31;34;36;47;48;51;59;68;69;73;74;78;85;94;97;0;;"R$0,00";5;"R$57.071,84";146;"R$1.954,52";1412;"R$101,05";8368;"R$17,05";0;-;0;"R$0,00";"R$1.550.317,91";"R$0,00";"R$2.000.000,00";
860;06/09/2008;5;8;13;17;20;29;31;37;38;40;43;44;47;49;56;65;66;68;71;78;2;"CE; SP";"R$1.002.640,62";21;"R$14.443,28";341;"R$889,47";2174;"R$69,76";12440;"R$12,19";0;-;0;"R$0,00";"R$151.654,47";"R$0,00";"R$500.000,00";"GANHADORES DE 20 ACERTOS: NOVA RUSSAS/CE E SÃO PAULO/SP. NÃO TEVE GANHADOR DE ZERO ACERTO, PORTANTO O PRÊMIO FICA ACUMULADO PARA O PRÓXIMO CONCURSO NA FAIXA PRINCIPAL."
861;10/09/2008;3;7;12;22;37;40;41;50;56;59;66;68;71;76;79;84;85;93;98;99;0;;"R$0,00";5;"R$49.600,14";114;"R$2.175,44";947;"R$130,94";6125;"R$20,25";0;-;0;"R$0,00";"R$647.655,86";"R$0,00";"R$1.100.000,00";
862;13/09/2008;9;18;24;36;38;48;53;54;58;61;69;70;72;74;87;91;92;97;98;99;0;;"R$0,00";6;"R$45.130,99";148;"R$1.829,64";1330;"R$101,80";8526;"R$15,88";0;-;0;"R$0,00";"R$1.189.227,81";"R$0,00";"R$1.600.000,00";
863;17/09/2008;0;3;4;17;22;40;41;46;49;52;53;56;60;62;71;75;82;83;89;94;0;;"R$0,00";13;"R$21.268,17";110;"R$2.513,51";1159;"R$119,28";7609;"R$18,17";0;-;1;"R$138.243,12";"R$1.603.957,11";"R$0,00";"R$2.000.000,00";GANHADOR DE ZERO ACERTO: GUARULHOS/SP.
864;20/09/2008;5;10;12;14;18;22;27;28;40;49;56;59;63;66;69;80;81;88;92;97;0;;"R$0,00";13;"R$22.530,14";153;"R$1.914,33";1361;"R$107,60";8244;"R$17,76";0;-;1;"R$146.445,93";"R$2.043.294,81";"R$0,00";"R$2.500.000,00";GANHADOR DE ZERO ACERTO: BRASÍLIA/DF.
865;24/09/2008;1;4;7;10;11;25;26;35;38;43;48;55;56;62;64;67;68;79;85;98;0;;"R$0,00";14;"R$21.948,25";202;"R$1.521,17";1849;"R$83,09";10945;"R$14,04";0;-;0;"R$0,00";"R$2.657.845,70";"R$0,00";"R$3.200.000,00";
866;27/09/2008;6;8;14;23;30;31;32;37;39;40;44;45;48;50;52;80;89;91;97;99;0;;"R$0,00";11;"R$29.249,07";171;"R$1.881,52";1657;"R$97,09";10150;"R$15,85";0;-;0;"R$0,00";"R$3.301.325,32";"R$0,00";"R$3.800.000,00";
867;01/10/2008;10;12;16;21;22;25;31;32;37;42;43;53;67;76;79;85;86;92;94;99;0;;"R$0,00";11;"R$30.701,91";142;"R$2.378,32";1366;"R$123,62";8841;"R$19,10";0;-;2;"R$84.430,28";"R$3.807.906,88";"R$0,00";"R$4.400.000,00";GANHADORES DE ZERO ACERTO: PINHAIS/PR e ITAJAÍ/SC.
868;04/10/2008;0;1;14;22;26;30;34;39;42;53;58;59;62;71;77;81;83;86;87;99;1;PI;"R$4.352.975,65";14;"R$25.955,65";193;"R$1.882,79";1687;"R$107,70";10743;"R$16,92";0;-;4;"R$45.422,40";"R$0,00";"R$0,00";"R$400.000,00";"GANHADOR DE VINTE ACERTOS: TERESINA/PI. GANHADORES DE ZERO ACERTO: TERESINA/PI, ABARÉ/BA e ANANINDEUA/PA (2)."
869;08/10/2008;3;4;5;6;13;22;23;24;25;29;36;45;60;65;74;76;80;81;96;97;0;;"R$0,00";11;"R$22.748,02";131;"R$1.910,14";1266;"R$98,83";10798;"R$11,59";0;-;0;"R$0,00";"R$500.456,41";"R$0,00";"R$1.000.000,00";
870;11/10/2008;23;24;31;39;40;41;46;50;52;56;57;59;64;77;83;84;85;90;91;98;0;;"R$0,00";5;"R$54.500,75";107;"R$2.546,77";1070;"R$127,34";6740;"R$20,21";0;-;1;"R$136.251,90";"R$909.212,04";"R$0,00";"R$1.400.000,00";GANHADOR DE ZERO ACERTO: SÃO PAULO/SP.
871;15/10/2008;0;2;4;9;12;18;26;36;40;47;49;53;56;62;64;68;80;90;93;94;0;;"R$0,00";15;"R$17.639,96";151;"R$1.752,31";1241;"R$106,61";7526;"R$17,58";0;-;1;"R$132.299,75";"R$1.306.111,19";"R$0,00";"R$1.800.000,00";Ganhador de Zero Acerto: São Paulo/SP.
872;18/10/2008;0;8;14;31;34;38;41;45;47;59;65;70;72;74;76;81;85;87;94;96;1;MA;"R$1.748.347,26";50;"R$5.896,48";508;"R$580,36";3759;"R$39,22";24006;"R$8,77";0;-;3;"R$49.137,35";"R$0,00";"R$0,00";"R$380.000,00";"Ganhador de 20 acertos: Lago da Pedra/MA. Ganhadores de zero acerto: Campinas/SP, Porto Velho/RO e Ponte Nova/MG."
873;22/10/2008;2;4;10;19;21;27;28;29;32;38;39;42;46;51;60;63;71;77;87;97;0;;"R$0,00";4;"R$57.619,83";94;"R$2.451,91";994;"R$115,94";6435;"R$17,91";0;-;0;"R$0,00";"R$460.958,68";"R$0,00";"R$900.000,00";
874;25/10/2008;5;9;10;21;35;40;41;49;52;56;59;61;63;73;82;83;88;89;90;96;1;MG;"R$840.301,69";4;"R$63.223,84";99;"R$2.554,50";1092;"R$115,80";6436;"R$19,65";0;-;0;"R$0,00";"R$126.447,70";"R$0,00";"R$500.000,00";"GANHADOR DE 20 ACERTOS: PATOS DE MINAS/MG. NÃO TEVE GANHADOR DE ZERO ACERTO. PORTANTO, O PRÊMIO FICA ACUMULADO PARA A FAIXA PRINCIPAL DO PRÓXIMO CONCURSO."
875;29/10/2008;4;7;14;17;24;27;38;43;52;54;55;57;58;61;70;78;82;84;85;90;0;;"R$0,00";5;"R$45.321,38";108;"R$2.098,21";1046;"R$108,32";7008;"R$16,17";0;-;0;"R$0,00";"R$579.661,49";"R$0,00";"R$1.000.000,00";
876;01/11/2008;2;6;16;17;30;31;37;38;41;42;43;45;69;72;77;81;90;93;94;95;0;;"R$0,00";5;"R$53.037,14";96;"R$2.762,35";803;"R$165,12";5669;"R$23,39";0;-;0;"R$0,00";"R$1.110.032,90";"R$0,00";"R$1.600.000,00";
877;05/11/2008;3;7;19;21;22;25;32;43;48;50;52;54;71;75;76;83;87;93;94;98;0;;"R$0,00";8;"R$34.816,12";203;"R$1.372,07";1701;"R$81,88";8864;"R$15,71";0;-;0;"R$0,00";"R$1.667.090,79";"R$0,00";"R$1.800.000,00";
878;08/11/2008;0;3;14;16;24;26;32;35;37;47;51;52;53;55;56;73;75;81;87;94;0;;"R$0,00";13;"R$23.712,37";196;"R$1.572,76";1881;"R$81,94";11090;"R$13,90";0;-;1;"R$154.130,45";"R$2.129.482,07";"R$0,00";"R$2.700.000,00";GANHADOR DE ZERO ACERTO: CURITIBA/PR.
879;12/11/2008;0;2;7;17;21;26;33;34;39;42;43;48;49;60;64;75;77;89;96;98;0;;"R$0,00";7;"R$44.934,75";170;"R$1.850,26";1428;"R$110,14";9176;"R$17,14";0;-;0;"R$0,00";"R$2.758.568,63";"R$0,00";"R$3.300.000,00";
880;16/11/2008;0;2;4;6;25;28;29;30;38;47;49;50;52;54;64;72;73;76;86;96;0;;"R$0,00";10;"R$24.566,67";110;"R$2.233,33";1158;"R$106,08";7194;"R$17,08";0;-;0;"R$0,00";"R$3.249.901,91";"R$0,00";"R$3.700.000,00";
881;19/11/2008;3;7;9;13;22;26;37;39;44;49;58;62;66;67;71;78;80;82;92;96;0;;"R$0,00";30;"R$12.169,25";292;"R$1.250,27";2444;"R$74,69";13468;"R$13,56";0;-;1;"R$182.538,77";"R$3.797.518,14";"R$0,00";"R$4.500.000,00";Ganhador de zero acerto: Anápolis/GO.
882;22/11/2008;12;17;21;23;24;27;30;38;42;46;52;53;57;68;75;78;79;83;84;99;0;;"R$0,00";15;"R$24.875,43";288;"R$1.295,60";2576;"R$72,43";14679;"R$12,71";0;-;0;"R$0,00";"R$4.543.780,90";"R$0,00";"R$5.000.000,00";
883;26/11/2008;0;1;2;4;6;7;10;19;23;37;42;49;63;74;78;88;89;94;97;98;1;RJ;"R$5.156.085,48";23;"R$17.747,96";296;"R$1.379,07";2999;"R$68,06";16363;"R$12,47";0;-;0;"R$0,00";"R$204.101,55";"R$0,00";"R$600.000,00";"GANHADOR DE 20 ACERTOS: QUEIMADOS/RJ.ACUMULADO DE ZERO ACERTO PARA 20 ACERTOS: R$204.101,55."
884;29/11/2008;3;6;11;14;19;20;30;31;32;38;47;55;57;58;61;64;70;86;88;95;0;;"R$0,00";3;"R$90.902,77";140;"R$1.947,92";1341;"R$101,68";7784;"R$17,52";0;-;0;"R$0,00";"R$749.518,15";"R$0,00";"R$1.200.000,00";
885;03/12/2008;7;10;11;19;26;33;36;38;41;45;50;56;57;62;63;71;77;78;84;97;0;;"R$0,00";14;"R$21.794,08";193;"R$1.580,92";1584;"R$96,31";9713;"R$15,71";0;-;0;"R$0,00";"R$1.359.752,45";"R$0,00";"R$2.000.000,00";
886;06/12/2008;3;5;7;11;14;15;32;36;37;38;45;47;50;51;70;71;72;79;97;98;1;RS;"R$1.854.719,56";18;"R$18.332,12";246;"R$1.341,37";2172;"R$75,96";13088;"R$12,60";0;-;2;"R$82.494,53";"R$0,00";"R$0,00";"R$350.000,00";Ganhador de 20 Acertos: PORTO ALEGRE/RS.Ganhadores de 0 (ZERO) Acerto: PORTO ALEGRE/RS e SUZANO/SP.
887;10/12/2008;2;4;6;14;19;27;30;41;42;49;53;55;56;57;62;66;75;80;82;90;1;PI;"R$387.799,91";12;"R$21.544,44";165;"R$1.566,87";1516;"R$85,27";9060;"R$14,27";0;-;1;"R$129.266,64";"R$0,00";"R$0,00";"R$400.000,00";GANHADOR DE 20 ACERTOS: SIMÕES/PI. GANHADOR DE ZERO ACERTO: SUZANO/SP.
888;13/12/2008;0;4;9;25;28;30;42;51;52;53;56;61;66;68;71;76;77;84;86;98;1;RS;"R$400.799,58";9;"R$29.688,86";121;"R$2.208,27";1112;"R$120,15";7161;"R$18,66";0;-;1;"R$133.599,88";"R$0,00";"R$0,00";"R$400.000,00";GANHADOR DE VINTE ACERTOS: ALVORADA/RS. GANHADOR DE ZERO ACERTO: CORRENTE/PI.
889;17/12/2008;0;3;6;10;20;27;35;38;40;43;46;55;56;62;68;77;79;93;94;96;0;;"R$0,00";17;"R$15.193,64";156;"R$1.655,72";1388;"R$93,05";7990;"R$16,17";0;-;0;"R$0,00";"R$516.584,02";"R$0,00";"R$1.000.000,00";
890;20/12/2008;1;4;6;9;21;22;23;25;29;49;55;68;71;72;76;80;81;85;90;95;0;;"R$0,00";11;"R$26.229,96";127;"R$2.271,89";1275;"R$113,15";7806;"R$18,48";0;-;2;"R$72.132,41";"R$949.378,34";"R$0,00";"R$1.400.000,00";Ganhadores de zero acerto: Salvador/BA e Marília/SP.
891;24/12/2008;1;13;15;17;18;22;24;26;31;46;55;63;66;73;74;79;90;93;95;96;0;;"R$0,00";15;"R$16.532,00";178;"R$1.393,14";1683;"R$73,67";9684;"R$12,81";0;-;0;"R$0,00";"R$1.445.338,21";"R$0,00";"R$2.000.000,00";
892;27/12/2008;2;10;12;15;23;30;39;47;52;60;63;66;69;70;72;74;82;83;88;90;0;;"R$0,00";6;"R$43.046,04";142;"R$1.818,85";1255;"R$102,90";7771;"R$16,62";0;-;0;"R$0,00";"R$1.961.890,66";"R$0,00";"R$2.400.000,00";
893;31/12/2008;1;3;5;10;18;36;39;40;42;44;47;53;60;67;71;73;78;79;82;86;0;;"R$0,00";23;"R$13.850,48";258;"R$1.234,73";2069;"R$76,98";11379;"R$14,00";0;-;0;"R$0,00";"R$2.599.012,62";"R$0,00";"R$3.200.000,00";
894;03/01/2009;0;6;21;26;28;29;31;33;36;37;39;40;41;49;53;63;65;77;81;84;0;;"R$0,00";9;"R$32.766,48";137;"R$2.152,55";1233;"R$119,59";8291;"R$17,78";0;-;0;"R$0,00";"R$3.188.809,26";"R$0,00";"R$3.800.000,00";
895;07/01/2009;2;4;11;14;17;21;23;26;28;44;45;49;58;59;61;74;81;85;88;89;1;MG;"R$3.776.756,13";10;"R$39.196,46";208;"R$1.884,45";1991;"R$98,44";12255;"R$15,99";0;-;0;"R$0,00";"R$195.982,29";"R$0,00";"R$600.000,00";"Ganhador de 20 acertos: Belo Horizonte/MG. Não houve ganhador de zero acerto, portanto, o prêmio acumulou para 20 acertos do próximo concurso."
896;10/01/2009;2;13;25;27;28;33;36;37;39;43;45;51;52;67;70;71;74;88;92;93;1;SE;"R$622.590,06";17;"R$16.729,72";192;"R$1.481,27";1556;"R$91,39";9299;"R$15,29";0;-;1;"R$142.202,62";"R$0,00";"R$0,00";"R$400.000,00";Ganhador de VINTE acertos: Aracaju/SE. Ganhador de ZERO acerto: Montes Claros/MG.
897;14/01/2009;0;4;8;15;20;23;25;32;54;58;68;73;74;81;82;91;92;96;97;99;0;;"R$0,00";11;"R$23.489,75";129;"R$2.003,01";1145;"R$112,83";6860;"R$18,83";0;-;0;"R$0,00";"R$516.774,44";"R$0,00";"R$1.000.000,00";
898;17/01/2009;3;16;18;19;29;30;34;47;56;60;63;64;65;74;77;81;83;85;94;95;0;;"R$0,00";18;"R$15.639,63";179;"R$1.572,70";2035;"R$69,17";10253;"R$13,73";0;-;0;"R$0,00";"R$1.079.801,14";"R$0,00";"R$1.500.000,00";
899;21/01/2009;1;2;6;8;11;14;19;21;22;23;29;40;49;57;68;76;82;86;88;89;0;;"R$0,00";14;"R$20.371,24";212;"R$1.345,27";1693;"R$84,23";10135;"R$14,07";0;-;0;"R$0,00";"R$1.650.195,70";"R$0,00";"R$2.100.000,00";
900;24/01/2009;6;7;13;15;18;19;31;38;53;60;61;65;78;81;85;87;93;95;97;99;1;AL;"R$2.135.067,04";12;"R$26.937,30";232;"R$1.393,31";1965;"R$82,25";11509;"R$14,05";0;-;1;"R$161.623,80";"R$0,00";"R$0,00";"R$400.000,00";GANHADOR DE 20 ACERTOS: ARAPIRACA/AL. GANHADOR DE ZERO ACERTO: PORTO ALEGRE/RS.
901;28/01/2009;8;9;12;13;16;21;24;28;31;38;40;43;45;46;51;52;55;56;87;93;0;;"R$0,00";5;"R$49.961,53";191;"R$1.307,89";1546;"R$80,79";9527;"R$13,11";0;-;0;"R$0,00";"R$499.615,33";"R$0,00";"R$1.000.000,00";
902;31/01/2009;3;5;7;10;12;15;19;21;26;28;39;43;49;69;73;75;78;82;93;99;3;"CE; PA; SC";"R$307.113,01";60;"R$4.685,82";503;"R$558,95";3394;"R$41,42";15628;"R$9,00";0;-;3;"R$46.858,19";"R$0,00";"R$0,00";"R$400.000,00";"GANHADORES DE 20 ACERTOS: CUNHA PORÃ/SC, QUIXERAMOBIM/CE E SANTARÉM/PA. GANHADORES DE ZERO ACERTO: CUNHA PORÃ/SC, QUIXERAMOBIM/CE E RIO DE JANEIRO/RJ."
903;04/02/2009;5;7;9;12;22;25;32;37;48;51;61;62;66;69;73;77;87;92;96;99;0;;"R$0,00";7;"R$36.967,61";201;"R$1.287,43";1675;"R$77,25";9418;"R$13,74";0;-;1;"R$129.386,63";"R$388.159,87";"R$0,00";"R$800.000,00";GANHADOR DE ZERO ACERTO: RIBEIRÃO PIRES/SP.
904;07/02/2009;0;4;18;19;20;22;27;29;31;38;43;44;48;62;64;65;67;70;85;90;0;;"R$0,00";9;"R$32.010,77";130;"R$2.216,13";1292;"R$111,49";8138;"R$17,70";0;-;0;"R$0,00";"R$964.353,61";"R$0,00";"R$1.500.000,00";
905;11/02/2009;1;3;4;7;8;11;27;33;35;36;44;49;55;60;68;70;78;83;93;94;0;;"R$0,00";9;"R$32.780,49";128;"R$2.304,88";1311;"R$112,52";8314;"R$17,74";0;-;0;"R$0,00";"R$1.554.402,30";"R$0,00";"R$2.100.000,00";
906;14/02/2009;6;7;13;16;18;30;37;40;44;51;53;59;62;67;77;82;88;92;96;99;0;;"R$0,00";12;"R$26.535,89";215;"R$1.481,07";1885;"R$84,47";10882;"R$14,63";0;-;0;"R$0,00";"R$2.191.263,69";"R$0,00";"R$2.600.000,00";
907;18/02/2009;0;5;7;8;17;35;39;47;51;67;69;71;72;77;80;81;85;94;95;98;1;MS;"R$2.688.244,42";14;"R$23.665,75";171;"R$1.937,55";1681;"R$98,55";10457;"R$15,85";0;-;0;"R$0,00";"R$165.660,27";"R$0,00";"R$500.000,00";"Ganhador de 20 acertos: Paranaíba/MS. Não houve ganhador de zero acerto, portanto, o valor acumulou para 20 acertos do próximo concurso."
908;21/02/2009;19;21;24;30;33;34;38;44;48;49;58;60;63;67;70;75;76;81;82;89;0;;"R$0,00";7;"R$34.809,96";116;"R$2.100,60";927;"R$131,43";5762;"R$21,14";0;-;0;"R$0,00";"R$652.999,79";"R$0,00";"R$1.000.000,00";
909;25/02/2009;4;7;9;10;13;15;18;31;34;36;38;44;47;48;53;78;83;92;93;99;0;;"R$0,00";14;"R$11.277,70";163;"R$968,64";1391;"R$56,75";7530;"R$10,48";0;-;0;"R$0,00";"R$968.775,23";"R$0,00";"R$1.400.000,00";
910;28/02/2009;4;5;7;11;13;14;16;20;21;28;36;37;42;43;46;58;59;65;68;83;0;;"R$0,00";21;"R$13.792,10";220;"R$1.316,52";2028;"R$71,41";11216;"R$12,91";0;-;0;"R$0,00";"R$1.548.043,43";"R$0,00";"R$2.000.000,00";
911;04/03/2009;0;12;14;20;24;31;37;45;46;48;52;53;62;64;74;76;79;80;83;86;0;;"R$0,00";8;"R$39.766,65";165;"R$1.928,08";1378;"R$115,43";9013;"R$17,65";0;-;0;"R$0,00";"R$2.184.309,77";"R$0,00";"R$2.700.000,00";
912;07/03/2009;0;1;12;28;44;45;49;54;55;58;62;66;67;69;70;71;79;91;97;98;0;;"R$0,00";20;"R$17.694,39";242;"R$1.462,35";2464;"R$71,81";13369;"R$13,23";0;-;0;"R$0,00";"R$2.892.085,36";"R$0,00";"R$3.500.000,00";
913;11/03/2009;2;6;8;10;13;14;18;29;30;36;41;48;53;56;57;65;82;83;88;90;0;;"R$0,00";23;"R$16.029,77";278;"R$1.326,20";2434;"R$75,74";13521;"R$13,63";0;-;1;"R$184.342,38";"R$3.445.112,40";"R$0,00";"R$4.100.000,00";O GANHADOR DE ZERO ACERTO É DE ARACAJÚ/SE.
914;14/03/2009;1;2;9;11;15;16;27;32;39;52;57;59;63;64;69;73;75;76;78;93;2;"GO; SP";"R$2.037.512,87";23;"R$18.258,36";289;"R$1.453,09";2444;"R$85,92";14675;"R$14,31";0;-;2;"R$104.985,56";"R$0,00";"R$0,00";"R$400.000,00";GANHADORES DE 20 ACERTOS: JULIO MESQUITA/SP E SANTO ANTÔNIO DO DESCOBERTO/GO. GANHADORES DE ZERO ACERTO: CRUZ MACHADO/PR E SANTO ANTÔNIO DO DESCOBERTO/GO.
915;18/03/2009;2;11;13;16;17;19;26;28;30;38;41;44;50;58;64;69;78;86;90;95;2;"MT; SP";"R$197.057,38";17;"R$15.455,48";211;"R$1.245,23";1694;"R$77,55";9192;"R$14,29";0;-;0;"R$0,00";"R$131.371,62";"R$0,00";"R$500.000,00";GANHADORES DE 20 ACERTOS: MAUÁ/SP E CUIABÁ/MT.
916;21/03/2009;3;7;17;22;23;27;30;31;39;44;46;56;58;72;75;76;81;82;83;84;2;"RS; SP";"R$268.738,17";8;"R$33.842,06";117;"R$2.313,99";1210;"R$111,88";7607;"R$17,80";0;-;1;"R$135.368,26";"R$0,00";"R$0,00";"R$400.000,00";GANHADORES DE 20 ACERTOS: SÃO CAETANO DO SUL/SP E VACARIA/RS. GANHADOR DE 0 ACERTO: SÃO CAETANO DO SUL/SP.
917;25/03/2009;3;10;21;28;34;35;43;44;53;55;62;72;73;78;80;84;85;87;91;96;1;CE;"R$380.890,09";7;"R$36.275,25";150;"R$1.692,84";1389;"R$91,41";8094;"R$15,68";0;-;1;"R$126.963,39";"R$0,00";"R$0,00";"R$400.000,00";GANHADORES DE ZERO E VINTE ACERTOS: FORTALEZA/CE.
918;28/03/2009;8;9;13;18;30;31;33;41;48;50;51;61;74;76;84;85;87;89;94;97;0;;"R$0,00";6;"R$42.712,74";115;"R$2.228,49";1007;"R$127,25";6565;"R$19,52";0;-;0;"R$0,00";"R$512.552,88";"R$0,00";"R$900.000,00";
919;01/04/2009;0;5;8;25;29;33;41;46;48;51;54;65;69;72;77;79;82;83;90;99;0;;"R$0,00";12;"R$23.441,03";166;"R$1.694,54";1446;"R$97,27";8886;"R$15,83";0;-;0;"R$0,00";"R$1.075.137,59";"R$0,00";"R$1.500.000,00";
920;04/04/2009;10;11;15;18;31;33;34;39;42;47;51;54;56;57;77;79;81;90;92;99;1;DF;"R$1.542.152,17";19;"R$16.386,48";252;"R$1.235,49";2216;"R$70,25";12022;"R$12,95";0;-;1;"R$155.671,55";"R$0,00";"R$0,00";"R$400.000,00";Ganhadores de ZERO e VINTE acertos: Brasília/DF.
921;08/04/2009;2;4;12;17;20;22;26;30;36;44;49;51;55;56;66;80;91;93;95;99;0;;"R$0,00";12;"R$22.056,98";196;"R$1.350,43";1646;"R$80,41";10021;"R$13,21";0;-;0;"R$0,00";"R$529.367,37";"R$0,00";"R$900.000,00";
922;11/04/2009;2;4;11;18;30;35;51;56;58;59;62;69;74;76;78;80;81;82;85;90;0;;"R$0,00";9;"R$25.760,42";236;"R$982,39";1417;"R$81,81";8482;"R$13,67";0;-;1;"R$115.921,93";"R$877.133,09";"R$0,00";"R$1.300.000,00";GANHADOR DE ZERO ACERTO: MACAPÁ/AP.
923;15/04/2009;0;1;21;22;29;30;46;47;51;52;65;66;69;74;81;84;85;89;90;93;0;;"R$0,00";9;"R$30.932,96";116;"R$2.399,97";1129;"R$123,30";7590;"R$18,34";0;-;0;"R$0,00";"R$1.433.926,35";"R$0,00";"R$1.900.000,00";
924;18/04/2009;0;1;3;10;12;18;24;26;27;28;37;38;41;43;52;65;66;74;93;97;0;;"R$0,00";20;"R$15.328,00";203;"R$1.510,15";1905;"R$80,46";11494;"R$13,34";0;-;1;"R$153.280,06";"R$1.893.766,46";"R$0,00";"R$2.400.000,00";O GANHADOR DE ZERO ACERTO É DE BELO HORIZONTE/MG. NÃO TEVE GANHADOR DE 20 ACERTOS.
925;22/04/2009;2;12;17;20;23;24;31;34;40;52;53;55;70;73;77;80;81;87;89;98;0;;"R$0,00";15;"R$18.396,59";123;"R$2.243,48";1111;"R$177,41";7120;"R$27,68";0;-;0;"R$0,00";"R$2.445.663,97";"R$0,00";"R$2.900.000,00";
926;25/04/2009;3;4;7;8;15;18;19;20;22;29;38;49;51;64;71;79;80;82;88;99;1;DF;"R$2.946.820,96";15;"R$22.273,65";262;"R$1.275,21";2338;"R$102,07";13860;"R$17,21";0;-;0;"R$0,00";"R$167.052,37";"R$0,00";"R$600.000,00";A APOSTA GANHADORA DE 20 ACERTOS FOI REALIZADA EM BRASÍLIA/DF. NÃO HOUVE GANHADOR DE ZERO ACERTO E O PRÊMIO FICA ACUMULADO PARA O PRÓXIMO CONCURSO.
927;29/04/2009;2;4;5;19;21;22;24;26;30;33;60;63;69;70;80;82;84;87;92;94;0;;"R$0,00";6;"R$42.574,06";121;"R$2.111,11";1102;"R$165,57";7091;"R$25,73";0;-;0;"R$0,00";"R$677.941,09";"R$0,00";"R$1.100.000,00";
928;02/05/2009;12;15;17;22;31;32;35;43;44;59;61;73;75;76;78;81;83;86;87;91;0;;"R$0,00";18;"R$13.370,31";162;"R$1.485,59";1344;"R$127,90";7819;"R$21,98";0;-;0;"R$0,00";"R$1.159.271,98";"R$0,00";"R$1.600.000,00";
929;06/05/2009;3;4;12;13;15;19;30;35;42;53;61;62;63;69;71;73;77;88;90;92;0;;"R$0,00";12;"R$25.973,58";169;"R$1.844,28";1642;"R$135,58";9830;"R$22,64";0;-;0;"R$0,00";"R$1.782.637,97";"R$0,00";"R$2.300.000,00";
930;09/05/2009;3;4;5;21;26;28;40;43;45;48;54;56;62;66;69;81;82;84;95;96;0;;"R$0,00";15;"R$22.465,66";196;"R$1.719,31";1670;"R$144,13";10148;"R$23,71";0;-;0;"R$0,00";"R$2.456.607,80";"R$0,00";"R$3.100.000,00";
931;13/05/2009;1;2;3;6;8;10;12;13;27;36;39;43;45;49;65;72;73;74;87;90;1;SP;"R$2.980.653,27";19;"R$18.387,56";199;"R$1.755,60";2136;"R$116,82";12661;"R$19,70";0;-;0;"R$0,00";"R$174.681,83";"R$0,00";"R$600.000,00";A APOSTA GANHADORA DE 20 ACERTOS FOI REALIZADA EM SÃO BERNARDO DO CAMPO/SP. NESTE CONCURSO NÃO HOUVE GANHADOR DE ZERO ACERTO E O PRÊMIO FICA ACUMULADO PARA O PRÓXIMO CONCURSO.
932;16/05/2009;12;19;22;25;28;38;41;47;49;52;57;61;66;67;69;74;87;89;90;95;0;;"R$0,00";10;"R$27.273,77";174;"R$1.567,46";1537;"R$126,74";9004;"R$21,63";0;-;0;"R$0,00";"R$720.157,21";"R$0,00";"R$1.200.000,00";
933;20/05/2009;12;18;19;20;23;26;27;29;35;37;54;58;59;74;80;83;85;89;96;98;0;;"R$0,00";14;"R$20.546,01";199;"R$1.445,45";1878;"R$109,40";10892;"R$18,86";0;-;0;"R$0,00";"R$1.295.445,43";"R$0,00";"R$1.800.000,00";
934;23/05/2009;0;12;14;20;21;23;37;44;48;55;58;67;73;74;76;85;87;90;96;98;0;;"R$0,00";36;"R$8.514,48";398;"R$770,16";2941;"R$74,44";14402;"R$15,20";0;-;0;"R$0,00";"R$1.908.488,31";"R$0,00";"R$2.500.000,00";
935;27/05/2009;6;13;17;21;34;36;38;42;44;47;50;62;67;73;74;75;80;85;91;97;0;;"R$0,00";12;"R$26.300,33";186;"R$1.696,80";1742;"R$129,40";10037;"R$22,46";0;-;0;"R$0,00";"R$2.539.696,30";"R$5.121.214,00";"R$3.000.000,00";
936;30/05/2009;0;21;26;29;34;37;50;53;56;58;60;67;68;72;77;79;81;83;92;99;1;CONTAGEM/MG;"R$3.052.273,63";17;"R$20.101,07";242;"R$1.412,06";2130;"R$114,59";11789;"R$20,70";0;-;2;"R$85.429,57";"R$0,00";"R$5.544.962,00";"R$450.000,00";Ganhadores de zero acerto: Ribeirão Preto/SP e Brasília/DF
937;03/06/2009;1;3;5;7;16;23;30;34;37;40;45;46;47;49;61;63;68;87;89;90;0;;"R$0,00";14;"R$18.991,92";138;"R$1.926,72";1600;"R$118,69";13113;"R$14,48";0;-;0;"R$0,00";"R$531.773,79";"R$4.314.469,00";"R$1.000.000,00";
938;06/06/2009;4;5;9;11;12;33;35;36;38;51;55;56;58;69;76;87;94;95;96;98;0;;"R$0,00";6;"R$48.701,12";215;"R$1.359,10";1896;"R$110,08";10593;"R$19,70";0;-;0;"R$0,00";"R$1.116.187,20";"R$4.741.553,00";"R$1.600.000,00";
939;10/06/2009;0;1;4;6;11;16;33;35;38;40;42;43;44;46;47;48;59;66;76;82;0;;"R$0,00";6;"R$51.418,05";181;"R$1.704,47";1884;"R$116,96";12097;"R$18,21";0;-;0;"R$0,00";"R$1.733.203,76";"R$5.006.074,00";"R$2.200.000,00";
940;13/06/2009;2;19;20;23;24;25;33;35;36;38;49;59;65;66;73;75;77;78;87;97;0;;"R$0,00";10;"R$29.385,44";200;"R$1.469,28";1817;"R$115,51";10923;"R$19,21";0;-;0;"R$0,00";"R$2.320.912,61";"R$4.768.290,00";"R$2.800.000,00";
941;17/06/2009;4;7;16;21;22;26;29;32;35;41;43;55;65;66;67;70;77;78;80;89;0;;"R$0,00";10;"R$34.546,83";126;"R$2.741,81";1298;"R$190,11";8786;"R$28,08";0;-;0;"R$0,00";"R$3.011.849,17";"R$5.605.813,00";"R$3.600.000,00";
942;20/06/2009;0;3;5;6;9;10;13;24;27;29;34;36;41;63;64;74;76;81;90;96;0;;"R$0,00";10;"R$35.636,55";215;"R$1.657,51";1867;"R$136,34";11658;"R$21,83";0;-;1;"R$178.182,76";"R$3.546.397,40";"R$5.782.639,00";"R$4.200.000,00";A APOSTA GANHADORA DE ZERO ACERTO FOI REALIZADA EM DRACENA/SP.
943;24/06/2009;3;13;14;19;21;32;39;41;42;45;60;62;63;66;69;70;79;82;85;87;0;;"R$0,00";3;"R$121.689,01";145;"R$2.517,70";1544;"R$168,88";9839;"R$26,50";0;-;0;"R$0,00";"R$4.276.531,44";"R$5.923.836,00";"R$5.000.000,00";
944;27/06/2009;2;5;6;9;11;17;18;25;26;28;33;37;44;52;55;56;65;71;76;86;3;TUBARÃO/SC;"R$1.637.962,93";44;"R$9.656,93";546;"R$1.111,73";4215;"R$72,00";22436;"R$13,52";0;-;1;"R$212.452,48";"R$0,00";"R$6.894.808,00";"R$400.000,00";O GANHADOR DE ZERO ACERTO É DE BRASÍLIA/DF.
945;01/07/2009;3;7;18;21;26;31;32;36;41;54;55;57;60;64;66;67;74;80;94;98;1;IBITINGA/SP;"R$425.369,73";8;"R$35.447,48";123;"R$2.305,52";1049;"R$193,09";6949;"R$29,14";0;-;1;"R$141.789,91";"R$0,00";"R$4.601.567,00";"R$400.000,00";O GANHADOR DE ZERO ACERTO É DE NATAL/RN.
946;04/07/2009;0;3;4;6;8;20;21;24;25;26;31;36;43;52;64;74;75;79;91;98;0;;"R$0,00";14;"R$21.609,38";141;"R$2.145,62";1388;"R$155,68";8913;"R$24,24";0;-;0;"R$0,00";"R$605.062,70";"R$4.909.088,00";"R$1.000.000,00";
947;08/07/2009;1;4;7;8;10;18;23;25;29;30;35;37;46;54;69;72;77;81;83;93;0;;"R$0,00";15;"R$21.354,94";283;"R$1.131,89";2355;"R$97,15";12816;"R$17,85";0;-;0;"R$0,00";"R$1.245.710,93";"R$5.197.806,00";"R$1.800.000,00";
948;11/07/2009;1;3;6;8;9;21;30;34;41;44;46;68;74;79;80;82;88;90;94;95;0;;"R$0,00";10;"R$33.052,77";160;"R$2.065,80";1479;"R$159,62";9759;"R$24,19";0;-;0;"R$0,00";"R$1.906.766,26";"R$5.363.376,00";"R$2.500.000,00";
949;15/07/2009;4;5;9;28;29;34;36;43;50;57;60;61;63;66;68;76;77;87;94;96;0;;"R$0,00";9;"R$38.755,27";184;"R$1.895,64";1592;"R$156,49";10574;"R$23,56";0;-;0;"R$0,00";"R$2.604.361,10";"R$5.659.834,00";"R$3.200.000,00";
950;18/07/2009;0;1;3;8;21;22;45;50;53;58;59;63;68;69;76;77;80;85;87;90;0;;"R$0,00";5;"R$74.250,99";161;"R$2.305,93";1586;"R$167,20";10578;"R$25,06";0;-;1;"R$185.627,50";"R$3.161.243,54";"R$6.024.246,00";"R$3.800.000,00";GANHADOR DE ZERO ACERTO: CURITIBA/PR.
951;22/07/2009;0;2;3;4;5;11;16;19;21;42;43;49;55;56;73;80;90;91;94;99;2;"SÃO MATEUS/ES; SÃO PAULO/SP";"R$1.878.991,94";12;"R$33.152,24";330;"R$1.205,54";2564;"R$110,82";15802;"R$17,98";0;-;1;"R$198.913,47";"R$0,00";"R$6.455.421,00";"R$450.000,00";A APOSTA GANHADORA DE ZERO ACERTO FOI EFETUADA EM SÃO PAULO/SP.
952;25/07/2009;8;11;13;18;28;38;41;43;46;52;55;62;68;70;75;76;85;88;92;95;0;;"R$0,00";16;"R$19.062,92";208;"R$1.466,38";1744;"R$124,92";9378;"R$23,23";0;-;1;"R$152.503,40";"R$457.510,16";"R$4.949.256,00";"R$1.000.000,00";A APOSTA GANHADORA DE ZERO ACERTO FOI REALIZADA EM BRASÍLIA/DF.
953;29/07/2009;13;18;20;28;30;32;37;44;62;63;67;69;70;74;79;86;89;91;96;97;0;;"R$0,00";9;"R$33.365,36";105;"R$2.859,89";1161;"R$184,74";7551;"R$28,40";0;-;0;"R$0,00";"R$1.058.086,68";"R$4.872.690,00";"R$1.500.000,00";
954;01/08/2009;0;8;9;12;16;23;24;25;29;31;41;43;49;57;58;64;71;73;78;87;0;;"R$0,00";10;"R$33.636,71";273;"R$1.232,12";1925;"R$124,81";11701;"R$20,53";0;-;0;"R$0,00";"R$1.730.820,89";"R$5.458.131,00";"R$2.300.000,00";
955;05/08/2009;10;16;22;26;29;32;36;39;41;44;45;54;56;57;60;65;70;74;85;92;1;MARAPANIM/PA;"R$2.264.787,68";13;"R$27.382,91";209;"R$1.703,24";1851;"R$137,36";11045;"R$23,02";0;-;0;"R$0,00";"R$0,00";"R$5.776.349,00";"R$600.000,00";"PRÊMIO ACUMULADO DE ZERO ACERTO PARA O PRÓXIMO CONCURSO: R$ 177.988,96."
956;08/08/2009;0;1;4;5;12;16;23;24;42;46;60;62;64;66;69;81;84;90;95;97;1;ALVORADA  D OESTE/RO;"R$645.434,40";14;"R$22.259,30";191;"R$1.631,57";1719;"R$129,48";10102;"R$22,03";0;-;2;"R$77.907,59";"R$0,00";"R$5.056.734,00";"R$500.000,00";OS GANHADORES DE ZERO ACERTO SÃO DE ALVORADA D OESTE/RO E SÃO JOSÉ DO RIO PRETO/SP.
957;12/08/2009;2;7;13;17;23;27;43;54;60;61;63;68;69;74;75;76;81;89;95;99;0;;"R$0,00";15;"R$20.052,39";130;"R$2.313,74";1497;"R$143,51";8813;"R$24,37";0;-;0;"R$0,00";"R$601.571,67";"R$4.880.764,00";"R$1.000.000,00";
958;15/08/2009;15;19;23;31;32;34;37;38;40;45;48;49;50;64;70;71;90;91;92;93;0;;"R$0,00";11;"R$28.840,24";216;"R$1.468,72";1622;"R$139,70";10232;"R$22,14";0;-;1;"R$158.621,33";"R$1.077.435,64";"R$5.147.804,00";"R$1.700.000,00";A APOSTA GANHADORA DE ZERO ACERTO FOI REALIZADA EM ITAPOROROCA/PB.
959;19/08/2009;7;9;10;11;16;19;21;27;52;54;60;62;74;78;80;86;87;92;93;97;2;"BRASÍLIA/DF; RIO DE JANEIRO/RJ";"R$785.229,69";8;"R$41.085,31";140;"R$2.347,73";1171;"R$200,48";8155;"R$28,78";0;-;1;"R$164.341,28";"R$0,00";"R$5.333.435,00";"R$400.000,00";O GANHADOR DO PRÊMIO DE ZERO ACERTO É DO RIO DE JANEIRO/RJ.
960;22/08/2009;1;2;5;6;19;27;38;42;52;54;56;65;70;74;82;83;86;90;92;93;0;;"R$0,00";9;"R$32.184,75";147;"R$1.970,50";1440;"R$143,68";8882;"R$23,29";0;-;0;"R$0,00";"R$579.325,51";"R$4.700.273,00";"R$1.000.000,00";
961;26/08/2009;1;3;6;8;18;36;37;43;46;51;58;59;72;73;74;75;79;82;94;97;0;;"R$0,00";8;"R$38.029,97";139;"R$2.188,78";1550;"R$140,20";9935;"R$21,87";0;-;0;"R$0,00";"R$1.187.805,06";"R$4.936.810,00";"R$1.700.000,00";
962;29/08/2009;1;2;11;15;20;21;26;36;47;49;51;67;73;74;82;88;91;95;96;99;0;;"R$0,00";9;"R$37.000,32";181;"R$1.839,79";1623;"R$146,55";9351;"R$25,43";0;-;1;"R$166.501,47";"R$1.687.309,40";"R$5.403.541,00";"R$2.300.000,00";A APOSTA GANHADORA DE ZERO ACERTO FOI REALIZADA EM ITAMONTE/MG.
963;02/09/2009;1;4;6;9;11;14;27;28;30;33;37;54;64;65;72;77;78;82;91;95;0;;"R$0,00";15;"R$23.458,68";175;"R$2.010,75";1641;"R$153,16";10467;"R$24,01";0;-;0;"R$0,00";"R$2.391.069,64";"R$5.709.856,00";"R$3.000.000,00";
964;05/09/2009;7;10;20;23;24;25;28;36;42;49;51;71;72;80;81;82;89;92;95;98;0;;"R$0,00";12;"R$32.475,66";189;"R$2.061,95";1612;"R$172,68";9842;"R$28,28";0;-;0;"R$0,00";"R$3.170.485,53";"R$6.323.677,00";"R$4.000.000,00";
965;09/09/2009;4;13;14;19;23;29;30;38;39;40;42;64;74;78;79;80;81;82;92;98;0;;"R$0,00";14;"R$25.805,61";245;"R$1.474,61";1829;"R$141,09";10119;"R$25,50";0;-;0;"R$0,00";"R$3.893.042,56";"R$5.862.361,00";"R$4.600.000,00";
966;12/09/2009;1;6;12;13;17;35;40;43;46;50;53;56;59;60;67;68;72;90;91;98;0;;"R$0,00";11;"R$39.305,42";192;"R$2.251,88";1746;"R$176,87";11117;"R$27,77";0;-;0;"R$0,00";"R$4.757.761,87";"R$7.015.774,00";"R$5.500.000,00";
967;16/09/2009;1;14;20;21;24;28;30;36;42;46;55;56;63;64;76;79;80;92;95;99;1;Teresina/PI;"R$5.441.633,75";9;"R$50.657,18";238;"R$1.915,61";2338;"R$139,28";15139;"R$21,51";0;-;0;"R$0,00";"R$0,00";"R$7.397.993,00";"R$700.000,00";"O PRÊMIO DE ZERO ACERTO NÃO TEVE GANHADOR E FICA ACUMULADO PARA 20 ACERTOS. COMUNICAMOS QUE OS SORTEIOS DE AMANHÃ, 17/09/2009, SERÃO REALIZADOS EM IGREJINHA/RS."
968;19/09/2009;1;3;7;8;16;19;23;25;41;45;48;49;61;68;70;74;78;81;91;97;2;"TANGARÁ/RN; ITAQUAQUECETUBA/SP";"R$341.872,10";18;"R$16.880,99";227;"R$1.338,58";2132;"R$101,80";12366;"R$17,55";0;-;0;"R$0,00";"R$0,00";"R$4.930.614,00";"R$600.000,00";
969;23/09/2009;5;13;20;25;29;35;36;41;47;51;56;57;60;72;73;74;82;85;91;99;0;;"R$0,00";5;"R$57.374,36";106;"R$2.706,34";1162;"R$176,34";7944;"R$25,79";0;-;0;"R$0,00";"R$725.672,58";"R$4.654.985,00";"R$1.300.000,00";
970;26/09/2009;2;6;7;8;9;14;17;21;26;32;37;39;46;48;57;68;77;80;88;92;2;"VÁRZEA ALEGRE/CE; ROSÁRIO DO SUL/RS";"R$594.817,53";27;"R$11.455,86";366;"R$1.207,29";2745;"R$80,48";14295;"R$15,45";0;-;4;"R$38.663,55";"R$0,00";"R$5.019.056,00";"R$450.000,00";"AS APOSTAS GANHADORAS DE ZERO ACERTO FORAM REALIZADAS NOS ESTADOS: SP,CE,MG E PR."
971;30/09/2009;5;8;10;11;22;23;26;27;32;44;54;59;61;63;64;67;70;79;84;94;0;;"R$0,00";5;"R$54.763,71";108;"R$2.535,36";1061;"R$184,33";7003;"R$27,92";0;-;0;"R$0,00";"R$547.637,14";"R$4.443.174,00";"R$1.000.000,00";
972;03/10/2009;0;1;3;8;17;20;23;24;32;34;50;53;55;58;62;77;84;85;92;94;2;"PIRACICABA/SP; SANTOS/SP";"R$512.576,69";25;"R$12.733,77";238;"R$1.337,58";2090;"R$108,79";12042;"R$18,88";0;-;0;"R$0,00";"R$0,00";"R$5.165.678,00";"R$600.000,00";
973;07/10/2009;6;9;19;28;30;32;38;42;55;65;72;80;82;86;87;88;91;92;95;98;0;;"R$0,00";21;"R$13.249,78";210;"R$1.324,98";1836;"R$108,24";10405;"R$19,10";0;-;0;"R$0,00";"R$715.662,65";"R$4.515.005,00";"R$1.000.000,00";
974;10/10/2009;1;10;17;23;24;25;26;27;29;36;45;49;55;56;61;66;78;80;87;96;0;;"R$0,00";11;"R$27.511,75";139;"R$2.177,19";1575;"R$137,24";10102;"R$21,39";0;-;1;"R$151.314,62";"R$1.169.606,46";"R$4.910.676,00";"R$1.600.000,00";Ganhador de zero acerto: Porto Alegre/RS.
975;14/10/2009;0;2;3;5;8;11;14;18;30;35;42;45;46;48;49;78;83;89;92;93;0;;"R$0,00";11;"R$24.849,46";160;"R$1.708,40";1517;"R$128,70";8622;"R$22,64";0;-;0;"R$0,00";"R$1.716.294,56";"R$4.435.474,00";"R$2.100.000,00";
976;17/10/2009;1;9;22;23;26;40;41;45;47;49;53;59;64;65;70;79;88;92;93;98;0;;"R$0,00";7;"R$46.208,23";144;"R$2.246,23";1317;"R$175,42";8276;"R$27,91";0;-;0;"R$0,00";"R$2.363.209,75";"R$5.248.652,00";"R$3.000.000,00";
977;21/10/2009;4;7;11;14;15;21;22;24;25;28;40;44;47;49;65;74;77;82;85;94;0;;"R$0,00";18;"R$17.769,51";286;"R$1.118,36";2441;"R$93,59";13825;"R$16,52";0;-;0;"R$0,00";"R$3.002.912,00";"R$5.190.131,00";"R$3.500.000,00";
978;24/10/2009;6;19;21;23;27;40;41;48;49;51;58;60;70;74;77;78;81;82;89;93;0;;"R$0,00";16;"R$21.443,99";188;"R$1.825,02";1598;"R$153,36";10230;"R$23,95";0;-;0;"R$0,00";"R$3.689.119,56";"R$5.567.445,00";"R$4.200.000,00";
979;28/10/2009;0;8;9;15;16;17;42;47;48;52;54;59;71;73;77;84;87;94;95;96;0;;"R$0,00";6;"R$57.854,32";134;"R$2.590,49";1437;"R$172,54";9506;"R$26,08";0;-;0;"R$0,00";"R$4.383.371,40";"R$5.632.711,00";"R$5.000.000,00";
980;31/10/2009;12;14;16;19;21;23;24;26;45;46;48;52;61;66;75;80;83;85;97;99;0;;"R$0,00";18;"R$22.801,32";268;"R$1.531,44";2476;"R$118,40";14279;"R$20,53";0;-;0;"R$0,00";"R$5.204.218,96";"R$6.659.827,00";"R$6.000.000,00";
981;04/11/2009;0;1;2;3;15;28;31;39;40;41;51;56;69;77;78;85;88;89;90;97;1;TAUBATÉ/SP;"R$5.808.665,02";13;"R$30.997,24";203;"R$1.985,04";1809;"R$159,11";10998;"R$26,17";0;-;0;"R$0,00";"R$0,00";"R$6.538.780,00";"R$500.000,00";
982;07/11/2009;2;3;10;13;16;18;26;28;32;38;40;42;44;46;48;66;73;75;77;83;3;"SALVADOR/BA; BOA VISTA/RR; SANTO ANDRÉ/SP";"R$211.639,64";34;"R$8.498,76";446;"R$925,55";4024;"R$51,29";15014;"R$13,74";0;-;1;"R$144.478,98";"R$0,00";"R$4.688.836,00";"R$500.000,00";O BILHETE GANHADOR DO PRÊMIO DE ZERO ACERTO FOI ADQUIRIDO EM SANTO ANDRÉ/SP.
983;11/11/2009;2;3;10;15;17;19;24;27;33;41;54;55;58;60;69;72;78;87;91;93;0;;"R$0,00";16;"R$17.077,60";232;"R$1.177,77";1960;"R$99,57";11138;"R$17,52";0;-;0;"R$0,00";"R$546.483,12";"R$4.433.811,00";"R$1.000.000,00";
984;14/11/2009;0;5;6;9;13;14;18;24;30;38;43;45;52;53;56;62;75;80;86;98;0;;"R$0,00";15;"R$19.733,53";213;"R$1.389,69";1646;"R$128,45";10115;"R$20,90";0;-;0;"R$0,00";"R$1.138.489,08";"R$4.803.154,00";"R$1.600.000,00";
985;18/11/2009;0;1;7;12;15;38;43;50;57;67;72;76;80;88;89;90;92;93;95;97;1;RECIFE/PE;"R$1.579.681,04";10;"R$29.412,80";165;"R$1.782,60";1496;"R$140,43";8941;"R$23,49";0;-;0;"R$0,00";"R$0,00";"R$4.772.729,00";"R$500.000,00";"ACUMULOU O VALOR DE R$ 147.064,01 DE ZERO ACERTO PARA O PRÓXIMO CONCURSO."
986;21/11/2009;16;18;21;23;26;31;34;38;41;43;49;52;57;62;63;68;83;88;91;92;2;"MANAUS/AM; PORTO SEGURO/BA";"R$266.266,05";15;"R$17.131,92";181;"R$1.419,77";1568;"R$117,06";9119;"R$20,12";0;-;0;"R$0,00";"R$0,00";"R$4.169.919,00";"R$500.000,00";
987;25/11/2009;11;15;20;21;32;36;38;39;40;52;60;64;66;68;77;80;87;88;90;98;0;;"R$0,00";8;"R$31.448,07";128;"R$1.965,51";1293;"R$138,98";8395;"R$21,40";0;-;1;"R$125.792,28";"R$505.866,19";"R$4.082.389,00";"R$1.000.000,00";A APOSTA GANHADORA DE ZERO ACERTO FOI REALIZADA EM SÃO PAULO/SP.
988;28/11/2009;2;5;6;11;15;21;30;44;49;50;51;54;64;67;70;73;85;89;92;99;0;;"R$0,00";9;"R$31.589,74";147;"R$1.934,07";1280;"R$158,65";8082;"R$25,12";0;-;0;"R$0,00";"R$1.074.481,45";"R$4.613.377,00";"R$1.600.000,00";
989;02/12/2009;0;9;10;32;39;44;47;48;54;63;66;71;72;76;80;87;89;91;95;96;0;;"R$0,00";7;"R$43.540,87";163;"R$1.869,85";1555;"R$140,00";9178;"R$23,72";0;-;0;"R$0,00";"R$1.684.053,65";"R$4.945.675,00";"R$2.200.000,00";
990;05/12/2009;6;7;14;25;27;30;31;43;46;48;56;64;65;70;73;81;83;88;89;99;1;Curitiba/PR;"R$2.180.613,50";12;"R$27.586,66";184;"R$1.799,13";1361;"R$173,73";8555;"R$27,63";0;-;0;"R$0,00";"R$0,00";"R$5.371.688,00";"R$600.000,00";
991;09/12/2009;6;8;10;16;18;22;26;28;47;48;58;61;65;66;67;68;72;78;92;97;0;;"R$0,00";15;"R$17.061,09";194;"R$1.319,15";1514;"R$120,73";8631;"R$21,17";0;-;0;"R$0,00";"R$677.352,67";"R$4.152.680,00";"R$1.200.000,00";
992;12/12/2009;6;8;15;18;24;27;36;40;46;52;55;63;74;76;80;81;86;87;90;97;0;;"R$0,00";7;"R$40.873,87";154;"R$1.857,90";1290;"R$158,42";8139;"R$25,10";0;-;1;"R$143.058,55";"R$1.106.528,25";"R$4.642.738,00";"R$1.500.000,00";A APOSTA GANHADORA DO PRÊMIO DE ZERO ACERTO É DA CIDADE DE CAMPOS DOS GOYTACAZES/RJ.
993;16/12/2009;0;4;8;9;16;22;38;42;43;46;49;50;57;58;59;64;69;70;75;84;0;;"R$0,00";9;"R$31.817,21";165;"R$1.735,49";1424;"R$143,63";8811;"R$23,21";0;-;0;"R$0,00";"R$1.679.237,98";"R$4.646.597,00";"R$2.200.000,00";
994;19/12/2009;0;4;7;15;18;19;20;31;36;41;42;46;60;63;77;83;84;95;98;99;0;;"R$0,00";7;"R$44.326,43";138;"R$2.248,45";1371;"R$161,65";8490;"R$26,10";0;-;0;"R$0,00";"R$2.299.808,09";"R$5.034.905,00";"R$2.800.000,00";
995;23/12/2009;0;3;13;17;19;33;36;37;43;47;66;70;72;75;76;78;80;87;91;99;0;;"R$0,00";14;"R$22.311,49";224;"R$1.394,47";2037;"R$109,53";11933;"R$18,69";0;-;0;"R$0,00";"R$2.924.529,75";"R$5.068.588,00";"R$3.300.000,00";
996;26/12/2009;1;2;3;4;10;23;29;38;50;51;54;59;60;61;71;72;74;83;90;91;0;;"R$0,00";10;"R$22.155,66";189;"R$1.172,26";1565;"R$101,12";8221;"R$19,25";0;-;0;"R$0,00";"R$3.367.642,78";"R$3.595.133,00";"R$3.700.000,00";
997;30/12/2009;0;3;4;8;29;33;36;38;41;48;50;57;59;60;66;82;86;87;88;90;0;;"R$0,00";13;"R$24.837,45";174;"R$1.855,67";1729;"R$133,39";10548;"R$21,86";0;-;0;"R$0,00";"R$4.013.416,51";"R$5.239.391,00";"R$4.400.000,00";
998;02/01/2010;1;5;18;21;22;30;34;35;39;43;47;51;54;56;57;80;88;89;92;99;0;;"R$0,00";9;"R$20.286,05";112;"R$1.630,13";915;"R$142,52";5444;"R$23,95";0;-;0;"R$0,00";"R$4.378.565,36";"R$2.962.582,00";"R$4.800.000,00";
999;06/01/2010;1;3;4;9;10;13;18;20;25;30;39;60;62;66;68;77;78;83;89;99;1;REGISTRO/SP;"R$4.958.654,45";20;"R$19.336,30";287;"R$1.347,48";2569;"R$107,52";15581;"R$17,72";0;-;0;"R$0,00";"R$0,00";"R$6.275.291,00";"R$600.000,00";"O VALOR DE R$ 193.363,06 DE ZERO ACERTO FICA ACUMULADO PARA O PRÊMIO PRINCIPAL DO PRÓXIMO CONCURSO.O SORTEIO DO CONCURSO Nº 1000 SERÁ REALIZADO NO DIA 11/01/2010, SEGUNDA-FEIRA."
1000;09/01/2010;3;12;15;25;26;30;34;37;38;40;41;43;49;50;53;62;63;64;70;95;1;BRASÍLIA/DF;"R$622.765,11";8;"R$35.783,51";151;"R$1.895,81";1488;"R$137,41";10092;"R$20,26";0;-;0;"R$0,00";"R$0,00";"R$4.645.188,00";"R$500.000,00";SORTEIO REALIZADO EM 11/01/2010.
1001;13/01/2010;3;8;11;16;19;23;25;34;35;36;37;42;47;58;64;67;68;88;92;97;0;;"R$0,00";17;"R$15.286,46";204;"R$1.273,87";1634;"R$113,59";9691;"R$19,15";0;-;0;"R$0,00";"R$662.873,60";"R$4.216.831,00";"R$1.000.000,00";
1002;16/01/2010;3;9;10;15;16;17;22;27;30;40;42;44;49;62;67;73;74;83;90;97;1;TELEMACO BORBA/PR;"R$1.100.420,47";8;"R$36.462,24";147;"R$1.984,34";1278;"R$163,03";8445;"R$24,67";0;-;0;"R$0,00";"R$0,00";"R$4.733.297,00";"R$500.000,00";
1003;20/01/2010;7;11;12;16;19;28;31;39;49;55;61;67;72;75;81;87;88;90;93;98;1;RIO DE JANEIRO/RJ;"R$523.015,38";9;"R$27.938,26";144;"R$1.746,14";1266;"R$141,86";7874;"R$22,80";0;-;0;"R$0,00";"R$0,00";"R$4.080.113,00";"R$500.000,00";"O Valor de R$125.722,15, de zero acerto, fica acumulado para vinte acertos no próximo concurso."
1004;23/01/2010;0;3;9;10;29;30;34;37;42;48;50;54;56;63;64;69;78;81;97;98;0;;"R$0,00";13;"R$20.443,70";141;"R$1.884,88";1385;"R$137,06";8181;"R$23,20";0;-;0;"R$0,00";"R$657.258,42";"R$4.312.542,00";"R$1.000.000,00";
1005;27/01/2010;3;5;8;15;17;29;33;34;36;47;59;65;68;72;77;78;87;90;93;97;1;BELO HORIZONTE/MG;"R$1.057.536,55";13;"R$20.527,08";203;"R$1.314,54";1634;"R$116,65";9938;"R$19,17";0;-;1;"R$133.426,05";"R$0,00";"R$4.330.131,00";"R$350.000,00";A APOSTA GANHADORA DE ZERO ACERTO FOI REALIZADA EM CORRENTE/PI
1006;30/01/2010;1;14;19;25;29;32;38;55;56;65;69;77;78;81;90;91;92;94;97;99;0;;"R$0,00";13;"R$20.313,93";135;"R$1.956,15";1349;"R$139,82";8228;"R$22,92";0;-;0;"R$0,00";"R$528.162,07";"R$4.285.166,00";"R$1.000.000,00";
1007;03/02/2010;2;4;8;15;16;20;24;33;37;53;55;58;70;72;74;79;81;87;88;99;0;;"R$0,00";19;"R$14.429,47";195;"R$1.405,95";1715;"R$114,18";9434;"R$20,75";0;-;0;"R$0,00";"R$1.076.481,79";"R$4.448.712,00";"R$1.600.000,00";
1008;06/02/2010;3;6;7;10;20;34;36;39;40;50;51;65;70;72;73;77;83;84;87;99;1;ITAQUI/RS;"R$1.528.167,47";6;"R$50.187,30";121;"R$2.488,63";1136;"R$189,33";7903;"R$27,21";0;-;0;"R$0,00";"R$0,00";"R$4.886.248,00";"R$500.000,00";"NESTE CONCURSO NÃO TEVE GANHADOR DE ZERO ACERTO, E O PRÊMIO FICA ACUMULADO PARA 20 ACERTOS DO PRÓXIMO CONCURSO."
1009;10/02/2010;10;11;14;33;36;37;38;40;50;52;54;56;65;66;67;70;78;86;89;98;0;;"R$0,00";12;"R$21.300,70";127;"R$2.012,67";1200;"R$152,14";7759;"R$23,53";0;-;1;"R$127.804,24";"R$533.974,59";"R$4.147.684,00";"R$1.000.000,00";A APOSTA GANHADORA DO PRÊMIO PARA ZERO ACERTO FOI REALIZADA EM SÃO PAULO/SP.
1010;13/02/2010;2;17;18;19;21;22;26;29;42;44;51;52;60;69;71;72;73;78;94;99;0;;"R$0,00";7;"R$37.559,20";126;"R$2.086,62";1299;"R$144,56";7921;"R$23,70";0;-;0;"R$0,00";"R$1.059.803,50";"R$4.266.236,00";"R$1.300.000,00";
1011;17/02/2010;2;3;4;12;15;16;17;21;25;30;47;50;54;55;60;71;78;90;92;93;0;;"R$0,00";5;"R$33.058,41";98;"R$1.686,65";862;"R$136,96";5253;"R$22,47";0;-;0;"R$0,00";"R$1.390.387,60";"R$2.682.146,00";"R$1.800.000,00";
1012;20/02/2010;0;4;7;9;11;13;42;44;45;50;53;59;65;67;70;74;81;89;90;97;1;SÃO PAULO/SP;"R$1.836.698,34";14;"R$21.252,89";231;"R$1.288,05";1891;"R$112,38";10694;"R$19,87";0;-;2;"R$74.385,14";"R$0,00";"R$4.828.103,00";"R$300.000,00";AS APOSTAS GANHADORAS DE ZERO ACERTO FORAM REALIZADAS EM SÃO PAULO/SP E EMBU/SP.
1013;24/02/2010;0;3;8;11;22;26;30;47;48;55;59;60;63;69;72;80;84;87;88;99;0;;"R$0,00";18;"R$13.560,63";199;"R$1.226,59";1613;"R$108,09";9750;"R$17,88";0;-;1;"R$122.045,67";"R$366.136,91";"R$3.960.798,00";"R$800.000,00";
1014;27/02/2010;1;5;9;11;12;17;18;27;32;33;37;38;39;58;60;61;72;75;91;96;0;;"R$0,00";9;"R$31.359,67";129;"R$2.187,88";1554;"R$129,72";9959;"R$20,24";0;-;0;"R$0,00";"R$930.610,97";"R$4.579.778,00";"R$1.400.000,00";
1015;03/03/2010;0;2;8;11;17;20;24;31;35;42;46;52;58;66;72;73;81;92;93;96;0;;"R$0,00";12;"R$24.632,63";199;"R$1.485,38";1654;"R$127,65";9893;"R$21,34";0;-;0;"R$0,00";"R$1.521.794,10";"R$4.796.478,00";"R$2.000.000,00";
1016;06/03/2010;1;4;5;6;8;11;20;23;29;36;49;50;57;62;70;76;77;86;87;90;0;;"R$0,00";7;"R$48.602,92";208;"R$1.635,67";1604;"R$151,50";9762;"R$24,89";0;-;0;"R$0,00";"R$2.202.234,86";"R$5.520.657,00";"R$2.800.000,00";
1017;10/03/2010;4;7;11;12;16;17;19;35;37;41;42;44;45;50;66;76;83;86;91;93;0;;"R$0,00";12;"R$28.351,12";203;"R$1.675,93";1767;"R$137,52";11334;"R$21,44";0;-;1;"R$170.106,75";"R$2.712.555,09";"R$5.520.545,00";"R$3.300.000,00";A APOSTA GANHADORA DO PRÊMIO PARA ZERO ACERTO FOI REALIZADA EM FORTALEZA/CE.
1018;13/03/2010;0;2;8;12;15;26;28;31;32;39;40;49;50;61;65;73;79;80;82;86;1;GUARULHOS/SP;"R$3.262.637,16";14;"R$26.194,38";166;"R$2.209,16";1543;"R$169,76";9606;"R$27,26";0;-;3;"R$61.120,24";"R$0,00";"R$5.950.681,00";"R$400.000,00";"AS APOSTAS GANHADORAS DE ZERO ACERTO FORAM REALIZADAS EM BELÉM/PA, GUARULHOS/SP E SÃO JOSÉ DOS CAMPOS/SP."
1019;17/03/2010;0;1;8;9;21;25;27;34;35;44;48;50;53;55;59;69;75;85;86;99;1;FORTALEZA/CE;"R$399.362,14";18;"R$14.791,19";178;"R$1.495,74";1566;"R$121,43";9588;"R$19,83";0;-;1;"R$133.120,73";"R$0,00";"R$4.320.222,00";"R$400.000,00";A APOSTA GANHADORA DE ZERO ACERTO FOI REALIZADA EM FORTALEZA/CE.
1020;20/03/2010;2;9;13;19;20;23;30;31;34;37;44;47;50;51;57;59;79;88;93;98;0;;"R$0,00";8;"R$34.058,93";168;"R$1.621,86";1532;"R$127,03";9062;"R$21,47";0;-;0;"R$0,00";"R$544.942,94";"R$4.421.315,00";"R$1.000.000,00";
1021;24/03/2010;1;2;8;19;23;25;26;27;33;40;41;42;45;50;52;69;74;85;89;96;0;;"R$0,00";10;"R$27.299,44";129;"R$2.116,24";1250;"R$155,99";7915;"R$24,63";0;-;0;"R$0,00";"R$1.090.931,69";"R$4.429.800,00";"R$1.500.000,00";
1022;27/03/2010;3;6;13;15;28;29;31;41;42;46;48;53;55;60;62;74;78;79;80;89;0;;"R$0,00";9;"R$32.879,96";141;"R$2.098,72";1375;"R$153,72";8375;"R$25,23";0;-;0;"R$0,00";"R$1.682.771,01";"R$4.801.802,00";"R$2.200.000,00";
1023;31/03/2010;6;13;18;19;25;32;39;48;49;59;69;70;73;75;76;79;80;90;93;95;0;;"R$0,00";11;"R$27.477,92";114;"R$2.651,38";1186;"R$182,03";7876;"R$27,41";0;-;1;"R$151.128,62";"R$2.136.156,76";"R$4.904.639,00";"R$2.600.000,00";A APOSTA GANHADORA DE ZERO ACERTO FOI REALIZADA EM GOIÂNIA/GO.
1024;03/04/2010;4;6;13;16;20;21;26;38;40;41;45;49;51;55;69;74;91;97;98;99;0;;"R$0,00";11;"R$25.023,12";144;"R$1.911,49";1305;"R$150,65";8115;"R$24,22";0;-;0;"R$0,00";"R$2.686.665,46";"R$4.466.472,00";"R$3.000.000,00";
1025;07/04/2010;6;16;21;27;30;32;36;38;40;43;49;54;68;71;77;82;85;87;90;92;1;RIO DE JANEIRO/RJ;"R$3.199.801,13";18;"R$19.005,03";352;"R$1.388,35";2529;"R$96,61";12677;"R$19,27";0;-;3;"R$57.015,08";"R$0,00";"R$5.551.002,00";"R$400.000,00";"AS APOSTAS GANHADORAS DE ZERO ACERTO FORAM REALIZADAS EM: ANGRA DOS REIS/RJ, RECIFE/PE E SÃO PAULO/SP."
1026;10/04/2010;2;9;10;11;25;26;32;43;44;45;47;51;53;56;64;69;77;78;80;93;0;;"R$0,00";10;"R$28.481,28";166;"R$1.715,74";1499;"R$135,71";9220;"R$22,06";0;-;0;"R$0,00";"R$569.625,46";"R$4.621.573,00";"R$1.000.000,00";
1027;14/04/2010;5;7;10;11;15;21;24;30;31;38;44;47;48;56;68;73;74;78;91;95;0;;"R$0,00";12;"R$23.813,56";145;"R$1.970,78";1452;"R$140,57";8943;"R$22,82";0;-;0;"R$0,00";"R$1.141.150,98";"R$4.636.989,00";"R$1.700.000,00";
1028;17/04/2010;1;6;8;15;19;20;29;35;40;44;56;62;66;72;74;75;76;81;82;95;0;;"R$0,00";9;"R$34.724,47";129;"R$2.422,64";1245;"R$179,30";8027;"R$27,80";0;-;0;"R$0,00";"R$1.766.191,50";"R$5.071.175,00";"R$2.400.000,00";
1029;22/04/2010;3;5;6;14;16;21;27;29;34;44;48;59;74;76;81;85;93;94;95;98;0;;"R$0,00";12;"R$22.330,12";167;"R$1.604,56";1463;"R$130,82";8847;"R$21,63";0;-;1;"R$133.980,70";"R$2.168.133,55";"R$4.348.131,00";"R$2.700.000,00";O GANHADOR DE ZERO ACERTO É DE ITABUNA/BA.
1030;24/04/2010;0;2;13;17;39;45;47;49;53;60;63;64;74;78;83;86;89;90;91;92;2;"SANTO ANTÔNIO DE JESUS/BA; SÃO CAETANO DO SUL/SP";"R$1.298.489,92";14;"R$20.421,25";206;"R$1.387,85";1673;"R$122,06";9921;"R$20,58";0;-;0;"R$0,00";"R$0,00";"R$4.639.176,00";"R$400.000,00";
1031;28/04/2010;0;9;15;19;22;25;27;32;37;40;41;44;45;65;74;82;83;87;88;91;0;;"R$0,00";6;"R$41.824,93";161;"R$1.558,69";1422;"R$126,05";8626;"R$20,78";0;-;0;"R$0,00";"R$644.847,98";"R$4.072.086,00";"R$1.000.000,00";"DEVIDO AO FERIADO DE 1º DE MAIO, O CONCURSO 1032 FOI ANTECIPADO PARA SEXTA-FEIRA, DIA 30/04/2010."
1032;30/04/2010;0;2;7;9;11;12;17;21;22;31;55;64;73;77;79;84;87;94;97;99;0;;"R$0,00";12;"R$17.179,11";229;"R$1.286,02";1535;"R$95,92";9206;"R$15,99";0;-;0;"R$0,00";"R$1.057.146,63";"R$3.345.125,00";"R$1.500.000,00";
1033;05/05/2010;1;4;8;9;10;20;33;36;38;41;51;54;55;57;61;67;71;87;89;94;1;GOIÂNIA/GO;"R$1.524.912,66";8;"R$38.980,51";203;"R$1.536,18";1849;"R$120,46";10485;"R$21,24";0;-;0;"R$0,00";"R$0,00";"R$5.060.202,00";"R$600.000,00";"NESTE CONCURSO NÃO HOUVE GANHADOR DE ZERO ACERTO, PORTANTO O PRÊMIO FICA ACUMULADO PARA O PRÓXIMO CONCURSO."
1034;08/05/2010;0;3;4;8;9;12;24;29;34;36;43;54;58;60;61;64;79;80;87;90;1;ITAGUAÍ/RJ;"R$574.799,31";18;"R$15.513,97";188;"R$1.485,38";1471;"R$135,59";8713;"R$22,89";0;-;0;"R$0,00";"R$0,00";"R$4.531.333,00";"R$500.000,00";
1035;12/05/2010;0;3;5;8;14;26;29;30;35;39;46;47;66;69;71;73;81;82;85;92;0;;"R$0,00";5;"R$52.298,54";137;"R$1.908,71";1272;"R$146,84";7757;"R$24,07";0;-;0;"R$0,00";"R$662.611,20";"R$4.243.166,00";"R$1.200.000,00";
1036;15/05/2010;1;6;12;18;20;34;36;37;40;42;49;60;62;63;69;71;78;80;86;93;0;;"R$0,00";9;"R$32.252,19";184;"R$1.577,55";1677;"R$123,63";9345;"R$22,18";0;-;0;"R$0,00";"R$1.243.150,64";"R$4.710.122,00";"R$1.800.000,00";
1037;19/05/2010;5;7;10;13;21;26;29;32;41;46;47;49;50;59;62;69;72;75;94;96;0;;"R$0,00";14;"R$20.929,02";173;"R$1.693,68";1578;"R$132,63";9387;"R$22,29";0;-;0;"R$0,00";"R$1.829.163,15";"R$4.754.527,00";"R$2.300.000,00";
1038;22/05/2010;0;3;6;7;10;17;18;21;22;23;35;36;39;57;64;67;82;84;85;98;0;;"R$0,00";13;"R$24.517,46";269;"R$1.184,86";1748;"R$130,24";10287;"R$22,13";0;-;0;"R$0,00";"R$2.466.617,15";"R$5.171.890,00";"R$3.000.000,00";
1039;26/05/2010;2;6;10;12;17;22;23;26;31;36;38;48;54;60;73;79;81;82;86;95;0;;"R$0,00";7;"R$46.190,31";165;"R$1.959,59";1439;"R$160,49";9414;"R$24,53";0;-;0;"R$0,00";"R$3.113.281,51";"R$5.246.617,00";"R$3.800.000,00";
1040;29/05/2010;5;7;9;15;17;22;26;37;44;46;61;68;70;71;72;74;79;83;86;95;0;;"R$0,00";22;"R$16.100,91";298;"R$1.188,66";2377;"R$106,44";13346;"R$18,95";0;-;2;"R$88.554,97";"R$3.644.611,35";"R$5.747.823,00";"R$4.300.000,00";AS APOSTAS GANHADORAS DE ZERO ACERTO FORAM REALIZADAS EM CURITIBA/PR E IPUBI/PE.
1041;02/06/2010;4;11;19;22;25;29;38;40;42;44;52;53;55;59;79;81;84;90;93;95;0;;"R$0,00";21;"R$18.658,23";291;"R$1.346,47";2672;"R$104,74";14314;"R$19,55";0;-;0;"R$0,00";"R$4.428.256,92";"R$6.357.994,00";"R$5.000.000,00";
1042;05/06/2010;5;10;11;12;14;15;20;25;34;35;42;45;48;60;64;65;73;86;89;92;0;;"R$0,00";12;"R$31.962,81";222;"R$1.727,72";2222;"R$123,29";13223;"R$20,71";0;-;2;"R$95.888,43";"R$5.003.587,46";"R$6.223.814,00";"R$5.600.000,00";OS GANHADORES DE ZERO ACERTO SÃO DE GOIÂNIA/GO E MARIALVA/PR.
1043;09/06/2010;0;3;4;11;16;17;28;31;38;41;44;48;49;55;59;72;90;91;94;96;1;PAULO AFONSO/BA;"R$5.683.724,01";12;"R$37.785,37";246;"R$1.843,19";2478;"R$130,69";15933;"R$20,32";0;-;1;"R$226.712,22";"R$0,00";"R$7.357.585,00";"R$500.000,00";A APOSTA GANHADORA DE ZERO ACERTO FOI REALIZADA EM SANTO ANDRÉ/SP.
1044;12/06/2010;6;7;11;22;23;25;29;31;37;41;44;46;49;55;61;77;80;81;82;98;0;;"R$0,00";11;"R$24.989,19";180;"R$1.527,12";1849;"R$106,18";11318;"R$17,34";0;-;0;"R$0,00";"R$549.762,27";"R$4.460.416,00";"R$1.000.000,00";
1045;16/06/2010;8;11;14;20;25;27;28;32;37;44;47;48;58;76;79;80;90;95;97;99;1;BELO HORIZONTE/MG;"R$951.073,97";7;"R$38.220,17";129;"R$2.073,96";1216;"R$157,15";7839;"R$24,37";0;-;0;"R$0,00";"R$0,00";"R$4.341.312,00";"R$500.000,00";
1046;19/06/2010;13;17;23;30;31;34;36;37;38;47;53;58;60;63;70;76;77;88;89;93;2;SÃO PAULO/SP;"R$267.055,51";15;"R$17.792,91";149;"R$1.791,23";1292;"R$147,55";7964;"R$23,93";0;-;1;"R$133.446,84";"R$0,00";"R$4.330.805,00";"R$400.000,00";O GANHADOR DE ZERO ACERTO É DE SÃO PAULO/SP.
1047;23/06/2010;15;27;29;31;32;34;38;40;41;50;53;55;69;73;76;88;90;91;96;97;0;;"R$0,00";9;"R$27.145,88";129;"R$1.893,90";1261;"R$138,38";7584;"R$23,01";0;-;0;"R$0,00";"R$488.625,79";"R$3.964.394,00";"R$1.000.000,00";
1048;26/06/2010;3;11;16;26;34;37;41;42;45;47;51;52;56;63;76;78;86;89;95;99;0;;"R$0,00";6;"R$41.750,66";120;"R$2.087,54";1273;"R$140,55";8017;"R$22,31";0;-;0;"R$0,00";"R$989.633,73";"R$4.064.855,00";"R$1.500.000,00";
1049;30/06/2010;0;3;7;13;14;18;22;31;41;42;48;51;58;67;70;76;80;85;89;95;0;;"R$0,00";7;"R$37.512,59";135;"R$1.945,10";1202;"R$156,04";7509;"R$24,97";0;-;0;"R$0,00";"R$1.514.809,99";"R$4.260.941,00";"R$2.000.000,00";
1050;03/07/2010;1;2;3;4;6;17;19;28;33;43;47;53;54;69;71;78;84;86;89;97;0;;"R$0,00";9;"R$31.283,28";148;"R$1.902,36";1508;"R$133,35";9025;"R$22,28";0;-;0;"R$0,00";"R$2.077.908,92";"R$4.568.621,00";"R$2.500.000,00";
1051;07/07/2010;0;22;37;43;44;48;54;55;61;67;68;72;79;84;87;91;93;97;98;99;1;JABOATÃO DOS GUARARAPES/PE;"R$2.558.462,57";24;"R$13.348,71";322;"R$1.421,33";2633;"R$86,91";13782;"R$16,60";0;-;0;"R$0,00";"R$0,00";"R$5.198.536,00";"R$600.000,00";"O VALOR ACUMULADO DE R$ 160.184,56 REFERE-SE AO PRÊMIO DE ZERO ACERTO."
1052;10/07/2010;0;2;3;6;16;23;29;34;35;39;40;53;57;60;66;68;79;90;92;97;0;;"R$0,00";12;"R$22.529,26";134;"R$2.017,54";1185;"R$162,96";7358;"R$26,24";0;-;1;"R$135.175,56";"R$565.711,16";"R$4.386.908,00";"R$1.000.000,00";A APOSTA GANHADORA DO PRÊMIO DE ZERO ACERTO FOI REALIZADA EM SALVADOR/BA.
1053;14/07/2010;1;2;3;6;7;9;13;23;26;29;34;43;55;60;66;68;81;86;87;97;2;"JEQUITINHONHA/MG; RIO DE JANEIRO/RJ";"R$490.587,12";31;"R$8.934,69";404;"R$979,40";3248;"R$60,91";15343;"R$12,89";0;-;1;"R$138.487,72";"R$0,00";"R$4.494.399,00";"R$400.000,00";A APOSTA GANHADORA DE ZERO ACERTO FOI REALIZADA EM TUBARÃO/SC.
1054;17/07/2010;4;5;10;14;17;18;21;24;34;40;41;45;47;49;57;77;79;87;98;99;1;BRASÍLIA/DF;"R$397.140,80";15;"R$17.650,70";167;"R$1.585,39";1506;"R$125,57";9162;"R$20,64";0;-;0;"R$0,00";"R$0,00";"R$4.296.192,00";"R$500.000,00";
1055;21/07/2010;3;5;7;13;14;16;23;28;36;38;58;63;70;72;85;86;87;96;97;98;0;;"R$0,00";15;"R$17.277,90";191;"R$1.356,91";1758;"R$105,30";9983;"R$18,54";0;-;0;"R$0,00";"R$650.717,33";"R$4.205.452,00";"R$1.000.000,00";
1056;24/07/2010;1;2;6;8;13;19;23;26;30;31;36;46;66;67;71;84;86;89;95;98;0;;"R$0,00";14;"R$19.973,59";185;"R$1.511,51";1688;"R$118,32";9892;"R$20,19";0;-;1;"R$139.815,19";"R$1.070.162,83";"R$4.537.480,00";"R$1.500.000,00";A APOSTA GANHADORA DE ZERO ACERTO FOI REALIZADA NO RIO DE JANEIRO/RJ.
1057;28/07/2010;12;21;23;34;35;37;38;41;44;57;62;65;68;81;83;84;86;90;93;96;0;;"R$0,00";10;"R$28.108,29";148;"R$1.899,21";1322;"R$151,87";8101;"R$24,78";0;-;0;"R$0,00";"R$1.632.328,72";"R$4.561.051,00";"R$2.200.000,00";
1058;31/07/2010;5;8;12;27;28;34;38;43;45;47;51;53;54;55;58;66;79;86;98;99;0;;"R$0,00";19;"R$15.986,37";281;"R$1.080,93";2297;"R$94,45";12994;"R$16,69";0;-;0;"R$0,00";"R$2.239.811,03";"R$4.928.719,00";"R$3.000.000,00";
1059;04/08/2010;4;5;15;30;38;39;41;48;52;53;57;58;63;65;78;85;88;92;95;97;0;;"R$0,00";10;"R$32.507,93";143;"R$2.273,28";1377;"R$168,62";8771;"R$26,47";0;-;0;"R$0,00";"R$2.889.969,65";"R$5.274.967,00";"R$3.500.000,00";
1060;07/08/2010;2;3;13;19;26;29;30;32;37;39;41;42;67;69;70;74;78;81;82;95;0;;"R$0,00";20;"R$17.523,06";196;"R$1.788,07";2102;"R$119,09";10867;"R$23,03";0;-;1;"R$175.230,62";"R$3.415.661,48";"R$5.686.832,00";"R$4.000.000,00";A APOSTA GANHADORA DE ZERO ACERTO FOI REALIZADA EM ITABAIANA/SE.
1061;11/08/2010;2;7;16;20;25;26;30;39;43;48;51;53;65;70;71;72;82;90;91;94;1;SÃO PAULO/SP;"R$3.957.453,88";20;"R$18.059,75";162;"R$2.229,60";1504;"R$171,54";9063;"R$28,46";0;-;0;"R$0,00";"R$0,00";"R$5.861.005,00";"R$600.000,00";"NESTE CONCURSO NÃO TEVE GANHADOR DE ZERO ACERTO. PORTANTO, O PRÊMIO de R$ 180.597,49 FICA ACUMULADO PARA 20 ACERTOS NO PRÓXIMO CONCURSO."
1062;14/08/2010;3;4;8;12;17;19;20;29;30;38;47;48;53;64;73;75;76;88;95;99;0;;"R$0,00";5;"R$55.973,89";166;"R$1.685,96";1511;"R$132,30";9501;"R$21,04";0;-;0;"R$0,00";"R$740.336,41";"R$4.541.360,00";"R$1.200.000,00";
1063;18/08/2010;2;6;11;21;31;35;36;37;48;53;54;64;65;73;74;85;86;87;91;97;0;;"R$0,00";3;"R$94.956,35";132;"R$2.158,10";1120;"R$181,67";7174;"R$28,36";0;-;0;"R$0,00";"R$1.310.074,51";"R$4.622.487,00";"R$1.800.000,00";
1064;21/08/2010;1;2;8;9;15;32;46;48;50;53;55;56;66;68;79;85;87;91;92;93;0;;"R$0,00";6;"R$51.066,10";183;"R$1.674,30";1469;"R$148,98";9539;"R$22,94";0;-;0;"R$0,00";"R$1.922.867,67";"R$4.971.808,00";"R$2.500.000,00";
1065;25/08/2010;7;18;19;21;23;24;31;33;42;45;47;53;58;76;78;81;84;85;89;96;1;FORMOSA/GO;"R$2.387.638,63";12;"R$25.820,61";197;"R$1.572,83";1793;"R$123,43";10810;"R$20,47";0;-;1;"R$154.923,68";"R$0,00";"R$5.027.802,00";"R$400.000,00";A APOSTA GANHADORA DE ZERO ACERTO FOI REALIZADA EM FORMOSA/GO.
1066;28/08/2010;3;19;34;39;43;44;48;59;61;63;64;70;73;74;77;79;85;89;91;95;1;NOVO HAMBURGO/RS;"R$398.062,89";5;"R$53.075,05";204;"R$1.300,86";1489;"R$127,30";9308;"R$20,36";0;-;0;"R$0,00";"R$0,00";"R$4.306.167,00";"R$600.000,00";
1067;01/09/2010;0;6;9;11;12;15;43;45;46;55;57;58;60;67;75;79;80;86;87;93;1;SANTANA DE PARNAÍBA/SP;"R$534.637,74";14;"R$19.140,48";137;"R$1.955,97";1251;"R$153,00";7844;"R$24,40";0;-;1;"R$133.983,39";"R$0,00";"R$4.348.218,00";"R$400.000,00";A APOSTA GANHADORA DE ZERO ACERTO FOI REALIZADA EM SANTANA DE PARNAÍBA/SP.
1068;04/09/2010;0;2;9;24;28;32;34;36;44;51;52;55;60;67;72;75;84;85;86;97;0;;"R$0,00";11;"R$26.581,75";133;"R$2.198,49";1501;"R$139,14";9032;"R$23,12";0;-;1;"R$146.199,64";"R$438.598,84";"R$4.744.677,00";"R$1.000.000,00";A APOSTA GANHADORA DE ZERO ACERTO FOI REALIZADA EM GASPAR/SC.
1069;08/09/2010;10;13;14;17;19;28;33;34;41;42;51;58;70;75;77;78;86;91;92;93;0;;"R$0,00";10;"R$23.355,88";102;"R$2.289,80";1075;"R$155,18";6969;"R$23,93";0;-;0;"R$0,00";"R$905.716,49";"R$3.789.891,00";"R$1.300.000,00";
1070;11/09/2010;5;7;10;12;15;30;39;42;51;54;61;62;71;73;76;83;84;88;96;98;0;;"R$0,00";9;"R$34.320,14";140;"R$2.206,30";1312;"R$168,16";7927;"R$27,83";0;-;1;"R$154.440,68";"R$1.369.038,45";"R$5.012.127,00";"R$1.900.000,00";A APOSTA GANHADORA DE ZERO ACERTO FOI REALIZADA EM SÃO PAULO/SP.
1071;15/09/2010;1;17;22;23;30;42;45;46;50;61;62;63;72;74;79;81;83;84;97;98;0;;"R$0,00";11;"R$28.045,58";127;"R$2.429,14";1359;"R$162,14";8463;"R$26,03";0;-;0;"R$0,00";"R$1.986.041,24";"R$5.005.962,00";"R$2.500.000,00";
1072;18/09/2010;7;10;15;18;21;39;41;42;43;46;49;55;64;67;68;75;81;84;86;92;0;;"R$0,00";5;"R$66.822,40";200;"R$1.670,56";1774;"R$134,52";10697;"R$22,31";0;-;0;"R$0,00";"R$2.654.265,24";"R$5.421.538,00";"R$3.200.000,00";
1073;22/09/2010;0;7;12;13;14;21;24;27;29;32;35;49;53;54;58;64;67;70;73;86;1;AREIÓPOLIS/SP;"R$3.169.275,13";27;"R$12.716,30";271;"R$1.266,94";2431;"R$100,88";13648;"R$17,96";0;-;1;"R$171.669,99";"R$0,00";"R$5.571.277,00";"R$400.000,00";A APOSTA GANHADORA DE ZERO ACERTO FOI REALIZADA EM AREIÓPOLIS/SP.
1074;25/09/2010;4;7;10;12;17;27;28;32;40;41;44;47;49;58;59;66;69;75;89;92;0;;"R$0,00";12;"R$22.546,54";211;"R$1.282,27";1721;"R$112,29";10203;"R$18,94";0;-;0;"R$0,00";"R$541.117,02";"R$4.390.274,00";"R$1.000.000,00";
1075;29/09/2010;3;7;10;13;15;25;27;35;38;50;57;62;63;68;70;71;75;80;83;98;1;IBIRAPITANGA/BA;"R$966.731,43";19;"R$14.933,84";246;"R$1.153,43";1945;"R$104,20";11401;"R$17,77";0;-;3;"R$47.290,50";"R$0,00";"R$4.604.214,00";"R$400.000,00";"A APOSTAS GANHADORAS DE ZERO ACERTO FORAM REALIZADAS EM IBIRAPITANGA/BA, SÃO JOSÉ DO RIO PRETO/SP E SÃO PAULO/SP."
1076;02/10/2010;0;4;7;19;27;33;35;38;40;48;53;65;74;75;82;83;84;86;88;95;1;RECIFE/PE;"R$415.261,94";14;"R$19.774,38";157;"R$1.763,32";1651;"R$119,77";9686;"R$20,41";0;-;0;"R$0,00";"R$0,00";"R$4.492.223,00";"R$500.000,00";
1077;06/10/2010;2;6;11;15;17;33;38;40;47;52;63;70;71;75;76;77;81;88;92;98;0;;"R$0,00";16;"R$16.974,05";161;"R$1.686,86";1559;"R$124,43";8933;"R$21,71";0;-;0;"R$0,00";"R$681.590,23";"R$4.406.927,00";"R$1.200.000,00";
1078;09/10/2010;5;6;10;15;16;18;20;23;37;41;44;48;50;52;54;56;67;68;71;74;0;;"R$0,00";22;"R$13.125,28";220;"R$1.312,53";1880;"R$109,70";10607;"R$19,44";0;-;0;"R$0,00";"R$1.259.102,79";"R$4.685.564,00";"R$1.800.000,00";
1079;13/10/2010;1;4;9;12;13;28;32;42;44;54;69;75;77;78;79;83;84;92;93;94;0;;"R$0,00";8;"R$32.341,08";116;"R$2.230,42";1422;"R$129,96";7738;"R$23,88";0;-;0;"R$0,00";"R$1.776.560,05";"R$4.198.314,00";"R$2.300.000,00";
1080;16/10/2010;4;15;34;37;41;49;51;61;63;67;68;69;70;71;72;81;84;86;97;99;0;;"R$0,00";12;"R$27.137,84";198;"R$1.644,72";1644;"R$141,49";9990;"R$23,28";0;-;1;"R$162.827,07";"R$2.265.041,18";"R$5.284.294,00";"R$2.800.000,00";A APOSTA GANHADORA DE ZERO ACERTO FOI REALIZADA EM MURITIBA/BA.
1081;20/10/2010;11;19;23;24;25;29;31;35;36;39;42;45;47;54;58;62;73;74;89;98;4;"GOIÂNIA/GO; SÃO PAULO/SP";"R$685.214,23";61;"R$5.200,17";481;"R$942,11";3521;"R$64,35";17933;"R$12,63";0;-;1;"R$158.605,26";"R$0,00";"R$5.147.282,00";"R$400.000,00";A APOSTA GANHADORA DE ZERO ACERTO FOI REALIZADA EM CAMPO GRANDE/MS.
1082;23/10/2010;1;3;9;21;25;29;39;48;51;60;66;67;68;76;78;81;84;94;96;99;0;;"R$0,00";10;"R$27.231,18";119;"R$2.288,33";1183;"R$164,41";7050;"R$27,58";0;-;0;"R$0,00";"R$544.623,59";"R$4.418.724,00";"R$1.100.000,00";
1083;27/10/2010;0;2;13;21;22;25;39;40;48;49;54;61;63;64;67;72;80;84;85;92;1;LUCAS DO RIO VERDE/MT;"R$958.959,28";12;"R$23.018,65";109;"R$2.534,17";1173;"R$168,20";7311;"R$26,98";0;-;0;"R$0,00";"R$0,00";"R$4.482.203,00";"R$500.000,00";
1084;30/10/2010;11;26;35;38;42;45;46;52;53;56;57;59;64;72;75;77;81;85;91;93;0;;"R$0,00";17;"R$15.711,61";260;"R$1.467,56";1935;"R$98,59";11017;"R$17,31";0;-;0;"R$0,00";"R$672.306,65";"R$4.334.111,00";"R$1.000.000,00";
1085;03/11/2010;7;9;11;17;27;33;34;38;42;44;56;61;63;64;82;83;86;92;93;96;0;;"R$0,00";6;"R$40.879,13";130;"R$1.886,73";1259;"R$139,15";7791;"R$22,48";0;-;0;"R$0,00";"R$1.162.856,17";"R$3.980.002,00";"R$1.600.000,00";
1086;06/11/2010;3;15;16;19;20;25;27;38;44;57;58;66;69;72;74;78;83;96;98;99;1;CRUZ ALTA/RS;"R$1.639.943,87";19;"R$16.739,92";241;"R$1.319,74";2225;"R$102,10";13063;"R$17,39";0;-;1;"R$159.029,25";"R$0,00";"R$5.161.042,00";"R$400.000,00";A APOSTA GANHADORA DE ZERO ACERTO FOI REALIZADA EM CRUZ ALTA/RS
1087;10/11/2010;5;7;16;19;26;30;40;41;45;46;52;55;57;62;72;76;87;89;90;91;1;OURINHOS/SP;"R$397.655,23";11;"R$24.100,32";128;"R$2.071,12";1160;"R$163,24";7613;"R$24,87";0;-;1;"R$132.551,76";"R$0,00";"R$4.301.757,00";"R$400.000,00";A APOSTA GANHADORA DE ZERO ACERTO FOI REALIZADA EM OURINHOS/SP
1088;13/11/2010;0;1;7;19;21;29;35;38;40;42;43;47;56;57;58;61;80;84;92;95;0;;"R$0,00";14;"R$19.156,88";154;"R$1.741,53";1318;"R$145,34";8159;"R$23,47";0;-;0;"R$0,00";"R$536.392,72";"R$4.351.944,00";"R$1.000.000,00";
1089;17/11/2010;4;7;22;28;34;35;38;43;49;55;61;64;74;76;83;84;85;89;93;99;0;;"R$0,00";7;"R$34.794,44";140;"R$1.739,72";1289;"R$134,96";8162;"R$21,31";0;-;0;"R$0,00";"R$1.023.514,80";"R$3.952.194,00";"R$1.400.000,00";
1090;20/11/2010;0;1;3;8;9;16;19;28;35;47;50;51;59;61;63;68;82;89;92;94;1;GUAÍBA/RS;"R$1.434.761,78";11;"R$24.924,06";168;"R$1.631,94";1481;"R$132,22";8362;"R$23,41";0;-;0;"R$0,00";"R$0,00";"R$4.448.790,00";"R$500.000,00";
1091;24/11/2010;27;28;42;44;53;54;57;59;61;63;65;74;78;79;80;83;86;87;95;96;1;RIO DE JANEIRO/RJ;"R$508.259,65";26;"R$9.517,37";306;"R$1.155,23";2263;"R$78,10";27586;"R$6,40";0;-;0;"R$0,00";"R$0,00";"R$4.015.324,00";"R$500.000,00";
1092;27/11/2010;2;5;6;14;22;27;29;46;47;48;49;52;54;55;58;68;75;79;87;90;0;;"R$0,00";21;"R$12.198,23";134;"R$1.911,66";1389;"R$131,73";8767;"R$20,87";0;-;0;"R$0,00";"R$636.051,53";"R$4.156.680,00";"R$1.000.000,00";
1093;01/12/2010;1;2;8;21;25;39;43;44;60;63;69;73;77;78;82;83;87;93;98;99;0;;"R$0,00";13;"R$21.287,16";150;"R$1.844,89";1283;"R$154,06";7752;"R$25,49";0;-;0;"R$0,00";"R$1.189.517,56";"R$4.490.466,00";"R$1.700.000,00";
1094;04/12/2010;5;15;20;23;25;29;45;49;50;57;64;65;67;73;77;78;79;84;85;88;0;;"R$0,00";22;"R$14.199,75";237;"R$1.318,12";2056;"R$108,53";11853;"R$18,82";0;-;1;"R$156.197,26";"R$1.658.109,26";"R$5.069.134,00";"R$2.200.000,00";A APOSTA GANHADORA DE ZERO ACERTO FOI REALIZADA EM SÃO BERNARDO DO CAMPO/SP.
1095;08/12/2010;9;13;21;23;26;32;34;35;44;50;51;56;64;66;73;75;81;86;89;92;0;;"R$0,00";18;"R$16.854,31";236;"R$1.285,50";2102;"R$103,09";11561;"R$18,74";0;-;1;"R$151.688,81";"R$2.113.175,67";"R$4.922.820,00";"R$2.600.000,00";A APOSTA GANHADORA DE ZERO ACERTO FOI REALIZADA EM JARDIM ALEGRE/PR.
1096;11/12/2010;0;4;5;6;8;9;10;12;27;40;46;48;50;58;65;66;76;86;90;99;0;;"R$0,00";13;"R$26.141,95";254;"R$1.337,98";2186;"R$111,04";14210;"R$17,08";0;-;1;"R$169.922,72";"R$2.622.943,75";"R$5.514.572,00";"R$3.200.000,00";A APOSTA GANHADORA DE ZERO ACERTO FOI REALIZADA EM FEIRA DE SANTANA/BA.
1097;15/12/2010;1;9;10;13;20;21;37;39;40;41;44;51;61;65;78;79;89;91;92;97;0;;"R$0,00";20;"R$17.284,77";270;"R$1.280,35";2277;"R$108,44";13405;"R$18,42";0;-;1;"R$172.847,71";"R$3.141.486,79";"R$5.609.498,00";"R$3.750.000,00";A APOSTA GANHADORA DE ZERO ACERTO FOI REALIZADA EM MANAUS/AM.
1098;18/12/2010;1;4;6;10;17;29;32;37;42;45;46;53;67;68;71;82;87;91;94;95;0;;"R$0,00";8;"R$45.567,30";234;"R$1.557,85";1856;"R$140,29";11548;"R$22,54";0;-;1;"R$182.269,21";"R$3.688.294,36";"R$5.915.258,00";"R$4.400.000,00";A APOSTA GANHADORA DE ZERO ACERTO FOI REALIZADA EM SÃO PAULO/SP.
1099;22/12/2010;0;2;4;7;10;13;14;16;17;23;33;37;38;48;54;59;64;73;79;81;1;Aracaju/SE;"R$4.227.935,58";16;"R$22.485,05";231;"R$1.557,41";2153;"R$119,35";13113;"R$19,59";0;-;0;"R$0,00";"R$0,00";"R$5.837.734,00";"R$400.000,00";
1100;24/12/2010;3;7;13;15;26;28;31;32;33;36;37;44;52;60;68;70;73;76;96;98;0;;"R$0,00";7;"R$23.447,44";91;"R$1.803,65";852;"R$137,60";5128;"R$22,86";0;-;0;"R$0,00";"R$508.144,54";"R$2.663.323,00";"R$850.000,00";
1101;29/12/2010;10;21;22;23;26;27;31;33;46;47;48;56;57;64;70;73;84;87;94;98;0;;"R$0,00";7;"R$41.161,73";107;"R$2.692,83";1155;"R$178,18";7181;"R$28,66";0;-;0;"R$0,00";"R$1.084.408,79";"R$4.675.436,00";"R$1.400.000,00";
1102;31/12/2010;1;12;14;15;21;25;30;33;40;51;56;57;60;64;70;75;80;82;89;99;0;;"R$0,00";7;"R$25.823,17";94;"R$1.923,00";967;"R$133,52";5522;"R$23,38";0;-;0;"R$0,00";"R$1.445.933,26";"R$2.933.176,00";"R$1.800.000,00";
1103;05/01/2011;3;8;10;12;17;26;47;54;64;67;69;72;73;82;83;84;89;93;97;98;0;;"R$0,00";15;"R$20.948,23";242;"R$1.298,44";2069;"R$108,48";11778;"R$19,05";0;-;0;"R$0,00";"R$2.074.380,12";"R$5.098.812,00";"R$2.600.000,00";
1104;08/01/2011;1;4;15;17;35;36;45;48;51;53;54;56;58;64;76;77;81;82;84;94;0;;"R$0,00";13;"R$26.535,86";249;"R$1.385,41";2018;"R$122,10";13208;"R$18,65";0;-;0;"R$0,00";"R$2.764.312,28";"R$5.597.664,00";"R$3.400.000,00";
1105;12/01/2011;3;13;14;22;27;37;40;41;50;56;61;62;80;83;84;88;92;95;97;99;1;SÃO PAULO/SP;"R$3.323.566,64";15;"R$24.855,75";145;"R$2.571,29";1529;"R$174,17";10019;"R$26,58";0;-;1;"R$186.418,13";"R$0,00";"R$6.049.905,00";"R$500.000,00";A APOSTA GANHADORA DE ZERO ACERTO FOI REALIZADA EM SÃO PAULO/SP.
1106;15/01/2011;8;13;22;26;33;35;43;46;47;48;49;50;54;63;64;65;70;85;86;99;0;;"R$0,00";9;"R$30.532,69";175;"R$1.570,25";1584;"R$123,91";9690;"R$20,25";0;-;0;"R$0,00";"R$549.588,37";"R$4.459.005,00";"R$1.000.000,00";
1107;19/01/2011;6;14;16;24;29;30;36;38;42;43;55;58;63;66;73;82;85;88;89;95;0;;"R$0,00";15;"R$18.990,51";208;"R$1.369,51";1772;"R$114,82";10455;"R$19,46";0;-;0;"R$0,00";"R$1.119.303,78";"R$4.622.303,00";"R$1.600.000,00";
1108;22/01/2011;4;5;8;12;31;38;39;41;45;48;52;53;55;59;69;74;83;85;95;96;0;;"R$0,00";10;"R$30.403,09";132;"R$2.303,26";1381;"R$157,25";8759;"R$24,79";0;-;0;"R$0,00";"R$1.727.365,62";"R$4.933.421,00";"R$2.300.000,00";
1109;26/01/2011;0;7;17;23;24;32;33;38;43;44;45;47;53;68;69;77;78;81;90;91;0;;"R$0,00";11;"R$27.706,31";193;"R$1.579,11";1653;"R$131,69";9933;"R$21,91";0;-;0;"R$0,00";"R$2.336.904,41";"R$4.945.404,00";"R$2.800.000,00";
1110;29/01/2011;2;4;6;7;8;9;12;14;35;49;57;68;69;70;72;76;82;84;85;93;0;;"R$0,00";11;"R$33.798,16";145;"R$2.564,00";1215;"R$218,56";7585;"R$35,01";0;-;0;"R$0,00";"R$3.080.463,92";"R$6.032.761,50";"R$3.700.000,00";
1111;02/02/2011;7;11;13;17;20;27;34;39;44;45;53;58;59;74;75;80;83;88;94;99;0;;"R$0,00";13;"R$33.399,86";217;"R$2.000,91";1842;"R$168,37";10317;"R$30,06";0;-;0;"R$0,00";"R$3.948.860,20";"R$7.045.606,50";"R$4.800.000,00";
1112;05/02/2011;1;3;5;19;24;25;28;33;41;47;54;56;70;75;78;87;91;92;95;96;0;;"R$0,00";19;"R$24.811,02";277;"R$1.701,84";2227;"R$151,19";11965;"R$28,14";0;-;0;"R$0,00";"R$4.891.678,97";"R$7.649.422,50";"R$5.700.000,00";
1113;09/02/2011;2;7;9;12;22;24;29;30;33;36;37;46;60;62;63;71;75;80;89;90;1;LORENA/SP;"R$5.643.112,61";6;"R$83.492,63";168;"R$2.981,88";1657;"R$215,94";9163;"R$39,05";0;-;1;"R$250.477,90";"R$0,00";"R$8.128.863,00";"R$400.000,00";A APOSTA GANHADORA DE ZERO ACERTO FOI REALIZADA EM LORENA/SP.
1114;12/02/2011;1;15;16;19;24;27;33;40;41;43;53;67;71;74;75;76;77;79;81;83;0;;"R$0,00";12;"R$27.438,84";107;"R$3.077,25";975;"R$241,22";6425;"R$36,60";0;-;0;"R$0,00";"R$658.532,27";"R$5.342.905,50";"R$1.200.000,00";
1115;16/02/2011;0;7;14;20;29;30;31;45;50;55;61;66;67;69;71;72;75;76;80;88;1;RIO DE JANEIRO/RJ;"R$1.145.628,51";5;"R$64.946,17";114;"R$2.848,51";988;"R$234,76";5920;"R$39,18";0;-;1;"R$162.365,42";"R$0,00";"R$5.269.312,50";"R$400.000,00";A APOSTA GANHADORA DE ZERO ACERTO FOI REALIZADA EM JACOBINA/BA
1116;19/02/2011;0;3;7;8;11;18;29;31;48;52;54;59;63;70;72;76;77;80;81;87;0;;"R$0,00";6;"R$52.186,05";124;"R$2.525,14";1108;"R$201,85";6456;"R$34,64";0;-;0;"R$0,00";"R$626.232,56";"R$5.080.846,50";"R$1.000.000,00";
1117;23/02/2011;10;15;23;35;36;40;41;48;55;62;66;69;71;80;82;87;91;95;96;97;1;SÃO PAULO/SP;"R$1.109.527,98";6;"R$53.699,49";98;"R$3.287,72";1095;"R$210,17";6321;"R$36,40";0;-;0;"R$0,00";"R$0,00";"R$5.228.196,00";"R$600.000,00";
1118;26/02/2011;0;8;11;14;17;19;20;24;35;37;42;44;50;54;58;64;69;74;76;78;0;;"R$0,00";20;"R$15.544,46";175;"R$1.776,51";1717;"R$129,33";9966;"R$22,28";0;-;0;"R$0,00";"R$782.877,11";"R$5.044.710,00";"R$1.400.000,00";
1119;02/03/2011;3;10;15;18;28;32;36;45;46;48;50;55;60;63;65;74;82;91;96;98;0;;"R$0,00";10;"R$34.094,65";148;"R$2.303,69";1360;"R$179,06";7959;"R$30,59";0;-;0;"R$0,00";"R$1.464.769,93";"R$5.532.438,00";"R$2.000.000,00";
1120;05/03/2011;3;7;12;17;20;25;32;40;43;44;48;56;65;73;78;84;86;87;94;99;0;;"R$0,00";11;"R$32.867,82";165;"R$2.191,19";1395;"R$185,12";8360;"R$30,89";0;-;1;"R$180.773,01";"R$2.007.088,87";"R$5.866.701,00";"R$2.500.000,00";A APOSTA GANHADORA DE ZERO ACERTO FOI REALIZADA EM FEIRA DE SANTANA/BA.
1121;09/03/2011;1;2;6;7;15;29;35;37;38;43;46;52;53;54;55;57;60;66;90;95;0;;"R$0,00";4;"R$55.895,88";85;"R$2.630,39";834;"R$191,48";4978;"R$32,08";0;-;0;"R$0,00";"R$2.454.255,91";"R$3.628.024,50";"R$2.800.000,00";
1122;12/03/2011;0;2;3;9;11;13;14;17;23;28;32;45;48;54;57;58;68;70;71;79;0;;"R$0,00";8;"R$49.417,34";178;"R$2.221,01";1702;"R$165,91";10235;"R$27,59";0;-;0;"R$0,00";"R$3.244.933,47";"R$6.415.047,00";"R$4.000.000,00";
1123;16/03/2011;0;7;10;16;23;25;26;33;37;38;40;41;45;51;53;61;68;69;79;84;0;;"R$0,00";4;"R$102.988,08";139;"R$2.963,69";1257;"R$234,09";8157;"R$36,07";0;-;0;"R$0,00";"R$4.068.838,09";"R$6.684.630,00";"R$4.700.000,00";
1124;19/03/2011;8;9;13;15;20;29;30;32;36;38;41;44;53;56;62;65;68;78;93;96;1;BEBEDOURO/SP;"R$4.724.871,22";5;"R$87.471,09";210;"R$2.082,64";1729;"R$180,68";9871;"R$31,64";0;-;1;"R$218.677,74";"R$0,00";"R$7.096.839,00";"R$250.000,00";A APOSTA GANHADORA DE ZERO ACERTO FOI REALIZADA EM BEBEDOURO/SP.
1125;23/03/2011;3;5;7;12;14;15;22;31;40;53;54;57;60;62;63;70;82;84;92;96;0;;"R$0,00";6;"R$49.428,91";95;"R$3.121,83";808;"R$262,17";5541;"R$38,23";0;-;1;"R$148.286,73";"R$444.860,18";"R$4.812.411,00";"R$1.000.000,00";"A APOSTA GANHADORA DE ZERO ACERTO,FOI EFETUADA EM CONTAGEM/MG."
1126;26/03/2011;1;10;11;16;17;19;20;26;29;36;47;64;66;72;73;75;79;85;93;94;1;PALMINÓPOLIS/GO;"R$928.869,15";8;"R$40.334,08";138;"R$2.338,21";1085;"R$212,42";6818;"R$33,80";0;-;1;"R$161.336,34";"R$0,00";"R$5.235.915,00";"R$400.000,00";A APOSTA GANHADORA DE ZERO ACERTO FOI REALIZADA EM PALMINÓPOLIS/GO.
1127;30/03/2011;0;1;13;14;15;20;25;31;39;44;46;57;58;64;67;72;75;84;85;90;1;JAGUARIUNA/SP;"R$415.889,19";7;"R$39.608,50";81;"R$3.422,96";785;"R$252,28";5123;"R$38,65";0;-;0;"R$0,00";"R$0,00";"R$4.499.008,50";"R$500.000,00";
1128;02/04/2011;3;8;16;19;27;29;35;44;46;48;52;55;59;61;64;72;73;76;84;88;1;SALVADOR/BA;"R$608.746,75";31;"R$10.110,04";297;"R$1.507,51";2182;"R$102,59";11260;"R$19,88";0;-;1;"R$156.705,69";"R$0,00";"R$5.085.634,50";"R$400.000,00";A APOSTA GANHADORA DE ZERO ACERTO FOI REALIZADA EM SALVADOR/BA.
1129;06/04/2011;1;3;7;15;18;20;21;28;43;48;53;55;58;62;68;85;87;89;97;98;0;;"R$0,00";14;"R$21.836,15";134;"R$2.281,39";1300;"R$167,97";7232;"R$30,19";0;-;0;"R$0,00";"R$611.412,18";"R$4.960.603,50";"R$1.100.000,00";
1130;09/04/2011;5;14;17;18;22;23;34;39;44;50;60;65;66;76;79;81;86;93;94;98;0;;"R$0,00";9;"R$37.789,60";74;"R$4.596,04";833;"R$291,63";5452;"R$44,55";0;-;0;"R$0,00";"R$1.291.625,01";"R$5.518.807,50";"R$2.000.000,00";
1131;13/04/2011;2;13;19;28;31;34;39;41;44;54;55;57;64;66;70;81;82;86;90;95;1;SALINAS/MG;"R$1.808.286,25";7;"R$49.205,83";135;"R$2.551,41";1305;"R$188,52";13901;"R$17,69";0;-;0;"R$0,00";"R$0,00";"R$5.589.141,00";"R$600.000,00";"NESTE CONCURSO NÃO TEVE GANHADOR DO PRÊMIO DE ZERO ACERTO, QUE FICA ACUMULADO PARA O PRÓXIMO CONCURSO."
1132;16/04/2011;3;5;8;12;13;20;21;22;29;36;40;44;53;57;60;65;72;75;78;88;2;"BELÉM/PA; AMERICANA/SP";"R$319.971,46";57;"R$5.470,44";617;"R$721,96";2334;"R$95,42";10199;"R$21,83";0;-;1;"R$155.907,52";"R$0,00";"R$5.059.731,00";"R$400.000,00";A APOSTA GANHADORA DE ZERO ACERTO FOI REALIZADA EM MACAPÁ/AP.
1133;20/04/2011;0;1;6;17;24;28;29;36;52;56;57;59;61;67;70;80;86;89;95;99;0;;"R$0,00";5;"R$56.886,73";99;"R$2.873,07";769;"R$264,19";4931;"R$41,20";0;-;0;"R$0,00";"R$568.867,32";"R$4.615.422,00";"R$1.000.000,00";
1134;23/04/2011;1;5;9;17;22;23;24;34;41;42;46;49;52;55;58;60;75;79;84;89;0;;"R$0,00";6;"R$28.499,31";56;"R$3.053,50";640;"R$190,84";3822;"R$31,95";0;-;0;"R$0,00";"R$910.859,06";"R$2.774.700,00";"R$1.300.000,00";
1135;27/04/2011;1;16;17;19;29;30;35;36;38;42;43;45;47;52;58;68;74;81;93;97;1;SALVADOR/BA;"R$1.377.384,21";6;"R$51.836,13";95;"R$3.273,86";984;"R$225,76";6392;"R$34,75";0;-;0;"R$0,00";"R$0,00";"R$5.046.778,50";"R$500.000,00";
1136;30/04/2011;2;9;14;15;18;21;32;40;44;48;57;62;63;71;81;88;90;92;94;96;0;;"R$0,00";12;"R$25.184,51";205;"R$1.474,22";2061;"R$104,73";7896;"R$27,33";0;-;1;"R$151.107,10";"R$608.829,63";"R$4.903.941,00";"R$1.100.000,00";A APOSTA GANHADORA DE ZERO ACERTO FOI REALIZADA EM NATAL/RN.
1137;04/05/2011;13;17;19;20;27;31;42;46;49;50;53;54;67;74;76;81;85;88;91;94;0;;"R$0,00";6;"R$54.444,99";93;"R$3.512,58";1036;"R$225,22";6474;"R$36,04";0;-;0;"R$0,00";"R$1.262.169,53";"R$5.300.778,00";"R$1.800.000,00";
1138;07/05/2011;1;12;17;20;21;22;25;28;31;39;47;57;65;72;73;78;79;86;88;98;0;;"R$0,00";17;"R$21.521,90";199;"R$1.838,55";1771;"R$147,56";8757;"R$29,84";0;-;0;"R$0,00";"R$1.993.914,07";"R$5.936.902,50";"R$2.600.000,00";
1139;11/05/2011;1;5;7;9;12;15;18;20;27;32;44;50;51;66;67;77;80;87;97;99;0;;"R$0,00";23;"R$16.612,58";267;"R$1.431,05";2264;"R$120,54";11922;"R$22,89";0;-;0;"R$0,00";"R$2.758.092,54";"R$6.200.050,50";"R$3.400.000,00";
1140;14/05/2011;10;16;20;24;26;29;35;38;47;48;53;59;62;69;71;74;89;94;97;99;1;SANTA LUZIA/MG;"R$3.395.682,89";19;"R$22.371,59";181;"R$2.348,40";1603;"R$189,40";9497;"R$31,96";0;-;1;"R$212.530,13";"R$0,00";"R$6.897.328,50";"R$300.000,00";A APOSTA GANHADORA DE ZERO ACERTO FOI REALIZADA EM SÃO PAULO/SP.
1141;18/05/2011;2;11;15;18;20;22;26;28;38;44;45;49;64;72;74;82;83;84;86;87;0;;"R$0,00";12;"R$24.316,21";104;"R$2.805,72";1120;"R$186,09";6210;"R$33,56";0;-;0;"R$0,00";"R$583.589,16";"R$4.734.865,50";"R$1.100.000,00";
1142;21/05/2011;1;9;15;23;31;37;44;45;49;50;51;63;70;71;75;79;83;86;91;94;1;SANTANA/BA;"R$1.084.044,08";22;"R$15.165,30";218;"R$1.530,44";1620;"R$147,10";8700;"R$27,39";0;-;0;"R$0,00";"R$0,00";"R$5.413.824,00";"R$500.000,00";"NESTE CONCURSO NÃO TEVE GANHADOR DE ZERO ACERTO. PORTANTO, O VALOR FICOU ACUMULADO PARA PRÊMIO DE 20 ACERTOS DO PRÓXIMO CONCURSO."
1143;25/05/2011;8;10;15;20;23;26;33;34;35;36;40;43;49;51;60;63;81;87;91;97;0;;"R$0,00";3;"R$95.723,63";73;"R$3.933,85";774;"R$265,01";5067;"R$40,48";0;-;0;"R$0,00";"R$741.160,13";"R$4.659.838,50";"R$1.200.000,00";
1144;28/05/2011;3;13;18;24;26;28;40;43;45;49;58;64;73;77;78;79;82;88;97;99;0;;"R$0,00";12;"R$27.197,68";222;"R$1.470,14";1762;"R$132,30";9456;"R$24,65";0;-;0;"R$0,00";"R$1.393.904,34";"R$5.295.945,00";"R$1.900.000,00";
1145;01/06/2011;7;13;14;15;24;28;30;35;36;40;41;45;50;57;58;71;75;82;91;95;0;;"R$0,00";17;"R$20.357,65";149;"R$2.322,69";1391;"R$177,71";8321;"R$29,70";0;-;0;"R$0,00";"R$2.086.064,50";"R$5.615.740,50";"R$2.700.000,00";
1146;04/06/2011;4;13;20;27;33;37;39;40;42;51;57;64;66;73;75;80;85;90;96;99;0;;"R$0,00";19;"R$20.834,59";198;"R$1.999,28";1730;"R$163,44";9722;"R$29,08";0;-;0;"R$0,00";"R$2.877.778,67";"R$6.423.457,50";"R$3.500.000,00";
1147;08/06/2011;6;8;19;37;38;39;47;48;55;58;72;74;78;79;84;86;88;90;96;97;1;SANTOS/SP;"R$3.489.079,58";11;"R$37.048,54";203;"R$2.007,56";1645;"R$176,95";11342;"R$25,66";0;-;0;"R$0,00";"R$0,00";"R$6.612.934,50";"R$600.000,00";"NESTE CONCURSO NÃO TEVE GANHADOR DE ZERO ACERTO. PORTANTO, O VALOR DE R$ 203.766,99 FICOU ACUMULADO PARA PRÊMIO DE 20 ACERTOS DO PRÓXIMO CONCURSO."
1148;11/06/2011;0;1;4;5;26;30;35;50;51;63;67;68;71;76;81;83;85;87;92;99;0;;"R$0,00";17;"R$18.878,77";152;"R$2.111,44";1387;"R$165,27";7546;"R$30,37";0;-;2;"R$80.234,79";"R$685.175,66";"R$5.207.785,50";"R$1.200.000,00";AS APOSTAS GANHADORAS DE ZERO ACERTO FORAM REALIZADAS EM PIAÇABUÇU/AL E SÃO PAULO/SP.
1149;15/06/2011;2;9;14;15;16;19;25;26;27;29;42;46;49;51;53;77;80;84;86;88;0;;"R$0,00";7;"R$46.592,91";123;"R$2.651,63";1356;"R$171,80";7936;"R$29,35";0;-;1;"R$163.075,20";"R$1.174.401,16";"R$5.292.346,50";"R$1.700.000,00";A APOSTA GANHADORA DE ZERO ACERTO FOI REALIZADA EM PARAÍSO DO TOCANTINS/TO.
1150;18/06/2011;0;2;13;21;31;36;39;40;41;42;43;55;57;63;70;71;83;89;91;93;1;BELO HORIZONTE/MG;"R$1.700.382,18";6;"R$58.442,34";136;"R$2.578,34";1433;"R$174,78";7816;"R$32,04";0;-;0;"R$0,00";"R$0,00";"R$5.689.960,50";"R$600.000,00";"NESTE CONCURSO NÃO TEVE GANHADOR DE ZERO ACERTO. PORTANTO, O PRÊMIO DE R$ 175.327,03 FICA ACUMULADO PARA O PRÊMIO DE 20 ACERTOS."
1151;22/06/2011;2;16;22;24;26;30;32;36;50;53;58;65;66;68;77;78;87;91;92;93;0;;"R$0,00";6;"R$48.949,55";71;"R$4.136,58";762;"R$275,30";4916;"R$42,67";0;-;0;"R$0,00";"R$762.721,59";"R$4.765.740,00";"R$1.200.000,00";
1152;25/06/2011;1;3;8;16;17;19;20;21;25;33;34;39;40;47;52;71;79;87;88;99;0;;"R$0,00";10;"R$27.162,84";130;"R$2.089,45";1190;"R$163,04";6916;"R$28,05";0;-;0;"R$0,00";"R$1.305.978,36";"R$4.407.634,50";"R$2.000.000,00";
1153;29/06/2011;4;12;14;27;38;40;42;45;46;70;71;72;79;84;86;87;92;96;97;98;0;;"R$0,00";6;"R$52.366,75";102;"R$3.080,40";942;"R$238,24";5778;"R$38,84";0;-;0;"R$0,00";"R$1.934.379,37";"R$5.098.440,00";"R$2.500.000,00";
1154;02/07/2011;0;4;7;9;11;29;31;32;35;37;47;48;61;73;80;81;88;89;91;94;0;;"R$0,00";17;"R$22.049,69";193;"R$1.942,20";1684;"R$158,99";9606;"R$27,87";0;-;0;"R$0,00";"R$2.684.068,77";"R$6.082.495,50";"R$3.300.000,00";
1155;06/07/2011;11;13;15;26;29;30;36;47;49;52;53;57;61;65;66;78;85;86;89;97;1;BELÉM/PA;"R$3.289.288,73";10;"R$40.348,00";187;"R$2.157,65";1421;"R$202,81";9125;"R$31,58";0;-;2;"R$100.870,00";"R$0,00";"R$6.547.152,00";"R$400.000,00";AS APOSTAS GANHADORAS DE ZERO ACERTO FORAM REALIZADAS EM BELÉM/PA E SANTOS/SP.
1156;09/07/2011;5;6;8;9;21;23;27;28;29;32;41;45;46;50;56;65;77;81;83;85;0;;"R$0,00";7;"R$42.931,70";196;"R$1.533,28";3524;"R$60,91";7683;"R$27,93";0;-;0;"R$0,00";"R$601.043,72";"R$4.876.480,50";"R$1.100.000,00";
1157;13/07/2011;1;4;5;8;9;17;29;38;43;50;51;60;67;69;82;84;85;86;87;98;0;;"R$0,00";0;"R$0,00";88;"R$3.768,52";881;"R$268,87";5696;"R$41,58";0;-;0;"R$0,00";"R$1.264.304,31";"R$5.381.268,00";"R$1.800.000,00";"O VALOR DE R$ 331.630,29 ACUMULOU PARA 19 ACERTOS NO PRÓXIMO CONCURSO."
1158;16/07/2011;0;1;12;13;30;32;36;42;45;47;49;54;56;60;61;75;87;91;92;97;0;;"R$0,00";16;"R$44.157,65";126;"R$2.975,33";1429;"R$187,38";8450;"R$31,68";0;-;0;"R$0,00";"R$2.014.088,55";"R$6.083.265,00";"R$2.600.000,00";
1159;20/07/2011;3;10;11;15;17;20;24;34;38;39;40;46;53;59;63;73;86;89;93;98;1;BRASÍLIA/DF;"R$2.571.796,01";17;"R$21.870,88";193;"R$1.926,45";1664;"R$159,60";8941;"R$29,70";0;-;1;"R$185.902,51";"R$0,00";"R$6.033.171,00";"R$400.000,00";A APOSTA GANHADORA DE ZERO ACERTO FOI REALIZADA EM DOURADOS/MS.
1160;23/07/2011;1;7;8;12;19;24;27;33;35;37;38;42;43;51;55;57;69;70;75;83;0;;"R$0,00";13;"R$23.558,95";230;"R$1.331,59";1805;"R$121,19";9869;"R$22,16";0;-;0;"R$0,00";"R$612.532,75";"R$4.969.695,00";"R$1.200.000,00";
1161;27/07/2011;0;26;27;39;42;45;50;54;55;63;67;73;78;79;87;90;91;95;96;99;0;;"R$0,00";7;"R$44.859,46";146;"R$2.150,80";1249;"R$179,58";7810;"R$28,71";0;-;0;"R$0,00";"R$1.240.565,13";"R$5.095.449,00";"R$1.600.000,00";
1162;30/07/2011;4;6;10;12;14;16;22;24;29;33;35;37;38;50;56;58;65;82;83;97;0;;"R$0,00";15;"R$23.504,47";266;"R$1.325,44";2066;"R$121,89";10634;"R$23,68";0;-;0;"R$0,00";"R$1.945.699,28";"R$5.721.003,00";"R$2.500.000,00";
1163;03/08/2011;4;8;9;12;19;23;25;29;30;31;33;42;54;66;69;70;74;79;82;89;2;"Teresina/PI; GUARAPUAVA/PR";"R$1.255.528,66";11;"R$34.264,12";158;"R$2.385,48";1375;"R$195,79";8050;"R$33,44";0;-;0;"R$0,00";"R$0,00";"R$6.115.933,50";"R$600.000,00";O PRÊMIO DE ZERO ACERTO FICA ACUMULADO PARA 20 ACERTOS DO PRÓXIMO CONCURSO.
1164;06/08/2011;2;20;23;25;27;31;32;34;38;39;46;51;54;55;56;64;78;89;92;94;0;;"R$0,00";8;"R$40.347,37";126;"R$2.561,74";1108;"R$208,08";7170;"R$32,15";0;-;0;"R$0,00";"R$834.010,63";"R$5.237.640,00";"R$1.400.000,00";
1165;10/08/2011;5;12;21;24;28;32;33;42;43;48;49;57;59;60;62;64;68;79;89;92;1;TRÊS DE MAIO/RS;"R$1.327.617,11";9;"R$36.563,44";129;"R$2.550,94";1254;"R$187,44";7851;"R$29,93";0;-;0;"R$0,00";"R$0,00";"R$5.339.739,00";"R$600.000,00";"NESTE CONCURSO NÃO TEVE GANHADOR PARA O PRÊMIO DE ZERO ACERTO. PORTANTO, O PRÊMIO DE R$ 164.535,52 FICA ACUMULADO PARA O PRÓXIMO CONCURSO."
1166;13/08/2011;2;6;11;18;20;29;30;44;45;48;54;58;59;66;68;78;88;94;97;98;0;;"R$0,00";4;"R$78.215,68";90;"R$3.476,25";910;"R$245,57";5762;"R$38,78";0;-;0;"R$0,00";"R$790.260,94";"R$5.076.732,00";"R$1.400.000,00";
1167;17/08/2011;0;2;4;15;22;36;38;40;41;43;50;54;55;63;72;73;85;86;92;99;0;;"R$0,00";7;"R$44.563,68";118;"R$2.643,61";1129;"R$197,35";6981;"R$31,91";0;-;0;"R$0,00";"R$1.414.152,55";"R$5.061.853,50";"R$2.000.000,00";
1168;20/08/2011;6;12;14;29;39;49;53;57;58;63;65;67;82;85;90;91;93;95;96;97;0;;"R$0,00";8;"R$42.926,78";153;"R$2.244,54";1448;"R$169,40";8145;"R$30,11";0;-;0;"R$0,00";"R$2.100.981,14";"R$5.572.483,50";"R$2.700.000,00";
1169;24/08/2011;0;8;11;17;21;22;34;40;41;46;48;50;54;58;60;68;75;77;80;92;0;;"R$0,00";9;"R$38.823,63";128;"R$2.729,79";1396;"R$178,78";8109;"R$30,77";0;-;1;"R$174.706,33";"R$2.625.100,09";"R$5.669.817,00";"R$3.200.000,00";A APOSTA GANHADORA DE ZERO ACERTO FOI REALIZADA EM SÃO CAETANO DO SUL/SP.
1170;27/08/2011;1;10;14;15;35;40;48;50;53;58;61;65;69;74;77;78;85;87;92;99;0;;"R$0,00";5;"R$75.849,79";136;"R$2.788,59";1315;"R$206,00";8016;"R$33,79";0;-;0;"R$0,00";"R$3.383.597,93";"R$6.153.961,50";"R$4.000.000,00";
1171;31/08/2011;3;9;11;12;18;29;38;44;51;52;55;63;64;76;80;83;84;85;86;98;0;;"R$0,00";9;"R$45.564,93";183;"R$2.240,90";1540;"R$190,20";8841;"R$33,13";0;-;1;"R$205.042,22";"R$3.998.724,48";"R$6.654.319,50";"R$4.700.000,00";A APOSTA GANHADORA DE ZERO ACERTO FOI REALIZADA EM CRATO/CE.
1172;03/09/2011;0;2;8;12;26;29;38;40;41;42;43;44;47;54;69;72;81;90;95;97;2;"BELO HORIZONTE/MG; NOVA FRIBURGO/RJ";"R$2.359.178,40";13;"R$36.904,22";164;"R$2.925,33";1609;"R$212,97";9981;"R$34,33";0;-;1;"R$239.877,46";"R$0,00";"R$7.784.842,50";"R$400.000,00";A APOSTA GANHADORA DE ZERO ACERTO FOI REALIZADA EM BELO HORIZONTE/MG.
1173;08/09/2011;2;6;11;19;20;33;36;39;40;43;44;48;50;61;63;68;75;79;88;98;0;;"R$0,00";6;"R$43.449,06";119;"R$2.190,71";1022;"R$182,20";6148;"R$30,28";0;-;0;"R$0,00";"R$521.388,73";"R$4.230.211,50";"R$1.000.000,00";
1174;10/09/2011;4;6;9;16;23;24;27;28;39;41;48;50;56;58;65;66;70;78;81;83;0;;"R$0,00";7;"R$43.009,75";146;"R$2.062,11";1128;"R$190,64";6911;"R$31,11";0;-;0;"R$0,00";"R$1.123.525,26";"R$4.885.347,00";"R$1.600.000,00";
1175;14/09/2011;10;12;13;15;18;20;22;24;27;31;42;48;50;74;76;85;88;91;92;93;0;;"R$0,00";8;"R$42.010,83";202;"R$1.663,80";1549;"R$154,97";8422;"R$28,50";0;-;1;"R$168.043,34";"R$1.627.655,22";"R$5.453.580,00";"R$2.200.000,00";A APOSTA GANHADORA DE ZERO ACERTO FOI REALIZADA EM TABOÃO DA SERRA/SP.
1176;17/09/2011;9;11;14;17;22;24;33;46;50;59;64;66;67;73;76;79;82;87;88;94;0;;"R$0,00";15;"R$24.941,03";186;"R$2.011,38";1745;"R$153,13";9306;"R$28,71";0;-;0;"R$0,00";"R$2.375.886,09";"R$6.070.662,00";"R$3.000.000,00";
1177;21/09/2011;2;8;16;23;27;29;43;45;48;50;58;59;60;62;64;79;85;93;95;97;1;MANAUS/AM;"R$2.954.014,33";15;"R$25.694,59";155;"R$2.486,57";1498;"R$183,77";8381;"R$32,84";0;-;0;"R$0,00";"R$0,00";"R$6.254.079,00";"R$600.000,00";O PRÊMIO DE ZERO ACERTO FICA ACUMULADO PARA O PRÊMIO DE VINTE ACERTOS DO PRÓXIMO CONCURSO.
1178;24/09/2011;8;11;15;22;26;27;33;47;53;59;64;66;68;70;73;81;82;85;95;96;1;SÃO CAETANO DO SUL/SP;"R$659.018,56";8;"R$38.859,10";162;"R$1.918,97";1388;"R$159,97";8247;"R$26,92";0;-;4;"R$38.859,10";"R$0,00";"R$5.044.441,50";"R$450.000,00";"AS APOSTAS GANHADORAS DE ZERO ACERTO FORAM REALIZADAS EM SÃO CAETANO DO SUL/SP, BARBACENA/MG, GARANHUNS/PE E BEBEDOURO/SP."
1179;28/09/2011;4;5;11;16;18;26;27;33;38;50;51;57;63;66;67;68;70;73;83;91;0;;"R$0,00";8;"R$36.688,22";107;"R$2.743,05";988;"R$212,19";6486;"R$32,32";0;-;0;"R$0,00";"R$587.011,47";"R$4.762.632,00";"R$1.000.000,00";
1180;01/10/2011;3;5;11;20;29;37;39;42;44;50;52;57;65;70;82;83;85;92;97;98;0;;"R$0,00";5;"R$66.216,44";101;"R$3.278,04";1035;"R$228,49";6652;"R$35,55";0;-;0;"R$0,00";"R$1.249.175,90";"R$5.372.374,50";"R$1.800.000,00";
1181;05/10/2011;0;2;12;16;17;21;26;31;32;33;36;38;39;42;46;49;50;57;86;92;0;;"R$0,00";19;"R$18.372,07";179;"R$1.950,11";1596;"R$156,22";29380;"R$8,48";0;-;0;"R$0,00";"R$1.947.314,73";"R$5.664.247,50";"R$2.500.000,00";
1182;08/10/2011;0;6;10;13;17;20;23;37;43;44;49;50;55;58;69;70;73;77;88;92;0;;"R$0,00";24;"R$16.244,78";302;"R$1.290,98";2450;"R$113,66";12413;"R$22,43";0;-;0;"R$0,00";"R$2.727.064,00";"R$6.326.382,00";"R$3.500.000,00";
1183;13/10/2011;2;15;16;17;32;34;43;62;65;71;73;74;76;85;87;88;89;93;96;97;0;;"R$0,00";10;"R$36.710,36";175;"R$2.097,74";1463;"R$179,23";8479;"R$30,92";0;-;0;"R$0,00";"R$3.461.271,33";"R$5.956.884,00";"R$4.200.000,00";
1184;15/10/2011;5;6;8;13;16;19;20;22;36;42;43;50;59;61;62;64;85;87;94;96;0;;"R$0,00";9;"R$43.154,37";148;"R$2.624,26";1350;"R$205,49";8384;"R$33,08";0;-;0;"R$0,00";"R$4.238.049,95";"R$6.302.280,00";"R$4.700.000,00";
1185;19/10/2011;3;10;14;16;25;29;33;36;47;54;55;58;60;61;63;67;68;71;81;88;1;SÃO PAULO/SP;"R$4.956.477,58";9;"R$53.216,86";170;"R$2.817,36";1656;"R$206,58";10176;"R$33,61";0;-;1;"R$239.475,91";"R$0,00";"R$7.771.810,50";"R$400.000,00";A APOSTA GANHADORA DE ZERO ACERTO FOI REALIZADA EM SÃO PAULO/SP.
1186;22/10/2011;1;3;7;14;24;28;46;51;52;57;61;63;64;67;68;73;78;87;88;93;0;;"R$0,00";8;"R$41.669,58";128;"R$2.604,35";995;"R$239,30";6558;"R$36,30";0;-;0;"R$0,00";"R$666.713,23";"R$5.409.280,50";"R$1.200.000,00";
1187;26/10/2011;0;3;6;7;14;22;24;26;30;32;42;43;48;59;62;67;78;86;94;95;0;;"R$0,00";6;"R$56.187,57";115;"R$2.931,53";1111;"R$216,74";6965;"R$34,57";0;-;0;"R$0,00";"R$1.340.964,02";"R$5.470.435,50";"R$2.000.000,00";
1188;29/10/2011;2;4;9;11;23;27;41;42;44;63;67;71;78;83;85;87;93;96;97;98;0;;"R$0,00";9;"R$41.635,79";184;"R$2.036,54";1537;"R$174,14";9385;"R$28,51";0;-;0;"R$0,00";"R$2.090.408,26";"R$6.080.506,50";"R$2.700.000,00";
1189;03/11/2011;0;5;9;22;26;32;36;40;44;50;51;53;59;69;71;72;81;85;92;94;0;;"R$0,00";7;"R$50.565,92";146;"R$2.424,39";1224;"R$206,56";7416;"R$34,09";0;-;0;"R$0,00";"R$2.798.331,13";"R$5.743.629,00";"R$3.400.000,00";
1190;05/11/2011;1;14;20;33;41;44;48;52;53;62;64;70;72;74;76;77;78;82;87;97;0;;"R$0,00";8;"R$49.040,39";141;"R$2.782,43";1368;"R$204,84";8213;"R$34,12";0;-;0;"R$0,00";"R$3.582.977,33";"R$6.366.112,50";"R$4.200.000,00";
1191;09/11/2011;2;16;17;18;23;24;28;40;45;47;48;54;66;73;75;80;81;87;90;92;0;;"R$0,00";12;"R$37.982,78";144;"R$3.165,23";1347;"R$241,69";8220;"R$39,60";0;-;0;"R$0,00";"R$4.494.564,07";"R$7.396.026,00";"R$5.300.000,00";
1192;12/11/2011;2;10;11;12;16;19;26;37;38;39;59;64;65;70;73;80;81;89;90;97;0;;"R$0,00";11;"R$48.775,15";145;"R$3.700,18";1487;"R$257,72";8974;"R$42,70";0;-;0;"R$0,00";"R$5.567.617,38";"R$8.706.061,50";"R$6.200.000,00";
1193;16/11/2011;0;8;15;18;25;33;37;42;62;66;73;76;78;79;81;84;86;87;89;93;0;;"R$0,00";21;"R$24.163,20";191;"R$2.656,69";1863;"R$194,55";11322;"R$32,01";0;-;0;"R$0,00";"R$6.582.471,84";"R$8.233.873,50";"R$7.500.000,00";
1194;19/11/2011;4;6;9;11;19;26;29;32;40;51;59;61;63;70;72;78;87;91;92;95;1;RIO DE JANEIRO/RJ;"R$7.536.941,57";22;"R$28.923,33";265;"R$2.401,18";2330;"R$195,06";13714;"R$33,14";0;-;2;"R$159.078,31";"R$0,00";"R$10.325.268,00";"R$400.000,00";AS APOSTAS GANHADORAS DE ZERO ACERTO FORAM REALIZADAS EM MONTES CLAROS/MG E RIO DE JANEIRO/RJ
1195;23/11/2011;0;1;3;6;12;14;18;20;26;29;39;41;47;51;56;59;60;70;73;79;0;;"R$0,00";10;"R$32.410,73";164;"R$1.976,27";1423;"R$162,68";8225;"R$28,14";0;-;1;"R$162.053,68";"R$486.160,98";"R$5.259.195,00";"R$1.000.000,00";A APOSTA GANHADORA DE ZERO ACERTO FOI REALIZADA EM SÃO PAULO/SP.
1196;26/11/2011;4;9;14;22;23;31;35;49;55;65;66;69;71;73;78;80;87;89;92;99;0;;"R$0,00";15;"R$23.179,98";143;"R$2.431,47";1212;"R$204,91";7286;"R$34,08";0;-;0;"R$0,00";"R$1.181.560,25";"R$5.642.020,50";"R$1.800.000,00";
1197;30/11/2011;2;8;12;14;18;30;33;38;50;51;58;61;64;67;72;76;80;82;93;95;1;BELO HORIZONTE/MG;"R$1.730.691,72";7;"R$52.298,24";152;"R$2.408,47";1323;"R$197,65";7468;"R$35,01";0;-;0;"R$0,00";"R$0,00";"R$5.940.397,50";"R$600.000,00";O PRÊMIO DE ZERO ACERTO FICA ACUMULADO PARA O PRÊMIO DE VINTE ACERTOS DO PRÓXIMO CONCURSO.
1198;03/12/2011;2;4;6;8;21;24;25;27;29;37;62;64;68;72;73;79;85;92;96;97;0;;"R$0,00";8;"R$45.251,01";173;"R$2.092,54";1597;"R$161,91";8927;"R$28,96";0;-;0;"R$0,00";"R$907.060,01";"R$5.874.199,50";"R$1.500.000,00";
1199;07/12/2011;1;8;24;26;28;32;34;36;39;48;59;63;70;72;77;80;81;87;89;94;0;;"R$0,00";22;"R$16.849,40";204;"R$1.817,09";1541;"R$171,82";8449;"R$31,33";0;-;1;"R$185.343,38";"R$1.463.090,10";"R$6.015.025,50";"R$2.000.000,00";A APOSTA GANHADORA DE ZERO ACERTO FOI REALIZADA EM ARACAJU/SE.
1200;10/12/2011;1;9;11;14;17;31;34;40;42;43;44;49;55;56;61;67;78;80;83;92;0;;"R$0,00";7;"R$56.805,67";149;"R$2.668,73";1317;"R$215,66";8274;"R$34,32";0;-;0;"R$0,00";"R$2.258.369,52";"R$6.452.383,50";"R$2.900.000,00";
1201;14/12/2011;4;11;15;24;26;33;34;39;41;48;62;63;72;73;75;77;79;86;87;91;0;;"R$0,00";6;"R$65.067,03";175;"R$2.230,87";1530;"R$182,26";10061;"R$27,71";0;-;1;"R$195.201,12";"R$2.843.972,81";"R$6.334.942,50";"R$3.500.000,00";A APOSTA GANHADORA DE ZERO ACERTO FOI REALIZADA EM OEIRAS/PI.
1202;17/12/2011;4;6;12;13;18;29;30;32;34;37;42;43;46;48;54;56;62;63;70;76;2;"FORTALEZA/CE; JACAREZINHO/PR";"R$1.734.186,07";24;"R$17.344,43";302;"R$1.378,37";2322;"R$128,05";12306;"R$24,16";0;-;0;"R$0,00";"R$0,00";"R$6.754.630,50";"R$600.000,00";"O PRÊMIO DE ZERO ACERTO (R$ 208.133,12) FICA ACUMULADO PARA O PRÊMIO DE VINTE ACERTOS DO PRÓXIMO CONCURSO."
1203;21/12/2011;0;6;29;34;41;49;53;55;62;67;68;69;71;76;78;81;83;88;89;91;0;;"R$0,00";16;"R$19.814,88";161;"R$1.969,18";1164;"R$194,54";7450;"R$30,39";0;-;1;"R$158.518,99";"R$683.690,05";"R$5.144.482,50";"R$1.000.000,00";A APOSTA GANHADORA DE ZERO ACERTO FOI REALIZADA EM COSTA RICA/MS.
1204;24/12/2011;5;15;20;22;25;27;29;35;36;46;51;53;55;57;65;68;73;78;83;85;0;;"R$0,00";24;"R$12.916,16";308;"R$1.437,79";2279;"R$97,15";11894;"R$18,61";0;-;0;"R$0,00";"R$1.303.665,68";"R$5.030.082,00";"R$1.800.000,00";
1205;28/12/2011;0;1;2;8;11;13;16;19;25;27;28;31;32;40;42;65;66;71;83;90;0;;"R$0,00";17;"R$21.727,93";141;"R$2.619,68";1609;"R$163,97";8963;"R$29,43";0;-;1;"R$184.687,37";"R$1.857.727,77";"R$5.993.736,00";"R$2.500.000,00";A APOSTA GANHADORA DE ZERO ACERTO FOI REALIZADA EM SANTOS/SP
1206;31/12/2011;1;7;10;19;28;29;33;35;54;55;57;60;62;67;71;86;88;90;94;96;0;;"R$0,00";9;"R$38.926,30";186;"R$1.883,53";1377;"R$181,72";7125;"R$35,12";0;-;0;"R$0,00";"R$2.558.401,12";"R$5.684.811,00";"R$3.100.000,00";
1207;04/01/2012;4;8;14;23;38;39;42;45;46;53;54;65;67;72;73;78;85;86;89;91;1;CURITIBA/PR;"R$3.145.192,03";25;"R$15.647,76";247;"R$1.583,78";2080;"R$134,33";11392;"R$24,52";0;-;1;"R$195.596,99";"R$0,00";"R$6.347.790,00";"R$400.000,00";A APOSTA GANHADORA DE ZERO ACERTO FOI REALIZADA EM SÃO PAULO/SP.
1208;07/01/2012;7;8;9;11;32;45;46;49;51;58;60;71;73;77;89;92;93;95;96;99;0;;"R$0,00";8;"R$42.334,85";105;"R$3.225,51";988;"R$244,85";6381;"R$37,91";0;-;0;"R$0,00";"R$677.357,52";"R$5.495.641,50";"R$1.300.000,00";
1209;11/01/2012;5;6;7;13;17;24;27;50;51;54;57;61;62;64;86;89;90;91;92;94;0;;"R$0,00";11;"R$32.545,55";107;"R$3.345,80";936;"R$273,19";6051;"R$42,25";0;-;0;"R$0,00";"R$1.393.359,50";"R$5.809.177,50";"R$2.000.000,00";
1210;14/01/2012;4;7;8;9;11;15;17;21;32;42;49;50;65;67;68;72;79;86;90;96;0;;"R$0,00";4;"R$99.381,78";136;"R$2.922,99";1458;"R$194,75";10396;"R$27,31";0;-;2;"R$99.381,78";"R$1.989.650,16";"R$6.450.556,50";"R$2.600.000,00";AS APOSTAS GANHADORAS DE ZERO ACERTO FORAM  REALIZADAS EM SÃO PAULO/SP E ENTRE RIOS/BA.
1211;18/01/2012;11;13;19;25;26;27;36;39;44;45;48;50;53;56;58;59;66;89;91;92;0;;"R$0,00";16;"R$24.296,66";171;"R$2.273,37";1736;"R$159,95";11107;"R$25,00";0;-;0;"R$0,00";"R$2.767.143,33";"R$6.308.077,50";"R$3.500.000,00";
1212;21/01/2012;12;15;16;26;35;36;37;39;41;46;47;69;70;76;82;83;87;93;95;99;0;;"R$0,00";14;"R$29.725,04";200;"R$2.080,75";1578;"R$188,37";9721;"R$30,57";0;-;0;"R$0,00";"R$3.599.444,50";"R$6.752.754,00";"R$4.300.000,00";
1213;25/01/2012;0;4;6;15;20;23;30;34;35;37;44;45;56;58;67;72;79;82;86;92;0;;"R$0,00";11;"R$37.554,33";143;"R$2.888,79";1297;"R$227,50";8402;"R$35,11";0;-;0;"R$0,00";"R$4.425.639,80";"R$6.703.215,00";"R$5.200.000,00";
1214;28/01/2012;7;8;11;33;37;39;41;44;48;50;52;54;55;62;66;67;74;76;79;92;2;"JOAO MONLEVADE/MG; NITERÓI/RJ";"R$2.564.742,33";12;"R$39.102,49";224;"R$2.094,78";2052;"R$163,33";13198;"R$25,39";0;-;1;"R$234.614,97";"R$0,00";"R$7.614.057,00";"R$400.000,00";A APOSTA GANHADORA DE ZERO ACERTO FOI REALIZADA EM JOÃO MONLEVADE/MG.
1215;01/02/2012;1;6;8;10;11;27;34;41;49;62;64;65;67;71;73;75;78;84;91;97;1;PALMEIRAIS/PI;"R$489.972,19";16;"R$20.415,51";211;"R$1.548,10";1678;"R$139,04";9383;"R$24,86";0;-;0;"R$0,00";"R$0,00";"R$5.300.424,00";"R$600.000,00";"O PRÊMIO DE ZERO ACERTO (R$ 163.324,08) FICA ACUMULADO PARA O PRÊMIO DE VINTE ACERTOS DO PRÓXIMO CONCURSO."
1216;04/02/2012;3;8;11;12;18;43;50;51;56;60;63;67;70;76;77;78;83;92;95;96;0;;"R$0,00";6;"R$57.367,12";118;"R$2.916,97";1004;"R$244,87";6262;"R$39,26";0;-;0;"R$0,00";"R$851.729,51";"R$5.585.277,00";"R$1.400.000,00";
1217;08/02/2012;1;7;16;17;24;26;35;40;41;45;47;53;54;55;64;67;71;72;90;94;0;;"R$0,00";12;"R$28.661,98";119;"R$2.890,28";1239;"R$198,28";7289;"R$33,70";0;-;0;"R$0,00";"R$1.539.617,09";"R$5.581.075,50";"R$2.100.000,00";
1218;11/02/2012;2;4;5;16;18;30;36;47;57;58;60;67;69;72;73;81;86;88;95;97;0;;"R$0,00";7;"R$53.698,51";119;"R$3.158,73";1160;"R$231,45";7148;"R$37,56";0;-;1;"R$187.944,80";"R$2.103.451,40";"R$6.099.450,00";"R$2.600.000,00";A APOSTA GANHADORA DE ZERO ACERTO FOI REALIZADA EM PORTO ALEGRE/RS.
1219;15/02/2012;1;2;14;18;19;24;37;41;43;44;52;55;75;80;83;84;86;92;95;99;0;;"R$0,00";8;"R$44.844,75";144;"R$2.491,37";1239;"R$206,82";7564;"R$33,87";0;-;1;"R$179.379,00";"R$2.641.588,35";"R$5.821.461,00";"R$3.300.000,00";A APOSTA GANHADORA DE ZERO ACERTO FOI REALIZADA NO RIO DE JANEIRO/RJ.
1220;18/02/2012;5;6;10;22;32;33;34;53;54;55;60;63;64;65;69;74;79;82;87;97;0;;"R$0,00";5;"R$74.884,46";108;"R$3.466,87";951;"R$281,22";6140;"R$43,55";0;-;1;"R$187.211,18";"R$3.203.221,84";"R$6.075.642,00";"R$3.500.000,00";A APOSTA GANHADORA DE ZERO ACERTO FOI REALIZADA EM CURITIBA/PR.
1221;22/02/2012;5;13;17;18;21;24;35;36;43;44;54;65;69;72;75;76;81;85;88;96;0;;"R$0,00";6;"R$40.673,79";137;"R$1.781,34";1068;"R$163,21";6272;"R$27,79";0;-;1;"R$122.021,39";"R$3.569.285,95";"R$3.960.010,50";"R$4.000.000,00";A APOSTA GANHADORA DE ZERO ACERTO FOI REALIZADA EM CIANORTE/PR
1222;25/02/2012;1;6;18;26;28;31;32;37;39;45;50;53;56;57;62;68;69;78;82;96;0;;"R$0,00";11;"R$38.289,96";216;"R$1.949,95";1761;"R$170,84";10156;"R$29,62";0;-;1;"R$210.594,77";"R$4.201.070,18";"R$6.834.519,00";"R$5.000.000,00";A APOSTA GANHADORA DE ZERO ACERTO FOI REALIZADA EM TRAMANDAÍ/RS.
1223;01/03/2012;8;9;10;14;24;32;36;40;46;51;58;60;65;77;79;81;83;86;94;99;0;;"R$0,00";10;"R$34.946,41";127;"R$2.751,68";1251;"R$199,53";7175;"R$34,78";0;-;1;"R$174.732,04";"R$4.725.266,23";"R$5.670.651,00";"R$5.300.000,00";A APOSTA GANHADORA DE ZERO ACERTO FOI REALIZADA EM PEDREIRA/SP.
1224;03/03/2012;1;3;12;14;20;27;28;29;40;44;55;62;71;84;86;87;90;91;94;97;0;;"R$0,00";15;"R$33.195,22";184;"R$2.706,13";1838;"R$193,50";10476;"R$33,95";0;-;0;"R$0,00";"R$5.721.122,92";"R$8.079.738,00";"R$6.500.000,00";
1225;07/03/2012;1;7;10;17;20;21;26;51;56;58;67;69;70;72;74;75;76;77;87;90;0;;"R$0,00";11;"R$50.550,35";207;"R$2.686,25";1904;"R$208,60";11626;"R$34,16";0;-;0;"R$0,00";"R$6.833.230,55";"R$9.022.923,00";"R$7.800.000,00";
1226;10/03/2012;4;9;18;20;21;24;27;30;49;58;65;66;72;78;79;80;82;94;95;98;0;;"R$0,00";11;"R$53.941,25";164;"R$3.618,01";1693;"R$250,33";10107;"R$41,93";0;-;0;"R$0,00";"R$8.019.937,97";"R$9.628.177,50";"R$9.000.000,00";
1227;14/03/2012;3;5;6;11;18;20;21;24;29;34;36;39;42;49;57;62;64;75;80;94;1;FLORIANÓPOLIS/SC;"R$8.979.302,68";27;"R$23.688,02";316;"R$2.023,98";2499;"R$182,80";14283;"R$31,98";0;-;1;"R$319.788,26";"R$0,00";"R$10.378.221,00";"R$400.000,00";A APOSTA GANHADORA DE ZERO ACERTO FOI REALIZADA EM FLORIANÓPOLIS/SC.
1228;17/03/2012;7;12;30;38;40;50;58;63;65;68;69;70;76;79;80;88;92;93;95;99;0;;"R$0,00";6;"R$57.394,28";193;"R$1.784,28";1524;"R$161,40";7104;"R$34,62";0;-;1;"R$172.182,86";"R$516.548,52";"R$5.587.921,50";"R$1.000.000,00";A APOSTA GANHADORA DE ZERO ACERTO FOI REALIZADA EM DUQUE DE CAXIAS/RJ.
1229;21/03/2012;5;14;15;20;25;26;35;37;40;45;54;56;59;61;62;73;76;93;96;97;0;;"R$0,00";5;"R$67.866,94";136;"R$2.495,11";1039;"R$233,28";6716;"R$36,09";0;-;0;"R$0,00";"R$1.195.217,97";"R$5.506.285,50";"R$1.800.000,00";
1230;24/03/2012;0;3;9;12;35;38;42;44;46;51;53;60;64;67;75;81;84;90;93;99;1;URUCARÁ/AM;"R$1.769.958,32";24;"R$15.965,01";237;"R$1.616,71";1847;"R$148,17";9830;"R$27,84";0;-;1;"R$191.580,14";"R$0,00";"R$6.217.429,50";"R$400.000,00";A APOSTA GANHADORA DE ZERO ACERTO FOI REALIZADA EM URUCARÁ/AM.
1231;28/03/2012;0;9;10;19;20;21;26;27;29;32;46;50;60;62;66;68;81;96;98;99;0;;"R$0,00";3;"R$97.712,36";103;"R$2.845,99";1049;"R$199,60";7769;"R$26,95";0;-;0;"R$0,00";"R$586.274,19";"R$4.756.650,00";"R$1.100.000,00";
1232;31/03/2012;12;19;24;26;32;40;41;44;46;47;61;62;64;66;70;84;89;93;94;95;0;;"R$0,00";8;"R$45.242,45";140;"R$2.585,29";1169;"R$221,15";7638;"R$33,84";0;-;0;"R$0,00";"R$1.310.153,37";"R$5.873.088,00";"R$2.000.000,00";
1233;04/04/2012;2;5;11;13;14;27;29;33;36;44;48;54;58;60;64;66;68;70;77;78;1;BELÉM/PA;"R$1.860.276,39";18;"R$20.374,93";222;"R$1.652,03";1824;"R$143,62";10273;"R$25,50";0;-;1;"R$183.374,36";"R$0,00";"R$5.951.124,00";"R$400.000,00";A APOSTA GANHADORA DE ZERO ACERTO FOI REALIZADA EM BELÉM/PA.
1234;07/04/2012;0;4;6;14;17;24;35;53;56;58;59;60;63;64;67;69;73;74;78;93;0;;"R$0,00";7;"R$38.030,30";98;"R$2.716,45";1052;"R$180,75";6335;"R$30,01";0;-;0;"R$0,00";"R$532.424,25";"R$4.319.746,50";"R$1.000.000,00";
1235;11/04/2012;3;16;19;20;26;30;31;34;37;60;71;73;74;77;78;80;84;87;91;97;0;;"R$0,00";4;"R$82.985,71";124;"R$2.676,96";1030;"R$230,19";6324;"R$37,49";0;-;1;"R$165.971,42";"R$1.030.338,50";"R$5.386.339,50";"R$1.600.000,00";A APOSTA GANHADORA DE ZERO ACERTO FOI REALIZADA EM PORTEIRINHA/MG.
1236;14/04/2012;7;17;21;24;32;39;45;48;49;50;53;57;59;62;64;74;85;87;97;98;0;;"R$0,00";19;"R$19.739,45";190;"R$1.973,95";1611;"R$166,28";9465;"R$28,30";0;-;0;"R$0,00";"R$1.780.437,58";"R$6.085.819,50";"R$2.500.000,00";
1237;18/04/2012;3;4;10;12;25;34;35;38;42;53;54;60;63;66;74;75;77;81;82;93;0;;"R$0,00";5;"R$71.913,41";183;"R$1.964,85";1314;"R$195,45";7771;"R$33,05";0;-;0;"R$0,00";"R$2.499.571,60";"R$5.834.589,00";"R$3.100.000,00";
1238;20/04/2012;0;6;14;15;22;24;27;35;43;53;54;60;61;63;78;80;87;89;98;99;0;;"R$0,00";14;"R$19.412,74";123;"R$2.209,58";940;"R$206,51";5541;"R$35,03";0;-;0;"R$0,00";"R$3.043.128,25";"R$4.410.067,50";"R$3.700.000,00";
1239;25/04/2012;4;17;20;22;24;25;27;30;33;34;43;45;48;50;56;63;69;71;78;98;0;;"R$0,00";12;"R$33.622,22";192;"R$2.101,39";1875;"R$153,70";11042;"R$26,09";0;-;0;"R$0,00";"R$3.850.061,60";"R$6.546.936,00";"R$4.500.000,00";
1240;28/04/2012;5;11;13;15;18;20;25;26;45;46;47;49;62;68;70;79;89;92;96;99;1;GUARAPUAVA/PR;"R$4.522.721,63";18;"R$24.913,33";168;"R$2.669,29";1574;"R$203,50";10052;"R$31,86";0;-;0;"R$0,00";"R$0,00";"R$7.276.705,50";"R$600.000,00";"O PRÊMIO DE ZERO ACERTO (R$ 224.220,03) FICA ACUMULADO PARA O PRÊMIO DE VINTE ACERTOS DO PRÓXIMO CONCURSO."
1241;02/05/2012;2;5;8;10;21;23;25;35;39;41;45;46;47;54;63;77;78;79;80;83;0;;"R$0,00";7;"R$35.022,48";101;"R$2.427,30";889;"R$196,97";5560;"R$31,49";0;-;0;"R$0,00";"R$714.534,83";"R$3.978.097,50";"R$1.200.000,00";
1242;05/05/2012;3;4;13;16;27;33;34;46;53;54;58;59;62;67;68;73;74;85;96;99;0;;"R$0,00";22;"R$16.427,86";244;"R$1.481,20";1835;"R$140,68";10409;"R$24,80";0;-;1;"R$180.706,39";"R$1.256.653,96";"R$5.864.539,50";"R$1.900.000,00";A APOSTA GANHADORA DE ZERO ACERTO FOI REALIZADA NO RIO DE JANEIRO/RJ.
1243;09/05/2012;1;2;4;10;23;25;26;28;30;38;40;43;44;52;59;69;82;85;88;93;1;CAMPO GRANDE/MS;"R$1.782.262,40";11;"R$31.855,06";146;"R$2.400,04";1163;"R$215,21";7057;"R$35,46";0;-;1;"R$175.202,83";"R$0,00";"R$5.685.930,00";"R$400.000,00";A APOSTA GANHADORA DE ZERO ACERTO FOI REALIZADA EM CAMPO GRANDE/MS.
1244;12/05/2012;4;11;12;13;14;15;20;25;28;29;32;34;41;45;49;53;60;63;67;81;0;;"R$0,00";11;"R$22.807,67";211;"R$1.189,02";1709;"R$91,75";10298;"R$15,22";0;-;1;"R$125.442,19";"R$439.047,66";"R$5.088.784,50";"R$1.000.000,00";"A APOSTA GANHADORA DE ZERO ACERTO FOI REALIZADA EM RECIFE/PE. VALOR LÍQUIDO ACUMULADO PARA O CONCURSO ESPECIAL DA PÁSCOA - R$ 282.244,94."
1245;16/05/2012;1;2;3;7;10;14;16;19;23;38;44;49;53;61;67;68;79;85;97;98;1;SANTO ANDRÉ/SP;"R$885.366,56";7;"R$36.434,20";143;"R$1.783,49";1251;"R$127,41";7536;"R$21,15";0;-;0;"R$0,00";"R$0,00";"R$5.173.062,00";"R$500.000,00";"O PRÊMIO DE ZERO ACERTO (R$ 127.519,69) FICA ACUMULADO PARA O PRÊMIO DE VINTE ACERTOS DO PRÓXIMO CONCURSO. VALOR LÍQUIDO ACUMULADO PARA O CONCURSO ESPECIAL DA PÁSCOA - R$ 569.164,26."
1246;19/05/2012;1;2;6;9;15;18;21;26;32;34;42;50;54;56;59;62;67;68;76;93;0;;"R$0,00";8;"R$30.837,05";195;"R$1.265,11";1533;"R$100,57";8180;"R$18,84";0;-;0;"R$0,00";"R$682.586,55";"R$5.003.838,00";"R$1.200.000,00";"VALOR LÍQUIDO ACUMULADO PARA O CONCURSO ESPECIAL DA PÁSCOA - R$ 846.697,72."
1247;23/05/2012;1;8;11;14;23;24;25;27;30;36;39;47;57;61;67;75;80;81;87;91;0;;"R$0,00";5;"R$48.914,13";93;"R$2.629,79";899;"R$170,02";5947;"R$25,70";0;-;0;"R$0,00";"R$1.232.870,48";"R$4.960.720,50";"R$1.800.000,00";"VALOR LÍQUIDO ACUMULADO PARA O CONCURSO ESPECIAL DA PÁSCOA - R$ 1.121.839,70."
1248;26/05/2012;0;15;19;24;26;36;37;43;48;55;58;60;69;72;74;80;81;87;92;95;1;VILHA VELHA/ES;"R$1.711.148,08";16;"R$17.081,34";211;"R$1.295,27";1554;"R$109,91";8664;"R$19,71";0;-;0;"R$0,00";"R$0,00";"R$5.543.479,50";"R$600.000,00";"O PRÊMIO DE ZERO ACERTO (R$ 136.650,74) FICA ACUMULADO PARA O PRÊMIO DE VINTE ACERTOS DO PRÓXIMO CONCURSO. VALOR LÍQUIDO ACUMULADO PARA O CONCURSO ESPECIAL DA PÁSCOA - R$ 1.429.303,89."
1249;30/05/2012;8;15;16;33;41;46;47;48;50;51;52;55;57;63;72;76;79;84;89;90;0;;"R$0,00";1;"R$181.840,35";78;"R$2.331,28";688;"R$165,18";4618;"R$24,61";0;-;0;"R$0,00";"R$545.791,52";"R$3.688.338,00";"R$1.000.000,00";"VALOR LÍQUIDO ACUMULADO PARA O CONCURSO ESPECIAL DA PÁSCOA - R$ 1.633.874,32."
1250;02/06/2012;7;9;16;18;27;38;43;45;46;47;54;63;67;72;75;82;87;88;97;98;1;GUARULHOS/SP;"R$1.022.143,28";14;"R$19.442,93";253;"R$1.536,99";2051;"R$82,94";11125;"R$15,29";0;-;0;"R$0,00";"R$0,00";"R$5.521.158,00";"R$500.000,00";"O PRÊMIO DE ZERO ACERTO (R$ 136.100,51) FICA ACUMULADO PARA O PRÊMIO DE VINTE ACERTOS DO PRÓXIMO CONCURSO. VALOR LÍQUIDO ACUMULADO PARA O CONCURSO ESPECIAL DA PÁSCOA - R$ 1.940.100,47."
1251;06/06/2012;0;4;7;11;23;26;35;42;49;52;57;58;64;68;70;76;77;81;85;95;0;;"R$0,00";7;"R$33.323,24";89;"R$2.620,93";879;"R$165,85";5442;"R$26,78";0;-;0;"R$0,00";"R$660.941,54";"R$4.731.357,00";"R$1.100.000,00";"VALOR LÍQUIDO ACUMULADO PARA O CONCURSO ESPECIAL DA PÁSCOA - R$ 2.202.521,02."
1252;09/06/2012;1;3;4;8;9;10;11;24;27;29;35;39;41;42;43;51;65;85;87;89;0;;"R$0,00";4;"R$59.853,56";200;"R$1.197,07";1518;"R$98,57";10545;"R$14,19";0;-;1;"R$119.707,12";"R$1.079.916,47";"R$4.856.131,50";"R$1.500.000,00";"A APOSTA GANHADORA DE ZERO ACERTO FOI REALIZADA EM VOLTA REDONDA/RJ. VALOR LÍQUIDO ACUMULADO PARA O CONCURSO ESPECIAL DA PÁSCOA - R$ 2.471.862,05"
1253;13/06/2012;3;5;8;11;23;26;28;33;35;36;43;46;50;55;58;73;77;91;93;95;0;;"R$0,00";18;"R$14.369,77";288;"R$1.283,01";2138;"R$75,61";11077;"R$14,59";0;-;0;"R$0,00";"R$1.661.892,31";"R$5.246.418,00";"R$2.200.000,00";"VALOR LÍQUIDO ACUMULADO PARA O CONCURSO ESPECIAL DA PÁSCOA - R$ 2.762.850,00."
1254;16/06/2012;2;5;16;17;18;24;26;31;33;42;44;51;66;73;79;86;89;90;93;99;0;;"R$0,00";13;"R$22.020,37";242;"R$1.182,91";2172;"R$82,37";17180;"R$10,41";0;-;0;"R$0,00";"R$2.305.988,06";"R$5.806.419,00";"R$3.000.000,00";"VALOR LÍQUIDO ACUMULADO PARA O CONCURSO ESPECIAL DA PÁSCOA - R$ 3.084.897,91."
1255;20/06/2012;1;2;3;4;7;11;19;20;21;28;37;40;41;45;53;58;59;83;90;97;1;OSASCO/SP;"R$2.796.139,86";11;"R$25.462,43";179;"R$1.564,73";1647;"R$106,28";10036;"R$17,44";0;-;2;"R$70.021,69";"R$0,00";"R$5.681.107,50";"R$400.000,00";"VALOR LÍQUIDO ACUMULADO PARA O CONCURSO ESPECIAL DA PÁSCOA - R$ 3.399.995,52. AS APOSTAS GANHADORAS DE ZERO ACERTO FORAM REALIZADAS EM OSASCO/SP E FORTALEZA/CE."
1256;23/06/2012;1;4;24;28;30;47;48;49;53;54;57;64;71;72;73;83;89;91;95;98;0;;"R$0,00";4;"R$55.062,02";63;"R$3.496,00";778;"R$176,93";4799;"R$28,68";0;-;0;"R$0,00";"R$495.558,14";"R$4.467.376,50";"R$1.000.000,00";"VALOR LÍQUIDO ACUMULADO PARA O CONCURSO ESPECIAL DA PÁSCOA - R$ 3.647.774,61."
1257;27/06/2012;0;3;7;8;15;18;22;24;25;34;37;42;44;45;46;48;52;81;86;89;1;UBERLÂNDIA/MG;"R$892.582,65";9;"R$25.207,91";137;"R$1.655,99";1232;"R$115,09";8075;"R$17,55";0;-;1;"R$113.435,57";"R$0,00";"R$4.601.715,00";"R$400.000,00";"A APOSTA GANHADORA DE ZERO ACERTO FOI REALIZADA EM UBERLÂNDIA/MG. VALOR LÍQUIDO ACUMULADO PARA O CONCURSO ESPECIAL DA PÁSCOA - R$ 3.903.004,68."
1258;30/06/2012;1;22;23;24;25;26;48;49;52;55;61;63;64;73;91;93;96;97;98;99;1;PETRÓPOLIS/RJ;"R$417.250,20";15;"R$15.895,25";182;"R$1.310,05";1300;"R$114,62";6300;"R$23,65";0;-;1;"R$119.214,34";"R$0,00";"R$4.836.141,00";"R$400.000,00";"A APOSTA GANHADORA DE ZERO ACERTO FOI REALIZADA EM PETRÓPOLIS/RJ. VALOR LÍQUIDO ACUMULADO PARA O CONCURSO ESPECIAL DA PÁSCOA - R$ 4.171.236,98."
1259;04/07/2012;2;3;6;9;10;19;23;26;38;59;60;62;69;72;80;85;90;93;98;99;0;;"R$0,00";6;"R$39.623,80";108;"R$2.201,32";1060;"R$140,17";6374;"R$23,31";0;-;0;"R$0,00";"R$534.921,25";"R$4.822.228,50";"R$1.000.000,00";"VALOR LÍQUIDO ACUMULADO PARA O CONCURSO ESPECIAL DA PÁSCOA - R$ 4.438.697,62."
1260;07/07/2012;0;1;2;5;10;12;16;19;22;38;40;51;58;59;67;72;80;93;95;96;0;;"R$0,00";14;"R$19.705,74";179;"R$1.541,23";1585;"R$108,78";9146;"R$18,85";0;-;0;"R$0,00";"R$1.155.652,03";"R$5.595.787,50";"R$1.700.000,00";"VALOR LÍQUIDO ACUMULADO PARA O CONCURSO ESPECIAL DA PÁSCOA - R$ 4.749.063,04."
1261;11/07/2012;4;9;14;21;25;46;55;61;62;64;66;71;77;85;86;89;95;96;98;99;0;;"R$0,00";8;"R$33.742,86";92;"R$2.934,16";1103;"R$152,95";6613;"R$25,51";0;-;0;"R$0,00";"R$1.763.023,50";"R$5.475.355,50";"R$2.400.000,00";"VALOR LÍQUIDO ACUMULADO PARA O CONCURSO ESPECIAL DA PÁSCOA - R$ 5.052.748,80."
1262;14/07/2012;15;20;23;33;35;49;54;56;58;59;60;62;64;70;76;81;82;86;94;98;0;;"R$0,00";6;"R$53.292,20";170;"R$1.880,90";2025;"R$98,68";7223;"R$27,66";0;-;0;"R$0,00";"R$2.482.468,20";"R$6.485.677,50";"R$3.000.000,00";"VALOR LÍQUIDO ACUMULADO PARA O CONCURSO ESPECIAL DA PÁSCOA - R$ 5.412.471,17."
1263;18/07/2012;2;3;9;17;24;27;29;31;32;52;56;58;73;76;79;80;86;87;93;98;0;;"R$0,00";8;"R$38.995,44";133;"R$2.345,59";1188;"R$164,12";7596;"R$25,66";0;-;1;"R$155.981,76";"R$3.028.404,37";"R$6.327.676,50";"R$3.700.000,00";"A APOSTA GANHADORA DE ZERO ACERTO FOI REALIZADA EM PATO BRANCO/PR. VALOR LÍQUIDO ACUMULADO PARA O CONCURSO ESPECIAL DA PÁSCOA - R$ 5.763.430,16."
1264;21/07/2012;7;15;16;19;26;27;32;35;41;43;45;46;49;53;59;60;64;71;82;91;1;AVARÉ/SP;"R$3.622.671,82";10;"R$33.958,14";192;"R$1.768,65";1920;"R$110,54";11136;"R$19,05";0;-;0;"R$0,00";"R$0,00";"R$6.887.860,50";"R$600.000,00";"O PRÊMIO DE ZERO ACERTO (R$ 169.790,70) FICA ACUMULADO PARA O PRÊMIO DE VINTE ACERTOS DO PRÓXIMO CONCURSO.VALOR LÍQUIDO ACUMULADO PARA O CONCURSO ESPECIAL DA PÁSCOA - R$ 6.145.459,25."
1265;25/07/2012;0;7;14;15;22;26;31;44;55;60;65;77;80;85;87;88;90;93;97;99;2;"CONTAGEM/MG; PARANAÍBA/MS";"R$291.146,24";7;"R$33.673,62";149;"R$1.581,98";1302;"R$113,15";7411;"R$19,87";0;-;1;"R$117.857,65";"R$0,00";"R$4.781.104,50";"R$400.000,00";"VALOR LÍQUIDO ACUMULADO PARA O CONCURSO ESPECIAL DA PÁSCOA - R$ 6.410.639,00. A APOSTA GANHADORA DE ZERO ACERTO FOI REALIZADA EM PARANAÍBA/MS."
1266;28/07/2012;2;4;18;27;32;34;39;45;47;53;54;57;61;64;65;77;87;89;90;96;0;;"R$0,00";3;"R$82.402,05";100;"R$2.472,06";1083;"R$142,66";6372;"R$24,24";0;-;1;"R$123.603,07";"R$432.610,75";"R$5.014.177,50";"R$1.000.000,00";"VALOR LÍQUIDO ACUMULADO PARA O CONCURSO ESPECIAL DA PÁSCOA - R$ 6.688.745,93. A APOSTA GANHADORA DE ZERO ACERTO FOI REALIZADA EM BELO HORIZONTE/MG."
1267;01/08/2012;6;14;20;23;24;30;32;33;38;44;47;49;54;60;70;72;76;79;88;90;0;;"R$0,00";5;"R$51.525,56";144;"R$1.789,09";1022;"R$157,55";6474;"R$24,87";0;-;0;"R$0,00";"R$1.012.273,23";"R$5.225.563,50";"R$1.600.000,00";"VALOR LÍQUIDO ACUMULADO PARA O CONCURSO ESPECIAL DA PÁSCOA - R$ 6.978.577,20."
1268;04/08/2012;2;15;18;19;28;29;30;35;45;58;60;61;63;66;76;77;82;90;94;96;0;;"R$0,00";5;"R$58.576,84";102;"R$2.871,41";933;"R$196,19";5988;"R$30,56";0;-;0;"R$0,00";"R$1.671.262,60";"R$5.940.682,50";"R$2.300.000,00";"VALOR LÍQUIDO ACUMULADO PARA O CONCURSO ESPECIAL DA PÁSCOA - R$ 7.308.071,92."
1269;08/08/2012;0;4;5;7;12;20;37;42;54;59;61;62;64;65;68;70;76;88;98;99;0;;"R$0,00";9;"R$32.770,92";160;"R$1.843,36";1182;"R$155,95";6632;"R$27,79";0;-;0;"R$0,00";"R$2.334.873,68";"R$5.982.346,50";"R$3.000.000,00";"VALOR LÍQUIDO ACUMULADO PARA O CONCURSO ESPECIAL DA PÁSCOA - R$ 7.639.877,47."
1270;11/08/2012;2;11;12;17;18;31;34;41;46;52;53;56;74;79;83;86;87;89;91;96;0;;"R$0,00";6;"R$52.778,37";100;"R$3.166,71";1080;"R$183,25";7180;"R$27,56";0;-;0;"R$0,00";"R$3.047.381,64";"R$6.423.144,00";"R$3.700.000,00";"VALOR LÍQUIDO ACUMULADO PARA O CONCURSO ESPECIAL DA PÁSCOA - R$ 7.996.131,48."
1271;15/08/2012;1;4;5;18;21;23;26;29;39;40;41;43;44;58;63;66;67;74;75;78;0;;"R$0,00";14;"R$21.585,19";190;"R$1.590,49";1695;"R$111,42";9319;"R$20,26";0;-;0;"R$0,00";"R$3.727.315,15";"R$6.129.490,50";"R$4.400.000,00";"VALOR LÍQUIDO ACUMULADO PARA O CONCURSO ESPECIAL DA PÁSCOA - R$ 8.336.098,26."
1272;18/08/2012;7;13;21;22;27;32;34;35;41;42;45;48;50;64;68;73;76;77;86;95;0;;"R$0,00";10;"R$35.480,46";185;"R$1.917,86";1775;"R$124,93";11115;"R$19,95";0;-;1;"R$177.402,26";"R$4.348.223,07";"R$7.196.637,00";"R$5.200.000,00";"VALOR LÍQUIDO ACUMULADO PARA O CONCURSO ESPECIAL DA PÁSCOA - R$ 8.735.253,38. A APOSTA GANHADORA DE ZERO ACERTO FOI REALIZADA NO RIO DE JANEIRO/RJ."
1273;22/08/2012;1;8;17;26;28;29;30;34;36;38;45;46;47;50;54;58;66;79;81;95;0;;"R$0,00";15;"R$24.308,69";180;"R$2.025,73";1655;"R$137,70";10796;"R$21,10";0;-;1;"R$182.315,13";"R$4.986.326,01";"R$7.395.936,00";"R$5.700.000,00";"VALOR LÍQUIDO ACUMULADO PARA O CONCURSO ESPECIAL DA PÁSCOA - R$ 9.145.462,43. A APOSTA GANHADORA DE ZERO ACERTO FOI REALIZADA EM UBERLÂNDIA/MG."
1274;25/08/2012;2;5;7;16;26;37;43;44;45;48;49;50;52;54;56;68;76;88;89;97;0;;"R$0,00";15;"R$25.194,54";217;"R$1.741,56";2120;"R$111,41";12425;"R$19,00";0;-;0;"R$0,00";"R$5.836.641,61";"R$7.665.457,50";"R$7.000.000,00";"VALOR LÍQUIDO ACUMULADO PARA O CONCURSO ESPECIAL DA PÁSCOA - R$ 9.570.620,25."
1275;29/08/2012;1;7;10;19;28;29;31;39;41;42;45;47;58;61;63;84;87;88;96;99;1;CANDEIAS/BA;"R$6.497.805,23";9;"R$41.978,65";145;"R$2.605,57";1475;"R$160,08";8779;"R$26,89";0;-;0;"R$0,00";"R$0,00";"R$7.663.221,00";"R$700.000,00";"O VALOR DO PRÊMIO DE ZERO ACERTO (R$ 188.903,89) FICA ACUMULADO PARA O PRÊMIO DE 20 ACERTOS DO PRÓXIMO CONCURSO. VALOR LÍQUIDO ACUMULADO PARA O CONCURSO ESPECIAL DA PÁSCOA - R$ 9.995.654,04."
1276;01/09/2012;1;4;10;15;21;24;28;36;38;41;50;56;59;62;69;72;73;88;91;97;0;;"R$0,00";8;"R$31.915,45";129;"R$1.979,25";1150;"R$138,76";6584;"R$24,23";0;-;1;"R$127.661,79";"R$635.720,15";"R$5.178.826,50";"R$1.200.000,00";"A APOSTA GANHADORA DE ZERO ACERTO FOI REALIZADA EM BRASÍLIA/DF. VALOR LÍQUIDO ACUMULADO PARA O CONCURSO ESPECIAL DA PÁSCOA - R$ 10.282.893,07."
1277;05/09/2012;1;13;18;21;24;27;34;36;39;43;44;48;49;59;74;84;88;94;96;97;1;CAXIAS DO SUL/RS;"R$1.071.037,24";8;"R$31.094,08";130;"R$1.913,48";1203;"R$129,23";7261;"R$21,41";0;-;0;"R$0,00";"R$0,00";"R$5.045.545,50";"R$600.000,00";"O PRÊMIO DE ZERO ACERTO (R$ 124.376,31), FICA ACUMULADO PARA O PRÊMIO DE VINTE ACERTOS DO PRÓXIMO CONCURSO. VALOR LÍQUIDO ACUMULADO PARA O CONCURSO ESPECIAL DA PÁSCOA - R$ 10.562.739,79."
1278;08/09/2012;0;14;18;19;22;24;26;27;31;37;47;50;65;70;71;78;79;81;89;92;0;;"R$0,00";1;"R$199.733,15";60;"R$3.328,89";677;"R$184,39";4230;"R$29,51";0;-;0;"R$0,00";"R$573.775,89";"R$4.051.264,50";"R$1.000.000,00";"VALOR LÍQUIDO ACUMULADO PARA O CONCURSO ESPECIAL DA PÁSCOA - R$ 10.787.439,61."
1279;12/09/2012;11;12;13;17;21;25;27;30;35;39;43;46;51;52;67;71;73;74;87;97;1;URUAÇU/GO;"R$1.017.192,89";9;"R$28.153,46";156;"R$1.624,24";1355;"R$116,87";7517;"R$21,06";0;-;0;"R$0,00";"R$0,00";"R$5.139.427,50";"R$600.000,00";"O PRÊMIO DE ZERO ACERTO (R$ 126.690,58), FICA ACUMULADO PARA O PRÊMIO DE VINTE ACERTOS DO PRÓXIMO CONCURSO. VALOR LÍQUIDO ACUMULADO PARA O CONCURSO ESPECIAL DA PÁSCOA - R$ 11.072.493,42."
1280;15/09/2012;9;20;23;25;26;29;33;38;39;40;41;43;46;50;57;68;70;74;86;95;1;FORTALEZA/CE;"R$562.247,22";3;"R$82.963,17";99;"R$2.514,03";1026;"R$151,61";6621;"R$23,49";0;-;0;"R$0,00";"R$0,00";"R$5.048.322,00";"R$500.000,00";"O PRÊMIO DE ZERO ACERTO (R$ 124.444,76), FICAACUMULADO PARA O PRÊMIO DE VINTE ACERTOS DOPRÓXIMO CONCURSO. VALOR LÍQUIDO ACUMULADOPARA O CONCURSO ESPECIAL DA PÁSCOA - R$11.352.494,14."
1281;19/09/2012;5;7;8;10;20;33;37;39;40;42;48;52;62;64;75;77;80;89;95;97;0;;"R$0,00";7;"R$31.293,66";129;"R$1.698,11";1096;"R$124,91";6373;"R$21,48";0;-;0;"R$0,00";"R$617.319,82";"R$4.443.189,00";"R$1.100.000,00";"VALOR LÍQUIDO ACUMULADO PARA O CONCURSO ESPECIAL DA PÁSCOA - R$ 11.598.931,70."
1282;22/09/2012;2;6;20;27;29;34;42;43;47;56;58;60;63;65;67;68;81;82;97;98;0;;"R$0,00";12;"R$20.931,68";150;"R$1.674,54";1197;"R$131,15";7307;"R$21,48";0;-;0;"R$0,00";"R$1.182.475,22";"R$5.094.784,50";"R$1.700.000,00";"VALOR LÍQUIDO ACUMULADO PARA O CONCURSO ESPECIAL DA PÁSCOA - R$ 11.881.509,42."
1283;26/09/2012;4;11;19;21;22;26;32;33;41;42;44;48;50;57;58;62;68;70;87;93;1;SÃO PAULO/SP;"R$1.610.151,06";8;"R$30.548,28";123;"R$1.986,88";1154;"R$132,35";7003;"R$21,81";0;-;0;"R$0,00";"R$0,00";"R$4.956.979,50";"R$500.000,00";"VALOR LÍQUIDO ACUMULADO PARA O CONCURSO ESPECIAL DA PÁSCOA É DE R$ 12.156.443,92."
1284;29/09/2012;3;18;21;25;37;38;39;44;45;48;50;51;53;63;67;74;75;89;91;93;0;;"R$0,00";9;"R$26.689,83";139;"R$1.728,12";1296;"R$115,84";7542;"R$19,90";0;-;0;"R$0,00";"R$662.662,03";"R$4.872.240,00";"R$1.200.000,00";"VALOR LÍQUIDO ACUMULADO PARA O CONCURSO ESPECIAL DA PÁSCOA: R$ 12.426.678,39."
1285;03/10/2012;0;2;3;5;17;20;21;42;43;46;47;48;52;58;66;77;79;83;84;92;0;;"R$0,00";5;"R$48.351,27";92;"R$2.627,78";871;"R$173,47";5735;"R$26,34";0;-;1;"R$120.878,15";"R$1.085.735,57";"R$4.903.636,50";"R$1.700.000,00";"A APOSTA GANHADORA DE ZERO ACERTO FOI REALIZADA EM MACHACALIS/MG. VALOR LÍQUIDO ACUMULADO PARA O CONCURSO ESPECIAL DA PÁSCOA - R$ 12.698.654,27"
1286;06/10/2012;3;20;22;26;28;31;38;48;50;54;56;68;73;79;81;83;84;92;93;99;0;;"R$0,00";9;"R$30.328,80";124;"R$2.201,29";1134;"R$150,44";6596;"R$25,86";0;-;0;"R$0,00";"R$1.699.893,68";"R$5.536.536,00";"R$2.300.000,00";"VALOR LÍQUIDO ACUMULADO PARA O CONCURSO ESPECIAL DA PÁSCOA: R$ 13.005.733,35."
1287;10/10/2012;1;14;16;17;31;33;36;41;56;59;60;66;83;84;85;89;92;93;94;98;0;;"R$0,00";10;"R$26.426,36";91;"R$2.904,00";796;"R$207,49";4908;"R$33,65";0;-;0;"R$0,00";"R$2.294.486,88";"R$5.360.161,50";"R$2.900.000,00";"VALOR LÍQUIDO ACUMULADO PARA O CONCURSO ESPECIAL DA PÁSCOA: R$ 13.303.029,98."
1288;13/10/2012;0;8;9;12;13;22;23;28;30;31;38;44;69;71;75;77;83;84;85;99;1;PORTO ALEGRE/RS;"R$2.741.395,02";8;"R$31.922,01";144;"R$1.773,45";1259;"R$126,77";7335;"R$21,76";0;-;2;"R$63.844,02";"R$0,00";"R$5.179.891,50";"R$400.000,00";"AS APOSTAS GANHADORAS DE ZERO ACERTO FORAM REALIZADAS EM CAUCAIA/CE E PORTO ALEGRE/RS. VALOR LÍQUIDO ACUMULADO PARA O CONCURSO ESPECIAL DA PÁSCOA: R$ 13.590.328,09."
1289;17/10/2012;7;13;24;28;36;44;46;50;51;52;57;58;63;65;70;71;72;83;89;94;0;;"R$0,00";13;"R$16.621,51";138;"R$1.565,79";1090;"R$123,89";6406;"R$21,08";0;-;0;"R$0,00";"R$486.179,28";"R$4.382.827,50";"R$1.000.000,00";"VALOR LÍQUIDO ACUMULADO PARA O CONCURSO ESPECIAL DA PÁSCOA: R$ 13.833.417,75."
1290;20/10/2012;13;17;18;22;23;31;36;44;48;58;59;61;63;65;72;76;87;89;92;95;0;;"R$0,00";9;"R$27.551,43";194;"R$1.278,16";1474;"R$105,14";8502;"R$18,22";0;-;0;"R$0,00";"R$1.044.095,78";"R$5.029.527,00";"R$1.600.000,00";"VALOR LÍQUIDO ACUMULADO PARA O CONCURSO ESPECIAL DA PÁSCOA: R$ 14.112.376,03."
1291;24/10/2012;2;3;11;19;21;28;31;33;34;35;39;44;45;54;63;74;79;86;88;97;1;CAIAPÔNIA/GO;"R$1.439.170,37";7;"R$32.250,99";117;"R$1.929,55";1000;"R$141,09";6650;"R$21,21";0;-;0;"R$0,00";"R$0,00";"R$4.579.114,50";"R$500.000,00";"O PRÊMIO DE ZERO ACERTO (R$ 112.878,46), FICA ACUMULADO PARA O PRÊMIO DE VINTE ACERTOS DO PRÓXIMO CONCURSO. VALOR LÍQUIDO ACUMULADO PARA O CONCURSO ESPECIAL DA PÁSCOA: R$ 14.366.352,59."
1292;27/10/2012;10;21;22;31;32;36;40;45;48;52;57;59;66;71;78;86;89;91;92;96;0;;"R$0,00";5;"R$45.911,61";111;"R$2.068,09";857;"R$167,41";5370;"R$26,71";0;-;0;"R$0,00";"R$629.384,06";"R$4.656.214,50";"R$1.100.000,00";"VALOR LÍQUIDO ACUMULADO PARA O CONCURSO ESPECIAL DA PÁSCOA: R$ 14.624.605,41."
1293;31/10/2012;6;10;11;13;17;20;22;30;31;35;37;38;41;47;52;59;83;85;88;93;0;;"R$0,00";9;"R$24.804,50";127;"R$1.757,80";1172;"R$119,04";6691;"R$20,85";0;-;0;"R$0,00";"R$1.131.675,10";"R$4.528.072,50";"R$1.600.000,00";"VALOR LÍQUIDO ACUMULADO PARA O CONCURSO ESPECIAL DA PÁSCOA: R$ 14.875.750,94."
1294;03/11/2012;7;14;16;23;24;25;46;47;49;52;55;56;57;59;67;76;82;83;86;96;1;SÃO CARLOS/SP;"R$1.524.833,42";15;"R$14.977,46";203;"R$1.581,01";1668;"R$84,18";9125;"R$15,38";0;-;0;"R$0,00";"R$0,00";"R$4.556.904,00";"R$500.000,00";"O PRÊMIO DE ZERO ACERTO (R$ 112.330,95), FICA ACUMULADO PARA O PRÊMIO DE VINTE ACERTOS DO PRÓXIMO CONCURSO. VALOR LÍQUIDO ACUMULADO PARA O CONCURSO ESPECIAL DA PÁSCOA: R$ 15.128.495,60."
1295;07/11/2012;6;7;10;11;13;18;22;36;44;46;47;48;50;51;54;55;60;65;70;92;0;;"R$0,00";13;"R$16.427,52";178;"R$1.199,76";1543;"R$86,50";8632;"R$15,46";0;-;0;"R$0,00";"R$592.835,91";"R$4.331.674,50";"R$1.100.000,00";"VALOR LÍQUIDO ACUMULADO PARA O CONCURSO ESPECIAL DA PÁSCOA: R$ 15.368.748,11."
1296;10/11/2012;0;5;7;8;17;33;35;36;37;39;43;45;47;56;57;58;66;67;70;89;0;;"R$0,00";6;"R$43.524,42";218;"R$1.197,92";1845;"R$88,46";10564;"R$15,45";0;-;0;"R$0,00";"R$1.180.415,50";"R$5.296.935,00";"R$1.800.000,00";"VALOR LÍQUIDO ACUMULADO PARA O CONCURSO ESPECIAL DA PÁSCOA: R$ 15.662.537,94."
1297;14/11/2012;16;19;25;26;27;29;31;32;35;44;48;52;53;59;76;79;81;82;87;90;0;;"R$0,00";11;"R$23.265,37";151;"R$1.694,83";1467;"R$109,03";7595;"R$21,05";0;-;0;"R$0,00";"R$1.756.233,49";"R$5.190.906,00";"R$2.300.000,00";"VALOR LÍQUIDO ACUMULADO PARA O CONCURSO ESPECIAL DA PÁSCOA: R$ 15.950.446,96."
1298;17/11/2012;3;8;12;19;27;30;35;46;48;50;51;52;56;58;65;77;87;92;93;99;0;;"R$0,00";10;"R$25.389,30";148;"R$1.715,49";1200;"R$132,23";7383;"R$21,49";0;-;0;"R$0,00";"R$2.327.492,67";"R$5.149.809,00";"R$2.900.000,00";"VALOR LÍQUIDO ACUMULADO PARA O CONCURSO ESPECIAL DA PÁSCOA: R$ 16.236.076,56"
1299;21/11/2012;5;13;17;23;32;35;55;58;60;65;66;70;71;77;81;82;88;95;96;99;0;;"R$0,00";7;"R$35.744,34";141;"R$1.774,54";1135;"R$137,78";6895;"R$22,68";0;-;0;"R$0,00";"R$2.890.466,00";"R$5.075.113,50";"R$3.400.000,00";"VALOR LÍQUIDO ACUMULADO PARA O CONCURSO ESPECIAL DA PÁSCOA: R$ 16.517.563,24."
1300;24/11/2012;11;16;25;27;28;36;37;38;39;41;42;44;48;53;58;60;69;77;84;96;0;;"R$0,00";19;"R$15.837,89";218;"R$1.380,37";1805;"R$104,19";11643;"R$16,15";0;-;0;"R$0,00";"R$3.567.535,72";"R$6.103.674,00";"R$4.200.000,00";"VALOR LÍQUIDO ACUMULADO PARA O CONCURSO ESPECIAL DA PÁSCOA: R$ 16.856.098,14."
1301;28/11/2012;12;13;15;17;20;24;31;33;36;46;62;63;65;67;69;70;75;76;77;98;0;;"R$0,00";14;"R$22.908,93";283;"R$1.619,00";1715;"R$116,88";9594;"R$20,89";0;-;0;"R$0,00";"R$4.289.166,99";"R$6.505.389,00";"R$5.000.000,00";
1302;01/12/2012;6;9;11;13;14;20;21;27;45;46;47;51;55;57;74;78;80;81;83;98;2;CUIABÁ/MT;"R$2.478.301,52";7;"R$54.484,57";195;"R$1.955,86";1621;"R$147,05";9755;"R$24,43";0;-;1;"R$190.696,01";"R$0,00";"R$7.735.921,50";"R$400.000,00";"A APOSTA GANHADORA DE ZERO ACERTO FOI REALIZADA EM CUIABÁ/MT. VALOR LÍQUIDO ACUMULADO PARA O CONCURSO ESPECIAL DA PÁSCOA - R$ 17.645.979,83."
1303;05/12/2012;2;11;16;18;21;25;32;33;36;38;45;57;61;63;65;67;79;90;92;93;0;;"R$0,00";3;"R$77.001,25";121;"R$1.909,12";1094;"R$131,97";6441;"R$22,41";0;-;0;"R$0,00";"R$519.758,42";"R$4.685.538,00";"R$1.000.000,00";"VALOR LÍQUIDO ACUMULADO PARA O CONCURSO ESPECIAL DA PÁSCOA - R$ 17.905.859,07."
1304;08/12/2012;1;2;3;4;14;19;22;27;31;45;47;55;58;61;68;78;80;89;91;95;0;;"R$0,00";6;"R$42.238,88";104;"R$2.436,86";1079;"R$146,79";6555;"R$24,16";0;-;0;"R$0,00";"R$1.089.983,30";"R$5.140.485,00";"R$1.700.000,00";"VALOR LÍQUIDO ACUMULADO PARA O CONCURSO ESPECIAL DA PÁSCOA - R$ 18.190.971,52."
1305;12/12/2012;1;6;12;17;18;31;35;36;39;42;55;57;61;63;72;84;85;88;91;96;1;MONTE ALTO/SP;"R$1.540.887,67";4;"R$64.414,91";121;"R$2.129,42";1111;"R$144,94";6708;"R$24,00";0;-;1;"R$128.829,82";"R$0,00";"R$5.226.210,00";"R$400.000,00";"A APOSTA GANHADORA DE ZERO ACERTO FOI REALIZADA EM MONTE ALTO/SP. VALOR LÍQUIDO ACUMULADO PARA O CONCURSO ESPECIAL DA PÁSCOA: R$ 18.480.838,65."
1306;15/12/2012;2;9;10;29;35;36;43;46;49;53;54;55;57;60;63;64;82;83;91;92;0;;"R$0,00";9;"R$26.108,46";130;"R$1.807,51";986;"R$148,94";5486;"R$26,76";0;-;0;"R$0,00";"R$528.696,35";"R$4.766.112,00";"R$1.000.000,00";"VALOR LÍQUIDO ACUMULADO PARA O CONCURSO ESPECIAL DA PÁSCOA: R$ 18.745.186,85."
1307;19/12/2012;4;7;8;10;12;16;18;30;47;51;53;62;69;71;79;82;90;92;93;96;0;;"R$0,00";7;"R$32.653,77";107;"R$2.136,23";951;"R$150,22";5823;"R$24,53";0;-;0;"R$0,00";"R$1.042.993,27";"R$4.636.303,50";"R$1.500.000,00";"VALOR LÍQUIDO ACUMULADO PARA O CONCURSO ESPECIAL DA PÁSCOA: R$ 19.002.335,33."
1308;22/12/2012;0;11;13;17;19;24;25;40;41;44;46;51;56;67;72;77;83;86;97;99;0;;"R$0,00";16;"R$15.911,07";211;"R$1.206,52";1766;"R$90,09";9714;"R$16,37";0;-;0;"R$0,00";"R$1.615.791,90";"R$5.163.687,00";"R$2.200.000,00";"VALOR LÍQUIDO ACUMULADO PARA O CONCURSO ESPECIAL DA PÁSCOA: R$ 19.288.734,67."
1309;26/12/2012;0;2;4;6;11;12;14;21;29;31;32;40;58;62;64;77;78;85;92;96;1;TUPA/SP;"R$1.953.727,79";7;"R$27.586,61";108;"R$1.788,02";848;"R$142,32";5150;"R$23,43";0;-;0;"R$0,00";"R$0,00";"R$3.916.848,00";"R$400.000,00";"O PRÊMIO DE ZERO ACERTO (R$ 96.553,11), FICA ACUMULADO PARA O PRÊMIO DE VINTE ACERTOS DO PRÓXIMO CONCURSO. VALOR LÍQUIDO ACUMULADO PARA O CONCURSO ESPECIAL DA PÁSCOA: R$ 19.505.979,20."
1310;29/12/2012;16;17;20;21;24;27;28;31;43;44;49;52;60;62;65;66;71;73;80;87;0;;"R$0,00";7;"R$30.966,62";69;"R$3.141,54";795;"R$170,41";5022;"R$26,97";0;-;1;"R$108.383,16";"R$475.894,18";"R$4.396.755,00";"R$900.000,00";"A APOSTA GANHADORA DE ZERO ACERTO FOI REALIZADA EM VILHENA/RO. VALOR LÍQUIDO ACUMULADO PARA O CONCURSO ESPECIAL DA PÁSCOA: R$ 19.749.841,33."
1311;02/01/2013;19;28;29;31;32;35;37;39;43;47;48;60;61;76;80;84;85;90;95;96;0;;"R$0,00";2;"R$80.862,24";72;"R$2.246,17";622;"R$162,50";3255;"R$31,05";0;-;0;"R$0,00";"R$839.774,25";"R$3.280.320,00";"R$1.300.000,00";"VALOR LÍQUIDO ACUMULADO PARA O CONCURSO ESPECIAL DA PÁSCOA: R$ 19.931.781,39."
1312;05/01/2013;4;6;17;32;33;36;42;47;54;57;60;63;69;72;78;87;90;93;94;95;0;;"R$0,00";10;"R$26.688,09";131;"R$2.037,26";1162;"R$143,54";6918;"R$24,11";0;-;0;"R$0,00";"R$1.440.256,24";"R$5.413.248,00";"R$2.000.000,00";"VALOR LÍQUIDO ACUMULADO PARA O CONCURSO ESPECIAL DA PÁSCOA: R$ 20.232.022,41."
1313;09/01/2013;8;12;16;17;24;26;28;35;47;48;51;52;53;57;61;81;89;93;95;96;0;;"R$0,00";10;"R$27.696,44";153;"R$1.810,23";1113;"R$155,52";7385;"R$23,43";0;-;0;"R$0,00";"R$2.063.426,00";"R$5.617.774,50";"R$2.600.000,00";"VALOR LÍQUIDO ACUMULADO PARA O CONCURSO ESPECIAL DA PÁSCOA: R$ 20.543.607,30."
1314;12/01/2013;0;6;7;28;37;38;40;42;45;47;48;53;62;72;74;77;87;91;96;99;0;;"R$0,00";8;"R$39.232,77";149;"R$2.106,46";1206;"R$162,65";7879;"R$24,89";0;-;0;"R$0,00";"R$2.769.615,88";"R$6.366.187,50";"R$3.500.000,00";"VALOR LÍQUIDO ACUMULADO PARA O CONCURSO ESPECIAL DA PÁSCOA: R$ 20.896.702,27."
1315;16/01/2013;13;14;21;24;28;29;32;46;51;56;57;61;62;63;77;78;82;86;90;96;0;;"R$0,00";11;"R$29.029,34";183;"R$1.744,94";1886;"R$105,82";9174;"R$21,75";0;-;0;"R$0,00";"R$3.488.092,01";"R$6.476.946,00";"R$4.200.000,00";"VALOR LÍQUIDO ACUMULADO PARA O CONCURSO ESPECIAL DA PÁSCOA: R$ 21.255.940,36."
1316;19/01/2013;0;9;11;12;16;18;22;30;39;40;46;47;49;61;62;67;82;85;92;94;0;;"R$0,00";6;"R$58.134,64";116;"R$3.006,97";1049;"R$207,82";7254;"R$30,05";0;-;0;"R$0,00";"R$4.272.909,60";"R$7.075.003,50";"R$5.000.000,00";"VALOR LÍQUIDO ACUMULADO PARA O CONCURSO ESPECIAL DA PÁSCOA: R$ 21.648.349,18."
1317;23/01/2013;15;22;23;33;37;43;46;48;52;53;55;60;65;66;78;79;80;89;92;96;0;;"R$0,00";9;"R$39.343,62";183;"R$1.934,93";1612;"R$137,28";10042;"R$22,03";0;-;0;"R$0,00";"R$5.069.617,91";"R$7.182.196,50";"R$6.000.000,00";"VALOR LÍQUIDO ACUMULADO PARA O CONCURSO ESPECIAL DA PÁSCOA: R$ 22.046.703,37."
1318;26/01/2013;0;1;11;13;15;16;20;21;25;28;34;45;48;59;64;67;71;83;86;96;0;;"R$0,00";15;"R$27.618,10";207;"R$2.001,31";1908;"R$135,70";11272;"R$22,97";0;-;0;"R$0,00";"R$6.001.728,66";"R$8.402.827,50";"R$7.200.000,00";"VALOR LÍQUIDO ACUMULADO PARA O CONCURSO ESPECIAL DA PÁSCOA: R$ 22.512.758,78."
1319;30/01/2013;3;12;19;20;31;32;33;39;45;49;57;61;74;79;82;88;89;90;96;99;0;;"R$0,00";14;"R$31.606,46";184;"R$2.404,84";1674;"R$165,20";10634;"R$26,00";0;-;0;"R$0,00";"R$6.997.332,07";"R$8.975.203,50";"R$8.000.000,00";"VALOR LÍQUIDO ACUMULADO PARA O CONCURSO ESPECIAL DA PÁSCOA: R$ 23.010.560,51."
1320;02/02/2013;5;9;17;18;20;24;33;36;40;44;48;51;55;61;75;80;87;91;94;96;1;CURITIBA/PR;"R$7.838.328,26";27;"R$17.798,86";273;"R$1.760,33";2426;"R$123,80";13975;"R$21,49";0;-;0;"R$0,00";"R$0,00";"R$9.747.571,50";"R$650.000,00";"O PRÊMIO DE ZERO ACERTO (R$ 240.284,63), FICA ACUMULADO PARA O PRÊMIO DE VINTE ACERTOS DO PRÓXIMO CONCURSO. VALOR LÍQUIDO ACUMULADO PARA O CONCURSO ESPECIAL DA PÁSCOA: R$ 23.551.200,94"
1321;06/02/2013;0;1;7;8;16;26;27;28;30;31;32;35;45;48;57;73;74;94;95;99;0;;"R$0,00";9;"R$27.810,28";100;"R$2.502,92";1036;"R$150,99";6555;"R$23,86";0;-;0;"R$0,00";"R$803.442,65";"R$5.076.778,50";"R$1.300.000,00";"VALOR LÍQUIDO ACUMULADO PARA O CONCURSO ESPECIAL DA PÁSCOA: R$ 23.832.779,98."
1322;09/02/2013;2;6;13;16;19;20;24;30;34;49;56;61;77;80;84;86;89;90;91;98;1;ARACAJÚ/SE;"R$1.283.997,99";5;"R$54.920,61";118;"R$2.327,15";1001;"R$171,45";6324;"R$27,13";0;-;0;"R$0,00";"R$0,00";"R$5.569.879,50";"R$300.000,00";"O PRÊMIO DE ZERO ACERTO (R$ 137.301,53), FICA ACUMULADO PARA O PRÊMIO DE VINTE ACERTOS DO PRÓXIMO CONCURSO. VALOR LÍQUIDO ACUMULADO PARA O CONCURSO ESPECIAL DA PÁSCOA: R$ 24.141.708,43."
1323;13/02/2013;1;2;6;7;8;10;13;19;28;37;43;55;67;71;73;77;87;89;90;98;0;;"R$0,00";5;"R$28.510,11";120;"R$1.697,03";1050;"R$84,85";5823;"R$15,30";0;-;0;"R$0,00";"R$458.040,21";"R$2.891.407,50";"R$1.000.000,00";"VALOR LÍQUIDO ACUMULADO PARA O CONCURSO ESPECIAL DA PÁSCOA: R$ 24.302.077,80."
1324;16/02/2013;10;20;22;29;41;43;46;48;49;56;63;65;66;67;69;83;84;88;91;94;1;BAURU/SP;"R$921.152,68";9;"R$29.403,97";114;"R$2.321,37";1155;"R$143,20";9415;"R$17,56";0;-;0;"R$0,00";"R$0,00";"R$5.367.708,00";"R$500.000,00";"O PRÊMIO DE ZERO ACERTO FICA ACUMULADO PARA O PRÊMIO DE VINTE ACERTOS DO PRÓXIMO CONCURSO. VALOR LÍQUIDO ACUMULADO PARA O CONCURSO ESPECIAL DA PÁSCOA: R$ 24.599.792,98."
1325;20/02/2013;5;9;12;25;29;30;35;39;41;49;51;57;62;77;79;83;84;86;87;98;0;;"R$0,00";3;"R$73.208,49";62;"R$3.542,35";767;"R$178,96";4740;"R$28,95";0;-;0;"R$0,00";"R$626.475,14";"R$4.454.748,00";"R$1.100.000,00";"VALOR LÍQUIDO ACUMULADO PARA O CONCURSO ESPECIAL DA PÁSCOA: R$ 24.846.871,63."
1326;23/02/2013;0;4;8;10;13;15;19;27;29;31;32;41;47;50;54;59;61;67;75;83;0;;"R$0,00";15;"R$17.236,24";173;"R$1.494,48";1544;"R$104,65";8511;"R$18,98";0;-;0;"R$0,00";"R$1.208.198,39";"R$5.244.141,00";"R$1.800.000,00";"VALOR LÍQUIDO ACUMULADO PARA O CONCURSO ESPECIAL DA PÁSCOA: R$ 25.137.733,29."
1327;27/02/2013;2;4;8;19;20;21;23;27;42;47;53;54;56;57;59;68;76;95;96;99;0;;"R$0,00";11;"R$22.370,85";136;"R$1.809,41";1207;"R$127,42";7153;"R$21,50";0;-;0;"R$0,00";"R$1.761.876,88";"R$4.991.322,00";"R$2.300.000,00";"VALOR LÍQUIDO ACUMULADO PARA O CONCURSO ESPECIAL DA PÁSCOA: R$ 25.414.572,55."
1328;02/03/2013;0;1;9;10;14;23;26;28;30;32;45;52;55;61;66;68;69;80;86;94;0;;"R$0,00";9;"R$32.573,25";201;"R$1.458,50";1625;"R$112,75";8793;"R$20,83";0;-;0;"R$0,00";"R$2.421.485,22";"R$5.946.262,50";"R$3.100.000,00";"VALOR LÍQUIDO ACUMULADO PARA O CONCURSO ESPECIAL DA PÁSCOA: R$ 25.744.376,76."
1329;06/03/2013;6;9;11;12;17;18;20;21;39;40;46;48;49;55;57;66;85;91;94;95;0;;"R$0,00";18;"R$16.300,56";231;"R$1.270,18";1793;"R$102,27";9889;"R$18,54";0;-;2;"R$73.352,53";"R$2.934.952,92";"R$5.951.350,50";"R$3.600.000,00";"AS APOSTAS GANHADORAS DE ZERO ACERTO FORAM EFETUADAS EM NOVA TIMBOTEUA/PA E SÃO PAULO/SP. VALOR LÍQUIDO ACUMULADO PARA O CONCURSO ESPECIAL DA PÁSCOA: R$ 26.074.463,15."
1330;09/03/2013;5;10;13;14;18;19;20;27;33;35;56;58;62;72;75;78;83;85;86;88;0;;"R$0,00";8;"R$40.996,02";171;"R$1.917,94";1660;"R$123,48";10288;"R$19,92";0;-;0;"R$0,00";"R$3.672.881,15";"R$6.652.303,50";"R$4.200.000,00";"VALOR LÍQUIDO ACUMULADO PARA O CONCURSO ESPECIAL DA PÁSCOA: R$ 26.443.427,28."
1331;13/03/2013;1;2;6;10;11;18;23;25;27;30;42;56;63;65;68;80;82;86;93;99;0;;"R$0,00";18;"R$18.973,53";226;"R$1.511,16";1834;"R$116,38";9991;"R$21,36";0;-;0;"R$0,00";"R$4.441.309,09";"R$6.927.253,50";"R$5.200.000,00";"VALOR LÍQUIDO ACUMULADO PARA O CONCURSO ESPECIAL DA PÁSCOA: R$ 26.827.641,27."
1332;16/03/2013;5;8;13;23;37;42;43;44;51;54;57;62;68;69;79;80;81;87;90;93;0;;"R$0,00";12;"R$31.485,75";128;"R$2.951,79";1211;"R$194,99";7881;"R$29,96";0;-;1;"R$188.914,51";"R$5.102.509,86";"R$7.663.651,50";"R$6.000.000,00";"A APOSTA GANHADORA DE ZERO ACERTO FOI REALIZADA EM BELO HORIZONTE/MG. VALOR LÍQUIDO ACUMULADO PARA O CONCURSO ESPECIAL DA PÁSCOA: R$ 27.252.698,93."
1333;20/03/2013;5;21;24;26;34;44;48;51;55;58;71;73;75;76;78;81;86;88;92;97;0;;"R$0,00";7;"R$52.405,27";218;"R$1.682,74";1907;"R$120,22";10792;"R$21,24";0;-;0;"R$0,00";"R$5.927.892,90";"R$7.440.694,50";"R$7.000.000,00";
1334;23/03/2013;5;9;24;27;36;38;39;41;43;54;57;63;76;85;88;89;90;91;93;97;0;;"R$0,00";12;"R$32.898,00";262;"R$1.506,78";2004;"R$123,12";11412;"R$21,62";0;-;1;"R$197.388,02";"R$34.728.264,48";"R$8.007.394,50";"R$40.000.000,00";A APOSTA GANHADORA DE ZERO ACERTO FOI REALIZADA EM VILA VELHA/ES.
1335;30/03/2013;2;3;11;24;28;29;31;40;52;53;56;60;61;75;76;81;83;90;92;93;2;"MANAUS/AM; MOSSORÓ/RN";"R$20.626.601,34";63;"R$36.024,50";986;"R$2.301,77";8829;"R$160,65";54666;"R$25,94";0;-;3;"R$378.257,30";"R$0,00";"R$46.034.029,50";"R$450.000,00";"AS APOSTAS GANHADORAS DE ZERO ACERTO FORAM REALIZADAS EM VITORIA DA CONQUISTA/BA, MANAUS/AM E ARARAQUARA/SP."
1336;03/04/2013;2;9;16;20;24;37;40;41;60;63;64;67;68;70;72;77;78;84;88;92;0;;"R$0,00";7;"R$35.232,78";89;"R$2.771,12";788;"R$195,61";5352;"R$28,80";0;-;0;"R$0,00";"R$554.916,29";"R$5.002.480,50";"R$1.100.000,00";
1337;06/04/2013;0;12;16;17;25;26;35;38;41;45;47;48;52;57;63;69;70;73;90;93;1;BELÉM/PA;"R$1.066.976,85";7;"R$41.800,86";127;"R$2.303,98";1123;"R$162,84";7014;"R$26,07";0;-;2;"R$73.151,51";"R$0,00";"R$5.935.041,00";"R$400.000,00";AS APOSTAS GANHADORAS DE ZERO ACERTO FORAM REALIZADAS EM SANTOS/SP E UNIÃO DA VITÓRIA/PR.
1338;10/04/2013;9;11;12;13;14;27;29;32;34;41;46;49;55;57;64;68;80;89;91;93;0;;"R$0,00";12;"R$20.288,53";154;"R$1.580,93";1484;"R$102,53";9965;"R$15,26";0;-;0;"R$0,00";"R$547.790,37";"R$4.938.241,50";"R$1.100.000,00";
1339;13/04/2013;0;7;8;12;16;26;31;33;49;56;57;63;74;75;79;80;85;90;93;94;3;"GRAVATÁ/PE; RIO DE JANEIRO/RJ; FRANCA/SP";"R$348.914,59";5;"R$57.023,25";92;"R$3.099,09";914;"R$194,96";6066;"R$29,37";0;-;0;"R$0,00";"R$0,00";"R$5.783.122,50";"R$540.000,00";"O PRÊMIO DE ZERO ACERTO (R$ 142.558,12) FICA ACUMULADO PARA O PRÊMIO DE VINTE ACERTOS DO PRÓXIMO CONCURSO."
1340;17/04/2013;4;12;15;21;22;31;35;64;66;67;68;74;79;84;85;87;91;92;95;98;0;;"R$0,00";2;"R$119.742,70";74;"R$3.236,29";842;"R$177,76";5245;"R$28,53";0;-;0;"R$0,00";"R$681.400,24";"R$4.857.574,50";"R$1.100.000,00";
1341;20/04/2013;2;7;10;13;14;18;20;22;24;30;31;37;45;60;61;73;75;79;80;93;1;TIMON/MA;"R$1.156.497,70";7;"R$38.783,47";215;"R$1.262,72";1570;"R$108,07";9019;"R$18,81";0;-;0;"R$0,00";"R$0,00";"R$5.506.620,00";"R$500.000,00";"O PRÊMIO DE ZERO ACERTO (R$ 135.742,14) FICA ACUMULADO PARA O PRÊMIO DE VINTE ACERTOS DO PRÓXIMO CONCURSO."
1342;24/04/2013;0;5;17;18;23;28;29;38;39;44;45;50;52;55;58;59;69;74;76;88;0;;"R$0,00";9;"R$24.777,75";159;"R$1.402,52";1397;"R$99,76";8488;"R$16,42";0;-;0;"R$0,00";"R$637.491,57";"R$4.523.190,00";"R$1.200.000,00";
1343;27/04/2013;0;17;18;36;39;40;45;48;52;58;66;68;69;78;82;84;88;90;92;97;0;;"R$0,00";25;"R$10.464,26";226;"R$1.653,64";1597;"R$102,38";9024;"R$18,11";0;-;0;"R$0,00";"R$1.226.106,31";"R$5.306.266,50";"R$1.800.000,00";
1344;02/05/2013;1;8;14;17;18;19;21;27;35;38;45;49;56;58;74;79;82;87;91;99;0;;"R$0,00";8;"R$28.818,31";134;"R$1.720,50";1215;"R$118,59";6999;"R$20,58";0;-;0;"R$0,00";"R$1.744.835,91";"R$4.676.263,50";"R$2.200.000,00";
1345;04/05/2013;7;8;9;17;21;22;23;24;36;38;42;63;64;66;69;79;82;86;89;93;0;;"R$0,00";4;"R$65.111,54";125;"R$2.083,57";1116;"R$145,85";6749;"R$24,11";0;-;0;"R$0,00";"R$2.330.839,77";"R$5.282.730,00";"R$2.900.000,00";
1346;08/05/2013;4;10;14;18;25;31;47;49;54;58;60;62;67;74;77;80;86;88;96;99;0;;"R$0,00";22;"R$13.515,12";199;"R$1.494,13";1768;"R$105,10";8927;"R$20,81";0;-;0;"R$0,00";"R$2.999.838,31";"R$6.030.913,50";"R$3.600.000,00";
1347;11/05/2013;8;14;15;17;19;24;28;32;35;37;46;64;67;73;81;82;86;88;92;97;0;;"R$0,00";24;"R$13.551,26";340;"R$1.366,51";2551;"R$79,68";13172;"R$15,43";0;-;0;"R$0,00";"R$3.731.606,03";"R$6.596.767,50";"R$4.400.000,00";
1348;15/05/2013;1;5;8;16;17;18;27;41;46;50;57;60;65;73;74;84;86;87;94;97;0;;"R$0,00";5;"R$64.673,08";121;"R$2.672,44";1037;"R$194,89";6815;"R$29,65";0;-;1;"R$161.682,70";"R$4.297.495,47";"R$6.558.945,00";"R$5.000.000,00";A APOSTA GANHADORA DE ZERO ACERTO FOI REALIZADA EM ITUAÇU/BA.
1349;18/05/2013;2;3;6;8;10;14;16;17;23;31;33;41;44;45;55;65;68;78;87;99;0;;"R$0,00";12;"R$29.120,71";188;"R$1.858,77";1683;"R$129,77";10526;"R$20,74";0;-;0;"R$0,00";"R$5.083.754,68";"R$7.087.999,50";"R$5.800.000,00";
1350;22/05/2013;0;6;16;22;26;30;31;32;35;38;39;44;46;47;74;79;93;95;96;97;1;PALHOÇA/SC;"R$5.698.212,10";7;"R$50.159,79";149;"R$2.356,50";1322;"R$165,99";8219;"R$26,70";0;-;1;"R$175.559,27";"R$0,00";"R$7.121.872,50";"R$400.000,00";A APOSTA GANHADORA DE ZERO ACERTO FOI REALIZADA EM PORTO VELHO/RO.
1351;25/05/2013;2;5;8;9;18;33;34;39;40;42;45;51;53;76;79;81;82;90;93;96;2;"PORTO VELHO/RO; SANTO ANDRÉ/SP";"R$191.458,75";4;"R$54.702,50";96;"R$2.279,27";779;"R$175,55";4990;"R$27,40";0;-;0;"R$0,00";"R$0,00";"R$4.438.207,50";"R$530.000,00";
1352;29/05/2013;0;1;10;21;28;30;36;48;49;50;63;70;72;74;75;76;77;79;82;83;0;;"R$0,00";4;"R$53.180,03";84;"R$2.532,38";931;"R$142,80";5488;"R$24,22";0;-;0;"R$0,00";"R$588.025,23";"R$4.314.684,00";"R$1.100.000,00";
1353;01/06/2013;0;4;5;15;20;23;38;42;45;46;58;65;67;71;75;76;85;91;93;98;0;;"R$0,00";11;"R$21.780,60";112;"R$2.139,17";1096;"R$136,62";6673;"R$22,43";0;-;0;"R$0,00";"R$1.127.095,13";"R$4.859.628,00";"R$1.650.000,00";
1354;05/06/2013;4;7;16;22;24;29;30;41;48;51;58;59;61;68;76;79;81;82;83;91;0;;"R$0,00";5;"R$51.003,54";60;"R$4.250,30";702;"R$227,04";4645;"R$34,31";0;-;0;"R$0,00";"R$1.700.884,97";"R$5.172.622,50";"R$2.600.000,00";
1355;08/06/2013;3;11;13;14;19;26;41;43;46;47;48;49;56;57;61;73;79;93;96;97;2;SÃO PAULO/SP;"R$1.110.791,90";18;"R$16.530,12";189;"R$1.574,30";1539;"R$120,83";8627;"R$21,55";0;-;1;"R$148.771,10";"R$0,00";"R$6.035.163,00";"R$450.000,00";A APOSTA GANHADORA DE ZERO ACERTO FOI REALIZADA EM SÃO LEOPOLDO/RS.
1356;12/06/2013;6;11;15;16;20;27;35;41;45;51;63;64;68;74;75;77;81;90;91;99;0;;"R$0,00";6;"R$37.813,63";148;"R$1.532,98";874;"R$162,24";4967;"R$28,54";0;-;0;"R$0,00";"R$510.484,04";"R$4.601.931,00";"R$1.000.000,00";
1357;15/06/2013;4;6;7;8;30;31;34;37;39;45;48;53;68;69;74;75;78;80;83;93;0;;"R$0,00";4;"R$62.855,65";105;"R$2.394,50";990;"R$158,72";6075;"R$25,86";0;-;0;"R$0,00";"R$1.076.184,88";"R$5.099.701,50";"R$1.600.000,00";
1358;19/06/2013;3;4;7;16;17;18;20;22;27;35;37;41;42;46;49;57;59;65;72;87;1;SALTO/SP;"R$1.485.719,27";16;"R$14.626,23";204;"R$1.638,79";1689;"R$86,59";9009;"R$16,23";0;-;0;"R$0,00";"R$0,00";"R$4.746.711,00";"R$600.000,00";"O PRÊMIO DE ZERO ACERTO (R$ 117.009,83) FICA ACUMULADO PARA O PRÊMIO DE VINTE ACERTOS DO PRÓXIMO CONCURSO."
1359;22/06/2013;2;9;10;25;28;33;38;40;46;53;60;61;68;75;76;77;83;91;93;99;0;;"R$0,00";15;"R$14.682,14";122;"R$1.805,19";1132;"R$121,59";6400;"R$21,50";0;-;0;"R$0,00";"R$612.532,03";"R$4.467.052,50";"R$1.100.000,00";
1360;26/06/2013;1;2;14;17;26;29;35;37;47;49;53;58;59;61;70;71;72;76;95;96;0;;"R$0,00";3;"R$68.126,03";69;"R$2.962,01";703;"R$181,70";4396;"R$29,05";0;-;1;"R$102.189,04";"R$970.193,67";"R$4.145.479,50";"R$1.500.000,00";A APOSTA GANHADORA DE ZERO ACERTO FOI REALIZADA EM VITÓRIA/ES.
1361;29/06/2013;10;20;27;31;32;34;37;45;48;52;54;56;57;59;60;61;68;71;73;94;0;;"R$0,00";8;"R$31.360,12";153;"R$1.639,75";1902;"R$82,43";8398;"R$18,67";0;-;0;"R$0,00";"R$1.534.675,69";"R$5.088.714,00";"R$2.100.000,00";
1362;03/07/2013;19;20;22;26;31;32;34;35;41;48;51;52;58;64;65;75;76;83;86;99;0;;"R$0,00";2;"R$130.110,23";102;"R$2.551,18";923;"R$176,20";5771;"R$28,18";0;-;0;"R$0,00";"R$2.120.171,72";"R$5.278.152,00";"R$3.000.000,00";
1363;06/07/2013;2;3;14;17;25;32;35;36;46;50;51;57;63;64;65;66;74;81;84;85;1;DOIS CÓRREGOS/SP;"R$2.652.500,80";10;"R$30.418,81";138;"R$2.204,26";1312;"R$144,90";8038;"R$23,65";0;-;0;"R$0,00";"R$0,00";"R$6.169.963,50";"R$500.000,00";
1364;10/07/2013;6;14;17;26;29;37;38;41;42;51;53;57;64;66;67;68;69;78;91;94;0;;"R$0,00";6;"R$36.055,84";84;"R$2.575,42";916;"R$147,60";6102;"R$22,15";0;-;0;"R$0,00";"R$638.847,84";"R$4.388.007,00";"R$1.100.000,00";
1365;13/07/2013;2;6;16;18;27;40;44;53;54;62;64;65;76;77;80;81;82;84;89;92;0;;"R$0,00";6;"R$43.559,86";108;"R$2.420,00";995;"R$164,17";6000;"R$27,22";0;-;0;"R$0,00";"R$1.226.905,99";"R$5.301.249,00";"R$1.800.000,00";
1366;17/07/2013;2;3;7;8;15;27;33;38;53;54;60;65;71;73;79;80;88;91;93;94;0;;"R$0,00";6;"R$41.920,55";109;"R$2.307,55";1055;"R$149,00";6343;"R$24,78";0;-;0;"R$0,00";"R$1.792.833,45";"R$5.101.744,50";"R$2.400.000,00";
1367;20/07/2013;0;1;18;19;21;26;31;36;41;42;43;62;76;78;81;83;89;90;97;99;0;;"R$0,00";8;"R$34.093,41";131;"R$2.082,04";1144;"R$149,00";9406;"R$18,12";0;-;0;"R$0,00";"R$2.406.514,85";"R$5.532.238,50";"R$3.000.000,00";
1368;24/07/2013;8;13;15;19;22;28;30;34;36;37;40;42;45;47;50;60;66;73;90;95;0;;"R$0,00";8;"R$32.347,54";147;"R$1.760,41";1406;"R$115,03";7884;"R$20,51";0;-;1;"R$129.390,16";"R$2.859.380,40";"R$5.248.941,00";"R$3.400.000,00";A APOSTA GANHADORA DE ZERO ACERTO FOI REALIZADA EM TUBARÃO/SC
1369;27/07/2013;1;5;6;9;13;15;23;24;31;40;41;55;60;65;68;69;72;75;81;87;0;;"R$0,00";7;"R$40.843,77";110;"R$2.599,15";1131;"R$157,99";6645;"R$26,89";0;-;0;"R$0,00";"R$3.502.669,66";"R$5.799.148,50";"R$4.100.000,00";
1370;31/07/2013;3;5;7;9;10;20;21;24;40;43;46;48;53;57;58;66;75;78;88;97;0;;"R$0,00";7;"R$44.949,13";186;"R$1.691,63";1544;"R$127,36";9082;"R$21,65";0;-;1;"R$157.321,96";"R$4.053.296,52";"R$6.382.044,00";"R$4.700.000,00";A APOSTA GANHADORA DE ZERO ACERTO FOI REALIZADA EM SÃO PAULO/SP.
1371;03/08/2013;1;13;16;18;24;35;39;41;42;44;57;60;69;71;73;79;86;90;94;99;1;POLONI/SP;"R$4.681.664,64";19;"R$18.898,29";217;"R$1.654,69";1880;"R$119,37";10302;"R$21,78";0;-;1;"R$179.533,75";"R$0,00";"R$7.283.104,50";"R$400.000,00";A APOSTA GANHADORA DE ZERO ACERTO FOI REALIZADA EM POLONI/SP.
1372;07/08/2013;3;5;12;19;20;23;26;28;34;35;39;50;54;64;66;68;86;87;91;99;0;;"R$0,00";9;"R$25.255,00";114;"R$1.993,81";1119;"R$126,95";6417;"R$22,13";0;-;0;"R$0,00";"R$511.413,84";"R$4.610.313,00";"R$1.000.000,00";
1373;10/08/2013;18;24;29;30;33;38;43;44;55;57;63;68;70;73;74;86;87;90;93;97;0;;"R$0,00";6;"R$42.905,66";149;"R$1.727,74";1345;"R$119,62";7525;"R$21,38";0;-;0;"R$0,00";"R$1.090.640,21";"R$5.221.632,00";"R$1.700.000,00";
1374;14/08/2013;0;2;4;5;13;18;19;20;31;32;33;41;56;61;64;68;69;90;93;94;0;;"R$0,00";4;"R$60.930,22";112;"R$2.176,08";956;"R$159,33";5696;"R$26,74";0;-;0;"R$0,00";"R$1.639.012,12";"R$4.943.484,00";"R$2.200.000,00";
1375;17/08/2013;1;3;6;9;10;21;28;30;31;42;57;59;60;61;68;83;85;87;90;93;2;"MANSIDÃO/BA; BELO HORIZONTE/MG";"R$1.064.877,48";8;"R$35.053,06";208;"R$1.348,20";1460;"R$120,04";9022;"R$19,42";0;-;1;"R$140.212,24";"R$0,00";"R$5.687.958,00";"R$400.000,00";A APOSTA GANHADORA DE ZERO ACERTOS FOI REALIZADA EM MANSIDÃO/BA.
1376;21/08/2013;4;11;13;16;31;32;36;45;47;56;58;60;61;71;77;84;88;91;92;97;0;;"R$0,00";11;"R$19.453,72";157;"R$1.363,00";1155;"R$115,79";6383;"R$20,95";0;-;0;"R$0,00";"R$481.479,53";"R$4.340.460,00";"R$1.000.000,00";
1377;24/08/2013;2;5;6;10;17;21;25;28;31;32;34;46;51;58;60;69;77;80;85;87;0;;"R$0,00";10;"R$24.169,47";138;"R$1.751,41";1126;"R$134,15";7089;"R$21,30";0;-;0;"R$0,00";"R$1.025.292,61";"R$4.902.387,00";"R$1.600.000,00";
1378;28/08/2013;9;16;17;23;24;32;35;39;43;45;49;61;64;69;70;72;82;83;93;96;1;RIO DE JANEIRO/RJ;"R$1.416.414,30";6;"R$37.249,69";109;"R$2.050,44";895;"R$156,07";5567;"R$25,09";0;-;1;"R$111.749,06";"R$0,00";"R$4.533.298,50";"R$400.000,00";A APOSTA GANHADORA DE ZERO ACERTO FOI REALIZADA EM RIO DE JANEIRO/RJ.
1379;31/08/2013;6;16;24;26;37;40;55;57;58;61;67;69;73;75;76;77;79;80;88;95;1;GRAMADO/RS;"R$388.988,53";6;"R$37.046,52";107;"R$2.077,37";996;"R$139,48";6302;"R$22,04";0;-;1;"R$111.139,58";"R$0,00";"R$4.508.574,00";"R$400.000,00";A APOSTA GANHADORA DE ZERO ACERTO FOI REALIZADA EM GRAMADO/RS.
1380;04/09/2013;8;12;14;16;17;21;22;23;25;27;29;47;53;63;64;67;76;79;80;97;1;PASSO DE TORRES/SC;"R$364.300,05";5;"R$41.634,29";126;"R$1.652,16";1382;"R$94,14";7148;"R$18,20";0;-;1;"R$104.085,73";"R$0,00";"R$4.222.422,00";"R$350.000,00";A APOSTA GANHADORA DE ZERO ACERTO FOI REALIZADA EM PASSO DE TORRES/SC.
1381;06/09/2013;1;8;17;18;33;38;41;44;46;49;57;58;59;65;82;84;89;91;96;98;1;GUARAREMA/SP;"R$272.959,61";5;"R$31.195,39";102;"R$1.529,19";831;"R$117,31";4619;"R$21,10";0;-;0;"R$0,00";"R$0,00";"R$3.163.740,00";"R$400.000,00";
1382;11/09/2013;3;12;14;20;28;31;33;34;35;36;43;54;58;70;73;80;82;92;95;98;0;;"R$0,00";5;"R$42.247,38";57;"R$3.705,91";612;"R$215,72";4306;"R$30,66";0;-;0;"R$0,00";"R$553.271,53";"R$4.284.600,00";"R$1.000.000,00";
1383;14/09/2013;8;9;14;25;27;31;39;43;46;47;58;59;62;66;73;74;87;90;95;96;0;;"R$0,00";8;"R$30.967,87";114;"R$2.173,18";950;"R$162,98";5611;"R$27,59";0;-;0;"R$0,00";"R$1.110.693,18";"R$5.025.066,00";"R$1.600.000,00";
1384;18/09/2013;4;10;11;18;19;27;30;32;45;49;54;56;58;65;69;70;71;90;92;97;0;;"R$0,00";9;"R$26.195,60";170;"R$1.386,82";1382;"R$106,62";7130;"R$20,66";0;-;0;"R$0,00";"R$1.641.154,11";"R$4.782.019,50";"R$2.200.000,00";
1385;21/09/2013;10;13;15;20;23;27;32;34;38;40;43;58;63;65;69;74;77;81;90;97;1;PARANAPUÃ/SP;"R$2.106.448,41";24;"R$11.078,44";340;"R$1.117,15";2235;"R$74,35";10542;"R$15,76";0;-;3;"R$44.313,74";"R$0,00";"R$5.392.996,50";"R$400.000,00";"AS APOSTAS GANHADORAS DE ZERO ACERTO FORAM REALIZADAS EM PARANAPUÃ/SP, LONDRINA/PR E OSASCO/SP."
1386;25/09/2013;7;25;28;31;33;36;43;44;45;55;67;71;80;82;83;90;92;93;95;97;0;;"R$0,00";8;"R$25.289,40";66;"R$3.065,38";723;"R$174,89";4751;"R$26,61";0;-;0;"R$0,00";"R$455.209,16";"R$4.103.637,00";"R$900.000,00";
1387;28/09/2013;2;6;15;17;22;25;26;29;35;42;62;66;72;73;80;82;92;93;95;96;0;;"R$0,00";5;"R$47.721,65";181;"R$1.318,28";1401;"R$106,44";7240;"R$20,59";0;-;0;"R$0,00";"R$992.077,70";"R$4.839.783,00";"R$1.500.000,00";
1388;02/10/2013;7;8;12;18;19;37;39;45;46;48;49;50;54;62;74;80;87;89;93;95;0;;"R$0,00";12;"R$20.148,69";121;"R$1.998,22";1075;"R$140,57";6588;"R$22,93";0;-;0;"R$0,00";"R$1.536.092,12";"R$4.904.202,00";"R$2.100.000,00";
1389;05/10/2013;2;14;17;23;32;36;46;49;52;60;64;71;72;73;76;82;85;86;91;94;0;;"R$0,00";7;"R$39.126,52";143;"R$1.915,29";1407;"R$121,66";8022;"R$21,33";0;-;0;"R$0,00";"R$2.152.334,80";"R$5.555.328,00";"R$2.700.000,00";
1390;09/10/2013;2;3;4;16;35;40;41;43;62;64;66;67;70;76;78;80;89;95;96;99;0;;"R$0,00";3;"R$92.785,49";93;"R$2.993,08";913;"R$190,55";5802;"R$29,98";0;-;0;"R$0,00";"R$2.778.636,89";"R$5.646.012,00";"R$3.400.000,00";
1391;11/10/2013;1;4;10;14;18;19;28;36;41;49;53;55;66;68;70;72;75;82;89;92;0;;"R$0,00";4;"R$55.135,76";104;"R$2.120,61";1059;"R$130,15";5743;"R$24,00";0;-;0;"R$0,00";"R$3.274.858,77";"R$4.473.360,00";"R$3.700.000,00";
1392;16/10/2013;2;3;7;15;28;29;36;38;54;57;58;65;74;76;77;84;85;86;90;91;0;;"R$0,00";9;"R$34.967,05";144;"R$2.185,44";1213;"R$162,15";7819;"R$25,15";0;-;0;"R$0,00";"R$3.982.941,54";"R$6.383.251,50";"R$4.700.000,00";
1393;19/10/2013;0;3;5;23;29;31;33;37;41;43;45;46;54;56;61;65;73;77;78;88;0;;"R$0,00";16;"R$21.459,70";223;"R$1.539,71";1903;"R$112,76";11525;"R$18,62";0;-;0;"R$0,00";"R$4.755.490,70";"R$6.964.405,50";"R$5.500.000,00";
1394;23/10/2013;1;5;14;16;17;19;26;38;53;54;56;59;60;63;68;69;78;79;81;91;0;;"R$0,00";11;"R$30.839,30";119;"R$2.850,69";1207;"R$175,65";7698;"R$27,54";0;-;0;"R$0,00";"R$5.518.763,30";"R$6.880.779,00";"R$6.200.000,00";
1395;26/10/2013;3;6;7;11;15;18;42;45;48;51;54;55;57;71;77;79;82;90;91;97;3;"VOLTA REDONDA/RJ; PIRACICABA/SP";"R$2.056.292,46";14;"R$26.535,27";291;"R$1.276,61";2289;"R$101,43";13451;"R$17,26";0;-;2;"R$92.873,44";"R$0,00";"R$7.535.151,00";"R$400.000,00";AS APOSTAS GANHADORAS DE ZERO ACERTO FORAM REALIZADAS EM JUAZEIRO/BA E PIRACICABA/SP.
1396;30/10/2013;4;9;18;24;25;36;39;47;50;52;54;56;63;70;74;79;80;82;83;87;0;;"R$0,00";8;"R$26.782,62";107;"R$2.002,44";1087;"R$123,19";6056;"R$22,11";0;-;0;"R$0,00";"R$482.087,19";"R$4.345.938,00";"R$1.000.000,00";
1397;01/11/2013;3;5;13;24;26;28;31;33;50;53;55;56;66;67;73;76;82;84;88;90;0;;"R$0,00";18;"R$10.578,68";159;"R$1.197,59";1626;"R$73,19";7314;"R$16,27";0;-;0;"R$0,00";"R$910.523,99";"R$3.862.288,50";"R$1.400.000,00";
1398;06/11/2013;11;16;22;25;29;30;31;36;37;38;42;43;53;65;78;79;81;87;90;91;0;;"R$0,00";4;"R$66.243,42";102;"R$2.597,78";979;"R$169,16";6057;"R$27,34";0;-;0;"R$0,00";"R$1.506.714,72";"R$5.374.563,00";"R$2.100.000,00";
1399;09/11/2013;5;15;18;20;22;24;33;40;44;45;48;56;57;60;65;69;70;73;80;83;0;;"R$0,00";12;"R$23.699,09";184;"R$1.545,60";1584;"R$112,21";8811;"R$20,17";0;-;0;"R$0,00";"R$2.146.590,27";"R$5.768.374,50";"R$2.800.000,00";
1400;13/11/2013;5;9;11;17;20;26;29;33;34;39;58;62;64;66;70;74;77;85;91;99;0;;"R$0,00";8;"R$34.405,36";162;"R$1.699,03";1441;"R$119,38";8298;"R$20,73";0;-;1;"R$137.621,44";"R$2.628.265,30";"R$5.582.857,50";"R$3.300.000,00";A APOSTA GANHADORA DE ZERO ACERTO FOI REALIZADA EM SÃO PAULO/SP.
1401;16/11/2013;1;4;10;13;15;16;21;22;23;29;30;35;49;64;72;77;79;80;88;90;0;;"R$0,00";8;"R$33.030,88";153;"R$1.727,11";1287;"R$128,32";7719;"R$21,39";0;-;0;"R$0,00";"R$3.222.821,07";"R$5.359.824,00";"R$3.700.000,00";
1402;20/11/2013;6;13;15;16;20;29;34;37;38;47;49;58;61;66;67;80;82;85;86;93;0;;"R$0,00";7;"R$40.171,94";132;"R$2.130,33";1049;"R$167,54";6779;"R$25,92";0;-;1;"R$140.601,79";"R$3.714.927,32";"R$5.703.760,50";"R$4.400.000,00";A APOSTA GANHADORA DE ZERO ACERTO FOI REALIZADA EM SOROCABA/SP.
1403;23/11/2013;2;7;14;16;20;25;27;30;31;35;36;40;42;46;51;65;68;72;82;98;0;;"R$0,00";13;"R$26.104,39";141;"R$2.406,79";1496;"R$141,77";9350;"R$22,68";0;-;1;"R$169.678,51";"R$4.308.802,12";"R$6.883.309,50";"R$5.000.000,00";A APOSTA GANHADORA DE ZERO ACERTO FOI REALIZADA EM LUCÉLIA/SP.
1404;27/11/2013;4;9;15;23;24;29;30;33;40;43;44;46;49;51;54;71;73;84;86;95;1;SANTO ANDRÉ/SP;"R$4.936.074,99";8;"R$44.805,21";155;"R$2.312,52";1554;"R$144,16";9587;"R$23,36";0;-;1;"R$179.220,82";"R$0,00";"R$7.270.410,00";"R$400.000,00";A APOSTA GANHADORA DE ZERO ACERTO FOI REALIZADA EM CAPINÓPOLIS/MG.
1405;30/11/2013;0;4;6;15;24;25;35;38;41;42;50;55;58;65;71;80;87;89;96;97;0;;"R$0,00";6;"R$40.188,17";96;"R$2.511,76";786;"R$191,73";5158;"R$29,21";0;-;0;"R$0,00";"R$542.540,19";"R$4.890.912,00";"R$1.100.000,00";
1406;04/12/2013;2;9;17;21;25;27;29;32;38;43;60;67;69;70;79;82;84;87;94;97;0;;"R$0,00";10;"R$25.193,04";110;"R$2.290,28";1192;"R$132,09";6766;"R$23,27";0;-;0;"R$0,00";"R$1.109.383,48";"R$5.110.000,50";"R$1.700.000,00";
1407;07/12/2013;6;14;17;24;26;40;51;54;56;68;70;73;75;78;83;84;85;86;90;93;0;;"R$0,00";8;"R$35.007,43";119;"R$2.353,44";1094;"R$159,99";6879;"R$25,44";0;-;0;"R$0,00";"R$1.739.517,25";"R$5.680.554,00";"R$2.400.000,00";
1408;11/12/2013;5;9;20;23;32;33;43;46;48;50;51;52;57;72;74;78;85;88;89;95;0;;"R$0,00";8;"R$33.693,03";102;"R$2.642,59";1070;"R$157,44";6832;"R$24,65";0;-;0;"R$0,00";"R$2.345.991,70";"R$5.467.269,00";"R$3.000.000,00";
1409;14/12/2013;4;15;25;26;34;44;58;63;69;72;73;78;79;83;84;86;87;89;92;93;1;SANTA JULIANA/MG;"R$2.873.030,12";19;"R$15.850,78";245;"R$1.229,25";1843;"R$102,13";10021;"R$18,78";0;-;1;"R$150.582,41";"R$0,00";"R$6.108.642,00";"R$400.000,00";A APOSTA GANHADORA DE ZERO ACERTO FOI REALIZADA EM SANTA JULIANA/MG
1410;18/12/2013;10;11;13;14;21;22;25;38;39;41;48;54;55;56;60;69;72;73;76;85;0;;"R$0,00";7;"R$31.093,75";86;"R$2.530,89";816;"R$166,70";5094;"R$26,70";0;-;1;"R$108.828,09";"R$380.898,33";"R$4.414.804,50";"R$1.000.000,00";A APOSTA GANHADORA DE ZERO ACERTO FOI REALIZADA EM MANAUS/AM.
1411;21/12/2013;0;5;6;9;15;23;25;27;36;43;45;47;51;55;59;69;83;89;94;97;0;;"R$0,00";12;"R$20.068,84";197;"R$1.222,47";1715;"R$87,76";13087;"R$11,50";0;-;0;"R$0,00";"R$922.756,97";"R$4.884.768,00";"R$1.500.000,00";
1412;26/12/2013;0;12;13;19;20;21;23;30;33;35;36;37;48;58;62;66;67;76;83;88;0;;"R$0,00";6;"R$32.432,66";97;"R$2.006,14";804;"R$151,27";5186;"R$23,45";0;-;0;"R$0,00";"R$1.360.597,77";"R$3.947.064,00";"R$1.800.000,00";
1413;28/12/2013;8;13;21;24;35;37;39;43;47;48;53;58;60;76;81;83;87;90;94;97;2;"ALAGOINHAS/BA; FORTALEZA/CE";"R$870.001,26";9;"R$24.089,19";126;"R$1.720,66";1059;"R$127,95";6258;"R$21,65";0;-;2;"R$54.200,68";"R$0,00";"R$4.397.493,00";"R$400.000,00";AS APOSTAS GANHADORAS DE ZERO ACERTO FORAM REALIZADAS EM ALAGOINHAS/BA E FOTALEZA/CE.
1414;31/12/2013;29;36;39;41;43;45;54;58;59;60;66;70;75;76;81;83;86;94;95;98;0;;"R$0,00";2;"R$62.503,91";79;"R$1.582,38";686;"R$113,89";3610;"R$21,64";0;-;1;"R$62.503,91";"R$218.763,70";"R$2.535.582,00";"R$600.000,00";A APOSTA GANHADORA DE ZERO ACERTO FOI REALIZADA EM JATI/CE.
1415;04/01/2014;1;4;6;7;9;10;18;21;22;33;40;46;52;61;62;69;75;84;87;95;0;;"R$0,00";11;"R$21.523,99";107;"R$2.212,75";1011;"R$146,36";6047;"R$24,47";0;-;0;"R$0,00";"R$751.482,41";"R$4.802.373,00";"R$1.100.000,00";
1416;09/01/2014;12;15;22;31;33;37;40;42;45;46;53;57;67;73;82;83;85;88;95;99;1;GOIANIRA/GO;"R$1.184.724,31";10;"R$24.756,68";162;"R$1.528,19";1497;"R$103,35";8900;"R$17,38";0;-;0;"R$0,00";"R$0,00";"R$5.021.493,00";"R$500.000,00";
1417;11/01/2014;3;14;16;17;24;25;34;35;37;40;46;54;55;56;62;70;71;74;76;85;0;;"R$0,00";18;"R$13.316,68";159;"R$1.507,55";1527;"R$98,10";9181;"R$16,31";0;-;0;"R$0,00";"R$663.108,89";"R$4.861.932,00";"R$1.200.000,00";
1418;15/01/2014;11;16;19;22;31;37;41;44;48;55;60;66;72;73;76;83;85;92;95;98;0;;"R$0,00";13;"R$18.744,01";146;"R$1.668,99";1313;"R$115,99";7148;"R$21,30";0;-;0;"R$0,00";"R$1.211.371,14";"R$4.942.495,50";"R$1.800.000,00";
1419;18/01/2014;5;7;8;10;18;19;21;31;32;36;39;42;45;64;71;78;80;86;97;98;0;;"R$0,00";8;"R$33.640,64";111;"R$2.424,55";907;"R$185,45";6130;"R$27,43";0;-;0;"R$0,00";"R$1.816.902,64";"R$5.458.768,50";"R$2.400.000,00";
1420;22/01/2014;12;17;23;26;27;34;35;36;39;59;60;67;68;70;73;77;79;92;93;96;0;;"R$0,00";9;"R$28.658,08";101;"R$2.553,69";1042;"R$154,70";6379;"R$25,27";0;-;0;"R$0,00";"R$2.397.228,70";"R$5.231.545,50";"R$3.000.000,00";
1421;25/01/2014;5;7;13;16;18;19;21;22;29;31;37;52;55;57;65;66;71;73;90;95;1;VILA VALÉRIO/ES;"R$2.903.888,45";25;"R$11.580,80";248;"R$1.667,74";2096;"R$86,33";11142;"R$16,24";0;-;1;"R$144.759,93";"R$0,00";"R$5.872.443,00";"R$400.000,00";A APOSTA GANHADORA DE ZERO ACERTO FOI REALIZADA EM PORTO VELHO/RO.
1422;29/01/2014;3;10;15;16;23;29;30;33;37;40;46;52;57;67;68;70;73;84;91;94;0;;"R$0,00";4;"R$53.981,95";89;"R$2.426,16";831;"R$162,40";5211;"R$25,89";0;-;0;"R$0,00";"R$485.837,50";"R$4.379.746,50";"R$1.000.000,00";
1423;01/02/2014;5;6;9;12;17;23;24;27;30;36;40;46;61;66;77;79;81;89;90;94;0;;"R$0,00";8;"R$31.361,22";90;"R$2.787,66";849;"R$184,69";5702;"R$27,50";0;-;1;"R$125.444,85";"R$924.894,47";"R$5.088.892,50";"R$1.500.000,00";A APOSTA GANHADORA DE ZERO ACERTO FOI REALIZADA EM SUZANO/SP.
1424;05/02/2014;9;15;16;17;21;28;49;61;64;67;76;80;86;87;88;91;92;93;94;96;0;;"R$0,00";4;"R$62.225,99";96;"R$2.592,75";849;"R$183,23";5248;"R$29,64";0;-;1;"R$124.451,97";"R$1.360.476,35";"R$5.048.614,50";"R$1.900.000,00";A APOSTA GANHADORA DO ZERO ACERTO FOI REALIZADA EM SÃO JOSÉ DO RIO PRETO/SP.
1425;08/02/2014;0;4;7;10;11;12;27;28;33;37;38;45;47;56;61;62;82;83;84;90;1;SÃO JOSÉ DOS CAMPOS/SP;"R$1.853.445,42";9;"R$31.299,62";98;"R$2.874,46";1010;"R$174,31";6100;"R$28,86";0;-;1;"R$140.848,31";"R$0,00";"R$5.713.761,00";"R$400.000,00";A APOSTA GANHADORA DE ZERO ACERTO FOI REALIZADA EM SÃO JOSÉ DOS CAMPOS/SP.
1426;12/02/2014;0;2;5;16;18;20;21;24;30;36;37;40;52;55;58;61;68;75;80;91;0;;"R$0,00";10;"R$21.896,85";123;"R$1.780,23";1224;"R$111,80";6748;"R$20,28";0;-;0;"R$0,00";"R$492.679,07";"R$4.441.422,00";"R$1.000.000,00";
1427;15/02/2014;7;11;12;16;25;29;34;40;41;54;63;64;67;70;71;83;88;93;94;96;0;;"R$0,00";13;"R$18.876,36";111;"R$2.210,74";906;"R$169,28";5594;"R$27,41";0;-;0;"R$0,00";"R$1.044.812,60";"R$4.977.394,50";"R$1.700.000,00";
1428;19/02/2014;0;4;14;23;24;29;31;35;45;48;53;59;62;69;71;72;74;80;88;96;0;;"R$0,00";9;"R$27.422,19";84;"R$2.938,09";896;"R$172,15";5531;"R$27,88";0;-;0;"R$0,00";"R$1.600.111,92";"R$5.005.933,50";"R$2.100.000,00";
1429;22/02/2014;1;4;8;14;17;19;27;35;36;39;41;44;59;64;66;68;70;77;89;93;0;;"R$0,00";29;"R$9.352,46";256;"R$1.513,51";2016;"R$84,08";10911;"R$15,53";0;-;0;"R$0,00";"R$2.210.359,82";"R$5.501.286,00";"R$2.800.000,00";
1430;26/02/2014;0;9;11;13;19;23;26;28;37;40;51;55;68;72;75;80;85;86;92;94;0;;"R$0,00";9;"R$30.489,43";146;"R$1.879,48";1324;"R$129,53";7422;"R$23,10";0;-;0;"R$0,00";"R$2.827.770,73";"R$5.565.859,50";"R$3.500.000,00";
1431;01/03/2014;0;9;10;13;14;20;22;26;34;36;39;41;47;55;58;59;69;83;92;97;5;"VILA VELHA/ES; MINEIROS/GO; GRAVATÁ/PE; RIO DE JANEIRO/RJ; CUBATÃO/SP";"R$671.400,32";138;"R$2.191,43";247;"R$1.749,08";1675;"R$112,84";8629;"R$21,90";0;-;1;"R$151.208,82";"R$0,00";"R$6.134.053,50";"R$300.000,00";A APOSTA GANHADORA DE ZERO ACERTO FOI REALIZADA EM CUBATÃO/SP
1432;05/03/2014;2;4;5;9;27;28;29;34;38;39;40;41;42;49;52;56;57;67;77;94;0;;"R$0,00";2;"R$64.577,46";57;"R$2.265,88";553;"R$145,97";3274;"R$24,65";0;-;0;"R$0,00";"R$290.598,56";"R$2.619.699,00";"R$800.000,00";
1433;08/03/2014;7;11;15;20;23;25;31;34;36;41;42;48;62;71;76;77;82;85;86;91;0;;"R$0,00";7;"R$35.210,85";108;"R$2.282,19";1096;"R$140,55";6456;"R$23,86";0;-;0;"R$0,00";"R$845.169,41";"R$4.999.366,50";"R$1.400.000,00";
1434;12/03/2014;13;14;20;25;33;40;47;51;53;55;56;58;66;69;71;72;79;97;98;99;0;;"R$0,00";7;"R$35.099,35";144;"R$1.706,22";1179;"R$130,24";9020;"R$17,02";0;-;0;"R$0,00";"R$1.397.984,16";"R$4.983.535,50";"R$2.000.000,00";
1435;15/03/2014;0;5;10;12;15;16;17;18;34;42;45;46;47;49;55;65;75;81;95;98;0;;"R$0,00";10;"R$27.887,42";181;"R$1.540,74";1603;"R$108,73";9149;"R$19,05";0;-;1;"R$139.437,11";"R$1.886.014,06";"R$5.656.513,50";"R$2.500.000,00";A APOSTA GANHADORA DE ZERO ACERTO FOI REALIZADA EM CAMPINAS/SP
1436;19/03/2014;0;2;9;14;23;26;31;32;33;37;44;49;59;65;74;78;80;83;86;89;0;;"R$0,00";9;"R$29.023,57";140;"R$1.865,81";1198;"R$136,27";6881;"R$23,72";0;-;0;"R$0,00";"R$2.473.741,41";"R$5.298.267,00";"R$3.100.000,00";
1437;22/03/2014;8;9;11;16;17;19;23;37;38;39;49;51;59;61;69;77;86;90;93;97;1;SÃO BERNARDO DO CAMPO/SP;"R$3.007.442,05";9;"R$33.885,76";135;"R$2.259,05";1395;"R$136,63";8126;"R$23,45";0;-;0;"R$0,00";"R$0,00";"R$6.185.860,50";"R$500.000,00";"O PRÊMIO DE ZERO ACERTO (R$ 152.485,90) FICA ACUMULADO PARA O PRÊMIO DE VINTE ACERTOS DO PRÓXIMO CONCURSO."
1438;26/03/2014;9;16;17;38;41;48;49;51;53;54;66;68;70;73;75;76;78;79;94;96;0;;"R$0,00";4;"R$53.209,43";83;"R$2.564,31";765;"R$173,88";4900;"R$27,14";0;-;0;"R$0,00";"R$631.370,70";"R$4.317.069,00";"R$1.200.000,00";
1439;29/03/2014;3;4;5;9;14;19;23;24;27;28;36;51;55;58;68;74;76;79;92;98;0;;"R$0,00";13;"R$19.236,55";127;"R$1.969,10";1244;"R$125,64";7537;"R$20,73";0;-;0;"R$0,00";"R$1.194.039,70";"R$5.072.370,00";"R$1.700.000,00";
1440;02/04/2014;11;19;29;32;35;37;43;52;55;59;66;72;76;80;86;89;91;92;93;96;0;;"R$0,00";6;"R$42.280,50";134;"R$1.893,15";1262;"R$125,63";7598;"R$20,86";0;-;0;"R$0,00";"R$1.764.826,48";"R$5.145.550,50";"R$2.200.000,00";
1441;05/04/2014;6;12;13;16;18;19;20;27;31;41;42;48;49;61;69;78;86;90;93;96;0;;"R$0,00";11;"R$26.086,68";157;"R$1.827,73";1219;"R$147,12";7997;"R$22,42";0;-;0;"R$0,00";"R$2.410.471,85";"R$5.820.388,50";"R$3.000.000,00";
1442;09/04/2014;0;3;20;28;30;32;34;35;39;45;53;56;64;65;70;77;85;89;91;92;0;;"R$0,00";7;"R$40.860,30";127;"R$2.252,14";1235;"R$144,74";7542;"R$23,70";0;-;0;"R$0,00";"R$3.054.021,51";"R$5.801.496,00";"R$3.700.000,00";
1443;12/04/2014;22;28;29;36;47;51;57;58;59;60;68;69;71;80;83;86;91;93;94;96;1;XINGUARA/PA;"R$3.603.549,88";9;"R$34.890,69";151;"R$2.079,58";1453;"R$135,07";8598;"R$22,82";0;-;2;"R$78.504,05";"R$0,00";"R$6.369.312,00";"R$40.000.000,00";AS APOSTAS GANHADORAS DE ZERO ACERTO FORAM REALIZADAS EM XINGUARA/PA E SÃO JOSÉ DOS CAMPOS/SP.
1444;19/04/2014;3;5;12;16;23;24;27;33;35;41;46;62;81;83;85;87;89;91;98;99;1;SÃO LUIS/MA;"R$37.261.929,79";86;"R$23.856,24";1264;"R$1.623,13";10509;"R$122,01";60179;"R$21,30";0;-;1;"R$1.025.818,50";"R$0,00";"R$41.614.143,00";"R$500.000,00";SORTEIO TRANSMITIDO AO VIVO - A APOSTA GANHADORA DE ZERO ACERTO FOI REALIZADA EM AMERICANA/SP
1445;23/04/2014;11;12;18;20;34;41;48;49;51;52;54;73;75;84;86;90;94;95;96;97;0;;"R$0,00";6;"R$32.811,48";76;"R$2.590,38";807;"R$152,46";5043;"R$24,39";0;-;0;"R$0,00";"R$442.955,03";"R$3.993.168,00";"R$1.000.000,00";
1446;26/04/2014;1;4;8;13;16;21;22;27;39;42;43;44;46;55;62;68;70;76;86;92;0;;"R$0,00";9;"R$29.700,47";144;"R$1.856,28";1344;"R$124,30";8091;"R$20,64";0;-;1;"R$133.652,10";"R$910.737,36";"R$5.421.834,00";"R$1.500.000,00";A APOSTA GANHADORA DE ZERO ACERTO FOI REALIZADA EM MOGI DAS CRUZES/SP.
1447;30/04/2014;0;1;8;13;14;18;28;30;33;42;53;55;57;61;64;80;84;86;94;99;0;;"R$0,00";11;"R$23.633,23";156;"R$1.666,45";1440;"R$112,83";7638;"R$21,27";0;-;1;"R$129.982,77";"R$1.365.677,07";"R$5.272.981,50";"R$1.900.000,00";A APOSTA GANHADORA DE ZERO ACERTO FOI REALIZADA EM FEIRA DE SANTANA/BA.
1448;03/05/2014;3;9;15;17;18;28;40;42;43;49;53;55;58;68;69;83;84;89;95;97;0;;"R$0,00";8;"R$33.879,13";134;"R$2.022,63";1227;"R$138,05";7528;"R$22,50";0;-;1;"R$135.516,50";"R$1.839.984,83";"R$5.497.467,00";"R$2.500.000,00";A APOSTA GANHADORA DE ZERO ACERTO FOI REALIZADA EM SÃO PAULO/SP.
1449;07/05/2014;2;3;6;7;11;17;21;26;31;40;44;47;49;57;67;69;70;77;82;86;1;ITAPURANGA/GO;"R$2.361.189,94";14;"R$21.273,68";116;"R$2.567,51";1261;"R$147,61";7609;"R$24,46";0;-;0;"R$0,00";"R$0,00";"R$6.041.031,00";"R$550.000,00";"O PRÊMIO DE ZERO ACERTO (R$ 148.915,75) FICA ACUMULADO PARA O PRÊMIO DE VINTE ACERTOS DO PRÓXIMO CONCURSO."
1450;10/05/2014;1;2;6;8;11;20;29;32;36;47;51;61;66;72;74;79;82;88;92;96;0;;"R$0,00";17;"R$15.163,03";154;"R$1.673,84";1388;"R$116,07";7604;"R$21,18";0;-;1;"R$128.885,70";"R$600.015,68";"R$5.228.476,50";"R$1.200.000,00";A APOSTA GANHADORA DE ZERO ACERTO FOI REALIZADA EM SÃO PAULO/SP
1451;14/05/2014;6;13;18;22;26;39;43;47;48;51;58;61;65;75;77;79;86;89;92;96;0;;"R$0,00";10;"R$24.169,72";120;"R$2.014,14";1299;"R$116,29";7447;"R$20,28";0;-;1;"R$120.848,61";"R$1.022.985,81";"R$4.902.438,00";"R$1.600.000,00";A APOSTA GANHADORA DE ZERO ACERTO FOI REALIZADA EM PARAUAPEBAS/PA.
1452;17/05/2014;3;8;9;11;19;20;28;35;40;48;49;56;59;69;70;84;85;90;94;95;1;PRESIDENTE DUTRA/MA;"R$1.490.263,81";6;"R$44.502,67";126;"R$2.119,18";1199;"R$139,18";6528;"R$25,56";0;-;1;"R$133.508,00";"R$0,00";"R$5.415.988,50";"R$400.000,00";A APOSTA GANHADORA DE ZERO ACERTO FOI REALIZADA EM PRESIDENTE DUTRA/MA.
1453;21/05/2014;7;8;9;14;15;26;32;43;44;45;49;56;58;63;69;75;78;79;82;85;2;"PATO BRANCO/PR; SÃO PAULO/SP";"R$186.769,93";4;"R$53.362,84";155;"R$1.377,11";1519;"R$87,82";6972;"R$19,13";0;-;1;"R$106.725,67";"R$0,00";"R$4.329.516,00";"R$400.000,00";A APOSTA GANHADORA DE ZERO ACERTO FOI REALIZADA EM SÃO PAULO/SP.
1454;24/05/2014;0;7;30;34;35;43;51;57;66;67;68;73;77;79;83;89;90;95;97;99;0;;"R$0,00";7;"R$31.551,27";158;"R$1.397,84";1149;"R$120,13";7027;"R$19,64";0;-;0;"R$0,00";"R$496.932,38";"R$4.479.765,00";"R$1.000.000,00";
1455;28/05/2014;3;4;7;17;25;26;30;37;38;44;48;49;52;53;54;71;72;82;91;96;1;SÃO MATEUS/ES;"R$873.335,05";6;"R$35.847,87";87;"R$2.472,27";795;"R$169,09";5078;"R$26,47";0;-;1;"R$107.543,62";"R$0,00";"R$4.362.697,50";"R$400.000,00";A APOSTA GANHADORA DE ZERO ACERTO FOI REALIZADA EM SÃO MATEUS/ES.
1456;31/05/2014;3;4;6;9;10;13;32;37;38;40;45;61;65;68;69;71;72;79;82;86;0;;"R$0,00";5;"R$44.252,56";85;"R$2.603,09";970;"R$142,56";5276;"R$26,21";0;-;0;"R$0,00";"R$497.841,22";"R$4.487.958,00";"R$1.000.000,00";
1457;04/06/2014;4;5;15;23;28;34;36;39;40;47;61;70;73;77;83;89;90;91;92;97;0;;"R$0,00";6;"R$37.782,44";134;"R$1.691,75";936;"R$151,37";5898;"R$24,02";0;-;0;"R$0,00";"R$1.007.904,12";"R$4.598.134,50";"R$1.600.000,00";
1458;07/06/2014;0;2;8;13;17;20;29;32;35;43;46;47;49;50;55;71;75;85;90;92;1;CONTAGEM/MG;"R$1.450.170,09";4;"R$63.180,86";169;"R$1.495,41";1249;"R$126,46";7179;"R$22,00";0;-;0;"R$0,00";"R$0,00";"R$5.126.086,50";"R$500.000,00";"O PRÊMIO DE ZERO ACERTO (R$ 126.361,71) FICA ACUMULADO PARA O PRÊMIO DE VINTE ACERTOS DO PRÓXIMO CONCURSO."
1459;11/06/2014;4;16;17;20;22;31;33;37;38;41;45;47;48;58;62;75;78;80;81;95;1;AMARGOSA/BA;"R$482.931,85";6;"R$33.959,06";71;"R$2.869,78";829;"R$153,61";4947;"R$25,74";0;-;1;"R$101.877,19";"R$0,00";"R$4.132.828,50";"R$500.000,00";A APOSTA GANHADORA DE ZERO ACERTO FOI REALIZADA EM AMARGOSA/BA
1460;14/06/2014;2;4;7;19;31;34;37;45;54;57;60;66;69;84;85;86;87;90;93;95;0;;"R$0,00";12;"R$17.008,30";96;"R$2.126,04";818;"R$155,94";5008;"R$25,47";0;-;0;"R$0,00";"R$459.224,05";"R$4.139.830,50";"R$1.000.000,00";
1461;18/06/2014;1;2;6;8;13;17;21;22;23;27;34;44;50;57;61;68;74;77;95;99;1;SÃO PAULO/SP;"R$792.960,12";12;"R$15.892,20";138;"R$1.381,93";1117;"R$106,70";6178;"R$19,29";0;-;1;"R$95.353,16";"R$0,00";"R$3.868.170,00";"R$400.000,00";A APOSTA GANHADORA DE ZERO ACERTO FOI REALIZADA EM SÃO PEDRO DE ALDEIA/RJ.
1462;21/06/2014;0;2;16;19;34;44;45;48;58;60;61;63;64;65;71;77;80;91;92;97;0;;"R$0,00";6;"R$31.325,07";72;"R$2.610,42";677;"R$173,51";4374;"R$26,85";0;-;0;"R$0,00";"R$422.888,46";"R$3.812.271,00";"R$900.000,00";
1463;25/06/2014;0;5;19;20;25;31;34;36;43;46;47;57;62;66;73;76;77;82;91;92;1;CLEVELÂNDIA/PR;"R$738.819,69";7;"R$25.790,31";83;"R$2.175,09";850;"R$132,74";5174;"R$21,80";0;-;0;"R$0,00";"R$0,00";"R$3.661.803,00";"R$450.000,00";"O PRÊMIO DE ZERO ACERTO (R$ 90.266,07) FICA ACUMULADO PARA O PRÊMIO DE VINTE ACERTOS DO PRÓXIMO CONCURSO."
1464;28/06/2014;2;3;4;5;9;16;17;35;36;38;40;51;55;56;59;60;78;82;83;85;1;MOGI DAS CRUZES/SP;"R$406.461,83";34;"R$5.314,22";160;"R$1.613,24";1108;"R$101,91";7081;"R$15,94";0;-;1;"R$90.341,65";"R$0,00";"R$3.664.869,00";"R$400.000,00";A APOSTA GANHADORA DE ZERO ACERTO FOI REALIZADA EM EMBU DAS ARTES/SP.
1465;02/07/2014;1;10;11;15;18;32;34;37;40;42;44;46;54;61;62;79;83;91;92;93;1;BARBALHA/CE;"R$334.380,30";2;"R$95.537,23";63;"R$3.032,93";615;"R$194,18";4073;"R$29,32";0;-;0;"R$0,00";"R$0,00";"R$3.875.637,00";"R$500.000,00";"O PRÊMIO DE ZERO ACERTO (R$ 95.537,23) FICA ACUMULADO PARA O PRÊMIO DE VINTE ACERTOS DO PRÓXIMO CONCURSO."
1466;05/07/2014;4;9;14;16;20;21;28;35;41;44;50;67;76;77;82;84;85;86;90;98;0;;"R$0,00";9;"R$22.282,23";75;"R$2.673,87";669;"R$187,35";4417;"R$28,37";0;-;0;"R$0,00";"R$546.752,32";"R$4.067.631,00";"R$1.000.000,00";
1467;09/07/2014;2;3;12;20;25;33;34;41;43;45;48;53;64;67;77;78;80;85;86;88;0;;"R$0,00";10;"R$18.345,07";86;"R$2.133,15";782;"R$146,61";4738;"R$24,19";0;-;0;"R$0,00";"R$959.516,45";"R$3.721.002,00";"R$1.500.000,00";
1468;12/07/2014;2;5;8;11;14;30;35;36;37;38;49;50;54;60;62;69;74;80;87;88;0;;"R$0,00";4;"R$59.126,50";88;"R$2.687,57";805;"R$183,62";4957;"R$29,81";0;-;0;"R$0,00";"R$1.491.654,95";"R$4.797.142,50";"R$2.000.000,00";
1469;16/07/2014;1;8;11;15;18;19;21;26;30;38;42;45;54;56;63;73;76;87;92;95;0;;"R$0,00";11;"R$21.310,63";115;"R$2.038,41";1059;"R$138,34";6326;"R$23,16";0;-;0;"R$0,00";"R$2.019.093,03";"R$4.754.769,00";"R$2.500.000,00";
1470;19/07/2014;0;10;13;17;18;22;30;31;32;43;45;46;65;73;74;82;85;87;97;99;0;;"R$0,00";9;"R$28.907,42";129;"R$2.016,80";1141;"R$142,51";6962;"R$23,35";0;-;0;"R$0,00";"R$2.604.468,26";"R$5.277.063,00";"R$3.200.000,00";
1471;23/07/2014;2;4;10;13;23;27;39;41;47;49;54;57;60;63;64;65;66;71;83;87;0;;"R$0,00";6;"R$45.513,53";97;"R$2.815,27";1074;"R$158,91";6873;"R$24,83";0;-;0;"R$0,00";"R$3.218.900,92";"R$5.539.011,00";"R$3.800.000,00";
1472;26/07/2014;0;3;6;8;10;12;21;30;31;37;41;43;64;65;67;68;72;76;81;86;0;;"R$0,00";8;"R$35.833,59";122;"R$2.349,74";1089;"R$164,52";6979;"R$25,67";0;-;0;"R$0,00";"R$3.863.905,51";"R$5.814.612,00";"R$4.500.000,00";
1473;30/07/2014;5;6;8;9;12;21;24;25;40;53;56;64;70;73;79;84;87;92;94;96;1;GOIÂNIA/GO;"R$4.396.246,12";6;"R$50.699,11";143;"R$2.127,23";1201;"R$158,30";7844;"R$24,23";0;-;1;"R$152.097,32";"R$0,00";"R$6.170.097,00";"R$400.000,00";A APOSTA GANHADORA DE ZERO ACERTO FOI REALIZADA EM GOIÂNIA/GO.
1474;02/08/2014;4;14;16;17;20;22;26;30;36;39;47;51;52;54;57;59;64;70;71;92;0;;"R$0,00";9;"R$25.544,19";120;"R$1.915,81";1038;"R$138,42";6272;"R$22,90";0;-;0;"R$0,00";"R$517.269,86";"R$4.663.104,00";"R$1.000.000,00";
1475;06/08/2014;1;6;7;15;25;30;34;38;41;45;49;58;60;62;75;78;84;91;93;98;0;;"R$0,00";15;"R$15.638,84";158;"R$1.484,70";1315;"R$111,49";7527;"R$19,47";0;-;0;"R$0,00";"R$1.045.080,66";"R$4.758.129,00";"R$1.600.000,00";
1476;09/08/2014;0;5;7;17;19;23;30;35;36;37;44;46;49;70;74;87;88;90;95;99;0;;"R$0,00";14;"R$18.568,85";147;"R$1.768,46";1251;"R$129,87";7452;"R$21,80";0;-;0;"R$0,00";"R$1.629.999,31";"R$5.272.947,00";"R$2.200.000,00";
1477;13/08/2014;6;16;17;18;21;24;27;42;43;52;57;59;61;63;67;71;75;80;90;92;0;;"R$0,00";2;"R$124.567,81";86;"R$2.896,93";791;"R$196,85";5340;"R$29,15";0;-;1;"R$124.567,81";"R$2.065.986,65";"R$5.053.314,00";"R$2.600.000,00";A APOSTA GANHADORA DE ZERO ACERTO FOI REALIZADA EM SÃO LUÍS/MA.
1478;16/08/2014;0;2;5;15;17;40;48;49;52;62;63;68;71;78;81;83;88;94;97;98;0;;"R$0,00";5;"R$52.709,10";93;"R$2.833,82";827;"R$199,17";5212;"R$31,60";0;-;0;"R$0,00";"R$2.658.964,02";"R$5.345.595,00";"R$3.300.000,00";
1479;20/08/2014;3;7;10;12;15;20;28;30;34;35;43;51;60;61;69;71;72;80;85;99;0;;"R$0,00";5;"R$53.956,77";123;"R$2.193,36";1097;"R$153,70";6809;"R$24,76";0;-;0;"R$0,00";"R$3.265.977,75";"R$5.472.130,50";"R$3.800.000,00";
1480;23/08/2014;0;1;4;5;8;13;14;17;22;26;43;54;59;60;62;66;77;87;96;97;3;"CARNEIRINHO/MG; Montes Claros/MG";"R$1.258.729,39";13;"R$22.426,84";148;"R$1.969,92";1491;"R$122,21";8912;"R$20,44";0;-;1;"R$145.774,41";"R$0,00";"R$5.913.597,00";"R$450.000,00";A APOSTA GANHADORA DE ZERO ACERTO FOI REALIZADA EM CAPIVARI/SP
1481;27/08/2014;4;8;9;11;16;19;21;31;40;46;48;50;55;59;62;64;66;70;80;99;0;;"R$0,00";7;"R$27.789,95";136;"R$1.430,36";1168;"R$104,09";6451;"R$18,84";0;-;0;"R$0,00";"R$437.691,72";"R$3.945.720,00";"R$900.000,00";
1482;30/08/2014;0;9;13;21;32;33;36;52;57;60;61;64;66;70;73;77;88;89;90;97;0;;"R$0,00";6;"R$35.543,02";143;"R$1.491,32";1409;"R$94,59";6702;"R$19,88";0;-;0;"R$0,00";"R$917.522,46";"R$4.325.596,50";"R$1.500.000,00";
1483;03/09/2014;4;5;7;27;31;32;35;45;52;53;56;59;60;61;63;71;82;85;86;97;1;FLORES DA CUNHA/RS;"R$1.326.982,32";7;"R$33.425,30";80;"R$2.924,72";836;"R$174,92";5272;"R$27,73";0;-;0;"R$0,00";"R$0,00";"R$4.745.847,00";"R$500.000,00";"O PRÊMIO DE ZERO ACERTO (R$ 116.988,53) FICA ACUMULADO PARA O PRÊMIO DE VINTE ACERTOS DO PRÓXIMO CONCURSO."
1484;06/09/2014;1;6;14;15;36;39;40;43;46;50;52;55;57;61;64;65;77;78;79;87;0;;"R$0,00";2;"R$101.088,41";82;"R$2.465,57";699;"R$180,77";4631;"R$27,28";0;-;0;"R$0,00";"R$571.886,38";"R$4.100.830,50";"R$1.100.000,00";
1485;10/09/2014;0;10;25;29;31;37;43;47;51;53;55;60;64;80;84;88;92;94;95;99;0;;"R$0,00";7;"R$30.475,25";111;"R$1.921,86";1033;"R$129,06";5914;"R$22,54";0;-;0;"R$0,00";"R$1.051.871,53";"R$4.326.988,50";"R$1.600.000,00";
1486;13/09/2014;0;6;19;29;32;35;37;39;45;47;55;57;64;71;73;76;83;91;95;96;1;SANTA MARIA/RS;"R$1.483.397,38";10;"R$24.658,62";150;"R$1.643,91";1302;"R$118,36";7706;"R$19,99";0;-;0;"R$0,00";"R$0,00";"R$5.001.603,00";"R$600.000,00";"O PRÊMIO DE ZERO ACERTO (R$ 123.293,10) FICA ACUMULADO PARA O PRÊMIO DE VINTE ACERTOS DO PRÓXIMO CONCURSO."
1487;17/09/2014;11;12;14;18;20;26;29;30;35;40;46;54;65;67;69;74;77;78;86;87;0;;"R$0,00";3;"R$67.725,55";98;"R$2.073,23";1011;"R$125,60";6172;"R$20,57";0;-;0;"R$0,00";"R$580.440,57";"R$4.121.110,50";"R$1.000.000,00";
1488;20/09/2014;2;4;7;8;9;24;29;44;46;47;51;63;64;66;70;81;84;87;90;92;0;;"R$0,00";13;"R$17.657,10";2244;"R$146,13";1270;"R$112,96";6404;"R$22,40";0;-;0;"R$0,00";"R$1.096.910,57";"R$4.655.893,50";"R$1.600.000,00";
1489;24/09/2014;5;7;8;12;14;18;30;47;49;60;62;65;66;73;80;83;87;89;94;97;0;;"R$0,00";6;"R$37.761,30";112;"R$2.022,93";983;"R$144,05";5980;"R$23,67";0;-;0;"R$0,00";"R$1.606.688,11";"R$4.595.562,00";"R$2.200.000,00";
1490;27/09/2014;10;14;19;21;23;28;29;35;41;58;62;64;72;76;77;78;82;85;96;98;0;;"R$0,00";7;"R$35.962,55";142;"R$1.772,80";1266;"R$124,27";7635;"R$20,60";0;-;0;"R$0,00";"R$2.173.098,27";"R$5.106.096,00";"R$2.800.000,00";
1491;01/10/2014;3;7;11;14;21;28;37;41;49;50;54;58;69;73;77;78;80;87;88;90;0;;"R$0,00";15;"R$16.588,13";165;"R$1.508,01";1318;"R$117,99";7403;"R$21,00";0;-;0;"R$0,00";"R$2.732.947,59";"R$5.046.951,00";"R$3.300.000,00";
1492;04/10/2014;4;23;28;30;31;36;37;38;41;42;44;46;50;53;54;58;70;78;89;95;0;;"R$0,00";10;"R$29.657,57";145;"R$2.045,35";1314;"R$141,06";9018;"R$20,55";0;-;0;"R$0,00";"R$3.400.242,94";"R$6.015.559,50";"R$4.000.000,00";
1493;08/10/2014;1;9;13;16;19;28;33;34;39;40;47;48;53;56;63;65;69;73;78;98;0;;"R$0,00";14;"R$21.647,74";181;"R$1.674,41";1582;"R$119,73";9240;"R$20,49";0;-;0;"R$0,00";"R$4.082.146,86";"R$6.147.253,50";"R$4.700.000,00";
1494;11/10/2014;2;9;10;16;20;27;35;36;44;49;55;60;61;82;86;88;93;94;98;99;0;;"R$0,00";11;"R$29.418,17";170;"R$1.903,53";1398;"R$144,67";8295;"R$24,38";0;-;0;"R$0,00";"R$4.810.246,47";"R$6.563.700,00";"R$5.500.000,00";
1495;15/10/2014;0;1;20;27;34;35;36;43;45;54;55;58;67;70;71;81;83;87;89;95;0;;"R$0,00";16;"R$20.436,23";151;"R$2.165,43";1474;"R$138,64";9675;"R$21,12";0;-;1;"R$163.489,83";"R$5.382.460,86";"R$6.632.254,50";"R$6.000.000,00";A APOSTA GANHADORA DE ZERO ACERTO FOI REALIZADA EM SÃO PAULO/SP
1496;18/10/2014;3;5;11;12;16;17;22;24;31;32;37;57;60;61;77;81;84;85;86;95;0;;"R$0,00";9;"R$39.208,78";148;"R$2.384,32";1476;"R$149,42";9159;"R$24,08";0;-;0;"R$0,00";"R$6.176.438,52";"R$7.157.580,00";"R$7.000.000,00";
1497;22/10/2014;0;9;15;19;21;26;30;44;49;50;51;54;56;63;69;76;81;83;91;93;2;"IBICUÍ/BA; IBICUÍ/BA; PIRACICABA/SP";"R$3.408.431,60";14;"R$26.139,78";207;"R$1.767,91";1893;"R$120,82";10372;"R$22,05";0;-;1;"R$182.978,48";"R$0,00";"R$7.422.846,00";"R$400.000,00";A APOSTA GANHADORA DE ZERO ACERTO FOI RELIZADA EM IBICUÍ/BA.
1498;25/10/2014;0;1;2;9;14;16;18;19;25;27;33;34;46;52;56;57;60;78;82;83;0;;"R$0,00";8;"R$27.436,64";102;"R$2.151,90";1175;"R$116,75";6923;"R$19,81";0;-;0;"R$0,00";"R$493.859,45";"R$4.452.063,00";"R$1.000.000,00";
1499;29/10/2014;12;15;22;23;28;30;35;43;45;51;58;60;64;69;70;71;76;84;91;93;1;PORTO ALEGRE/RS;"R$863.919,56";9;"R$23.495,88";123;"R$1.719,21";1257;"R$105,14";6655;"R$19,85";0;-;0;"R$0,00";"R$0,00";"R$4.289.184,00";"R$400.000,00";"O VALOR DO PRÊMIO DE ZERO ACERTO (R$ 105.731,46) FICA ACUMULADO PARA O PRÊMIO PRINCIPAL DO PRÓXIMO CONCURSO."
1500;01/11/2014;1;10;12;15;18;25;26;31;44;59;63;64;69;70;71;81;87;92;93;99;0;;"R$0,00";7;"R$31.291,30";137;"R$1.598,83";769;"R$178,02";4890;"R$27,99";0;-;0;"R$0,00";"R$598.569,42";"R$4.442.854,50";"R$1.000.000,00";
1501;05/11/2014;15;17;21;26;33;35;39;42;46;51;54;55;59;62;69;70;92;94;98;99;0;;"R$0,00";10;"R$22.399,00";168;"R$1.333,27";1290;"R$108,52";7764;"R$18,03";0;-;0;"R$0,00";"R$1.102.547,02";"R$4.543.276,50";"R$1.600.000,00";
1502;08/11/2014;6;18;21;22;26;29;40;49;54;60;61;65;66;74;75;82;84;87;94;95;0;;"R$0,00";4;"R$61.994,92";103;"R$2.407,57";912;"R$169,94";5452;"R$28,42";0;-;0;"R$0,00";"R$1.660.501,29";"R$5.029.867,50";"R$2.200.000,00";
1503;12/11/2014;6;7;9;19;25;28;29;33;37;38;46;47;49;51;58;66;67;80;92;96;0;;"R$0,00";9;"R$27.897,83";126;"R$1.992,70";1164;"R$134,81";8512;"R$18,43";0;-;0;"R$0,00";"R$2.225.432,40";"R$5.092.762,50";"R$2.800.000,00";
1504;14/11/2014;8;16;18;22;39;49;58;60;61;64;65;66;69;70;75;79;84;91;96;98;0;;"R$0,00";9;"R$21.490,30";98;"R$1.973,60";878;"R$137,67";5479;"R$22,06";0;-;0;"R$0,00";"R$2.660.610,92";"R$3.923.064,00";"R$3.000.000,00";
1505;19/11/2014;1;15;17;22;26;28;29;33;45;46;49;50;51;58;71;73;75;85;92;96;0;;"R$0,00";15;"R$18.258,27";236;"R$1.657,83";2072;"R$82,61";11186;"R$15,30";0;-;0;"R$0,00";"R$3.276.827,64";"R$5.555.094,00";"R$4.000.000,00";
1506;22/11/2014;3;16;22;28;31;32;34;46;49;51;53;54;57;67;71;75;85;90;97;99;0;;"R$0,00";11;"R$25.955,54";148;"R$1.929,13";1279;"R$139,51";7676;"R$23,24";0;-;0;"R$0,00";"R$3.919.227,02";"R$5.791.126,50";"R$4.500.000,00";
1507;26/11/2014;5;7;9;16;26;29;40;45;47;52;60;64;65;73;81;87;92;94;96;99;0;"CAMPO BELO/MG; PALMAS/TO";"R$0,00";18;"R$16.489,50";242;"R$1.752,13";2119;"R$87,54";16876;"R$10,99";0;-;2;"R$74.202,74";"R$4.438.646,19";"R$6.020.331,00";"R$5.000.000,00";
1508;29/11/2014;1;5;23;28;39;41;47;58;63;66;69;72;74;80;87;88;89;93;95;99;0;;"R$0,00";19;"R$17.786,60";206;"R$1.640,51";1668;"R$126,62";10188;"R$20,73";0;-;0;"R$0,00";"R$5.199.023,24";"R$6.854.676,00";"R$6.000.000,00";
1509;03/12/2014;1;2;4;6;16;19;29;30;40;51;54;57;58;67;72;75;79;83;93;96;0;;"R$0,00";9;"R$40.914,58";125;"R$2.945,85";1147;"R$200,64";7598;"R$30,29";0;-;0;"R$0,00";"R$6.027.543,45";"R$7.468.975,50";"R$6.800.000,00";
1510;06/12/2014;0;4;6;30;31;35;40;41;48;51;53;63;66;67;69;70;74;75;85;89;0;;"R$0,00";17;"R$23.757,58";165;"R$2.447,75";1730;"R$145,91";10467;"R$24,11";0;-;0;"R$0,00";"R$6.936.270,93";"R$8.192.031,00";"R$7.800.000,00";
1511;10/12/2014;0;1;4;5;6;16;19;42;43;47;56;63;65;67;73;82;85;87;88;91;1;PAULO AFONSO/BA;"R$7.609.509,86";15;"R$25.647,20";228;"R$1.687,32";2115;"R$113,68";12684;"R$18,95";0;-;0;"R$0,00";"R$0,00";"R$7.803.180,00";"R$600.000,00";
1512;13/12/2014;9;10;11;22;26;38;45;48;49;57;60;67;69;70;73;74;84;85;86;97;0;;"R$0,00";7;"R$34.408,29";76;"R$3.169,18";719;"R$209,36";4934;"R$30,50";0;-;0;"R$0,00";"R$734.284,51";"R$4.885.416,00";"R$1.300.000,00";
1513;17/12/2014;0;6;7;14;15;16;18;20;21;29;31;33;37;44;49;58;68;72;84;90;0;;"R$0,00";3;"R$78.488,82";99;"R$2.378,45";1079;"R$136,39";6284;"R$23,41";0;-;0;"R$0,00";"R$1.264.084,03";"R$4.776.057,00";"R$1.800.000,00";
1514;20/12/2014;9;10;14;29;31;37;43;51;55;60;62;68;69;73;80;82;85;86;87;88;1;"SÃO VICENTE/SP; SÃO VICENTE/SP";"R$1.727.386,48";13;"R$20.364,94";126;"R$2.101,15";1236;"R$133,87";7965;"R$20,77";0;-;1;"R$132.372,13";"R$0,00";"R$5.369.910,00";"R$400.000,00";
1515;24/12/2014;17;18;25;26;29;31;33;36;40;45;46;47;52;56;65;66;68;71;80;83;0;RESTINGA SECA/RS;"R$0,00";8;"R$24.054,14";110;"R$1.749,40";983;"R$122,35";6008;"R$20,01";0;-;1;"R$96.216,56";"R$336.757,94";"R$3.903.195,00";"R$700.000,00";
1516;27/12/2014;0;1;9;12;13;20;28;29;34;39;52;54;63;72;79;89;90;93;95;99;0;;"R$0,00";10;"R$19.839,67";105;"R$1.889,49";1030;"R$120,38";6302;"R$19,67";0;-;0;"R$0,00";"R$783.150,48";"R$4.024.156,50";"R$1.200.000,00";
1517;31/12/2014;2;5;8;9;10;12;28;34;43;46;47;51;54;63;67;76;80;85;89;99;1;BARREIRAS/BA;"R$1.167.358,63";9;"R$24.394,17";129;"R$1.701,92";1205;"R$113,87";6760;"R$20,29";0;-;0;"R$0,00";"R$0,00";"R$4.453.167,00";"R$400.000,00";
1518;03/01/2015;2;5;10;14;19;20;22;23;38;40;49;51;53;54;56;75;79;82;85;93;0;;"R$0,00";6;"R$29.042,53";76;"R$2.292,83";862;"R$126,34";4912;"R$22,17";0;-;0;"R$0,00";"R$501.847,84";"R$3.534.484,50";"R$900.000,00";
1519;07/01/2015;3;6;13;19;32;37;42;44;45;50;51;56;64;69;70;73;75;82;84;99;2;"CUIABÁ/MT; RIO DE JANEIRO/RJ";"R$447.158,38";7;"R$32.038,28";151;"R$1.485,22";1251;"R$112,04";7468;"R$18,76";0;-;0;"R$0,00";"R$0,00";"R$4.548.913,50";"R$500.000,00";
1520;10/01/2015;5;6;7;12;15;20;30;33;37;57;58;60;64;67;72;82;87;88;95;96;0;;"R$0,00";2;"R$115.088,59";70;"R$3.288,25";756;"R$190,29";5233;"R$27,49";0;-;0;"R$0,00";"R$630.032,62";"R$4.668.772,50";"R$1.100.000,00";
1521;14/01/2015;1;2;6;8;19;20;21;28;38;41;46;51;55;57;68;81;87;91;92;97;0;;"R$0,00";11;"R$20.938,34";114;"R$2.020,37";981;"R$146,73";6682;"R$21,54";0;-;0;"R$0,00";"R$1.148.256,56";"R$4.671.705,00";"R$1.600.000,00";
1522;17/01/2015;1;3;11;18;19;35;44;54;59;60;64;68;70;71;76;77;79;80;84;96;0;;"R$0,00";4;"R$62.794,83";74;"R$3.394,32";826;"R$190,05";5345;"R$29,37";0;-;0;"R$0,00";"R$1.713.409,97";"R$5.094.766,50";"R$2.300.000,00";
1523;21/01/2015;0;4;10;12;18;24;28;36;39;42;43;47;49;50;54;64;67;81;86;98;0;;"R$0,00";9;"R$27.084,82";127;"R$1.919,40";1027;"R$148,34";6312;"R$24,13";0;-;0;"R$0,00";"R$2.261.877,55";"R$4.944.346,50";"R$2.800.000,00";
1524;24/01/2015;2;7;8;14;16;21;22;26;30;32;36;42;48;59;72;82;87;90;93;95;0;;"R$0,00";10;"R$26.571,56";112;"R$2.372,46";1074;"R$154,62";6884;"R$24,12";0;-;0;"R$0,00";"R$2.859.737,54";"R$5.389.611,00";"R$3.400.000,00";
1525;28/01/2015;7;15;23;24;26;29;30;43;49;53;54;61;63;67;68;78;80;85;93;94;0;;"R$0,00";3;"R$91.636,33";102;"R$2.695,19";1045;"R$164,41";6344;"R$27,08";0;-;0;"R$0,00";"R$3.478.282,75";"R$5.576.085,00";"R$4.000.000,00";
1526;31/01/2015;3;6;7;17;18;23;25;26;38;50;51;62;66;70;78;82;86;88;90;98;0;;"R$0,00";14;"R$22.427,58";167;"R$1.880,16";1763;"R$111,31";8242;"R$23,80";0;-;0;"R$0,00";"R$4.184.751,51";"R$6.368.701,50";"R$4.800.000,00";
1527;04/02/2015;1;4;8;10;18;23;24;26;37;39;40;47;72;81;84;89;93;94;96;99;1;"PETRÓPOLIS/RJ; PETRÓPOLIS/RJ";"R$4.740.595,27";4;"R$79.406,25";126;"R$2.520,84";1187;"R$167,24";7707;"R$25,75";0;-;1;"R$158.812,50";"R$0,00";"R$6.442.510,50";"R$400.000,00";
1528;07/02/2015;7;11;17;41;46;48;50;52;56;60;61;62;69;71;78;79;81;82;92;94;0;;"R$0,00";6;"R$38.607,07";82;"R$2.824,91";870;"R$166,40";5083;"R$28,48";0;-;0;"R$0,00";"R$521.195,39";"R$4.698.492,00";"R$900.000,00";
1529;11/02/2015;2;3;6;8;9;15;20;26;34;49;54;55;63;64;67;74;76;82;87;98;0;;"R$0,00";6;"R$38.506,63";123;"R$1.878,37";1261;"R$114,51";7274;"R$19,85";0;-;0;"R$0,00";"R$1.041.034,82";"R$4.686.268,50";"R$1.600.000,00";
1530;14/02/2015;0;7;13;15;17;32;41;43;45;48;51;53;54;61;63;66;72;79;84;88;0;GOIÂNIA/GO;"R$0,00";9;"R$27.536,39";143;"R$1.733,06";1250;"R$123,91";7463;"R$20,75";0;-;1;"R$123.913,78";"R$1.474.733,05";"R$5.026.782,00";"R$1.800.000,00";
1531;18/02/2015;13;14;15;25;26;27;35;39;50;51;52;61;65;69;70;72;75;77;92;94;0;;"R$0,00";8;"R$19.309,00";57;"R$2.710,03";580;"R$166,45";3767;"R$25,62";0;-;0;"R$0,00";"R$1.822.295,02";"R$3.133.215,00";"R$2.200.000,00";
1532;21/02/2015;5;8;14;16;17;21;27;38;49;50;51;54;57;61;66;75;77;83;92;94;0;;"R$0,00";11;"R$24.660,78";218;"R$1.777,64";1740;"R$97,43";9782;"R$17,33";0;-;0;"R$0,00";"R$2.432.649,24";"R$5.502.244,50";"R$3.000.000,00";
1533;25/02/2015;8;10;25;34;36;38;53;54;55;56;58;69;76;81;84;85;86;88;98;99;2;"BRASÍLIA/DF; BRASÍLIA/DF; RIO DE JANEIRO/RJ; FLORIANÓPOLIS/SC";"R$1.448.769,49";8;"R$33.206,41";156;"R$1.702,89";1367;"R$121,45";7600;"R$21,84";0;-;2;"R$66.412,82";"R$0,00";"R$5.388.307,50";"R$400.000,00";
1534;28/02/2015;0;3;4;6;13;14;20;35;39;40;42;45;48;70;72;76;80;81;87;94;0;;"R$0,00";6;"R$37.222,63";91;"R$2.454,24";745;"R$187,36";5000;"R$27,91";0;-;0;"R$0,00";"R$502.505,53";"R$4.530.006,00";"R$1.000.000,00";
1535;04/03/2015;0;1;8;19;30;35;37;38;48;50;59;61;65;68;69;71;74;76;84;97;0;;"R$0,00";4;"R$58.496,45";89;"R$2.629,06";786;"R$186,05";5176;"R$28,25";0;-;0;"R$0,00";"R$1.028.973,54";"R$4.746.024,00";"R$1.500.000,00";
1536;07/03/2015;0;1;4;12;15;16;17;23;28;29;30;32;34;43;45;50;52;61;63;85;0;BARRA VELHA/SC;"R$0,00";25;"R$10.691,66";359;"R$1.063,63";2462;"R$67,85";12674;"R$13,18";0;-;1;"R$133.645,74";"R$1.496.733,61";"R$5.421.576,00";"R$2.000.000,00";
1537;11/03/2015;7;10;16;22;24;32;35;40;45;46;58;63;65;66;71;72;83;86;92;97;0;;"R$0,00";6;"R$42.645,57";112;"R$2.284,59";1083;"R$147,66";6410;"R$24,94";0;-;0;"R$0,00";"R$2.072.448,77";"R$5.189.979,00";"R$2.600.000,00";
1538;14/03/2015;2;3;7;9;11;15;16;18;34;50;57;63;68;74;83;85;86;87;94;96;0;;"R$0,00";3;"R$93.632,30";163;"R$1.723,29";1455;"R$120,66";8392;"R$20,91";0;-;0;"R$0,00";"R$2.704.466,77";"R$5.697.540,00";"R$3.300.000,00";
1539;18/03/2015;4;12;16;17;25;29;32;34;42;48;53;59;60;63;69;74;76;80;95;99;0;;"R$0,00";16;"R$17.768,92";182;"R$1.562,10";1415;"R$125,57";8255;"R$21,52";0;-;0;"R$0,00";"R$3.344.147,98";"R$5.766.622,50";"R$4.000.000,00";
1540;21/03/2015;2;7;19;25;28;34;49;54;56;58;59;66;67;72;73;85;91;93;98;99;1;SÃO PAULO/SP;"R$3.904.685,93";10;"R$32.030,74";178;"R$1.799,48";1528;"R$131,01";9259;"R$21,62";0;-;0;"R$0,00";"R$0,00";"R$6.496.918,50";"R$600.000,00";"O PRÊMIO DE ZERO ACERTO (R$ R$ 160.153,70) FICA ACUMULADO PARA O PRÊMIO DE VINTE ACERTOS DO PRÓXIMO CONCURSO."
1541;25/03/2015;2;7;17;18;28;35;46;47;50;55;59;63;64;65;69;71;74;85;86;90;0;;"R$0,00";7;"R$30.290,36";102;"R$2.078,75";920;"R$144,04";5677;"R$23,34";0;-;0;"R$0,00";"R$637.226,82";"R$4.300.737,00";"R$1.100.000,00";
1542;28/03/2015;23;26;28;30;38;43;45;47;54;55;57;59;64;74;76;77;78;83;88;91;1;SÃO PAULO/SP;"R$1.061.677,09";25;"R$9.701,72";409;"R$847,16";2727;"R$55,58";11151;"R$13,59";0;-;0;"R$0,00";"R$0,00";"R$4.919.593,50";"R$35.000.000,00";"O VALOR LÍQUIDO DE ZERO ACERTO (R$ 121.271,51) FICA ACUMULADO PARA O PRÊMIO DE VINTE ACERTOS DO PRÓXIMO CONCURSO."
1543;04/04/2015;10;12;13;15;16;17;21;22;27;39;40;61;67;68;72;75;85;88;92;97;3;"SERRA/ES; CASTANHAL/PA; BAURU/SP; BAURU/SP; SANTA BARBARA DO OESTE/SP; SANTA BARBARA DO OESTE/SP; SÃO PAULO/SP; SÃO PAULO/SP";"R$11.731.899,50";79;"R$33.192,13";1242;"R$2.111,25";11189;"R$146,47";68020;"R$24,09";0;-;5;"R$262.217,83";"R$0,00";"R$53.186.652,00";"R$400.000,00";
1544;08/04/2015;3;10;13;19;25;32;38;40;48;49;53;56;70;72;81;86;91;93;97;99;0;;"R$0,00";8;"R$30.266,79";131;"R$1.848,35";1129;"R$134,04";6697;"R$22,59";0;-;0;"R$0,00";"R$544.802,13";"R$4.911.303,00";"R$1.000.000,00";
1545;11/04/2015;2;3;5;8;18;26;30;33;37;41;42;44;52;54;61;64;71;79;85;90;0;;"R$0,00";9;"R$30.716,84";117;"R$2.362,83";1092;"R$158,22";6570;"R$26,29";0;-;0;"R$0,00";"R$1.166.818,12";"R$5.607.373,50";"R$1.600.000,00";
1546;15/04/2015;4;8;9;17;19;25;27;35;39;43;47;51;56;61;62;73;74;75;77;87;0;;"R$0,00";7;"R$37.713,11";132;"R$1.999,94";1417;"R$116,43";8288;"R$19,90";0;-;0;"R$0,00";"R$1.760.799,49";"R$5.354.646,00";"R$2.200.000,00";
1547;18/04/2015;4;9;24;32;39;41;44;45;46;52;54;61;63;64;66;71;85;90;91;97;0;;"R$0,00";9;"R$33.168,24";155;"R$1.925,90";1319;"R$141,44";8074;"R$23,10";0;-;0;"R$0,00";"R$2.432.456,48";"R$6.054.879,00";"R$3.000.000,00";
1548;22/04/2015;1;6;8;17;24;26;27;29;57;63;64;69;75;80;81;86;87;93;95;99;0;;"R$0,00";5;"R$50.290,38";113;"R$2.225,24";1124;"R$139,81";6514;"R$24,12";0;-;0;"R$0,00";"R$2.998.223,20";"R$5.100.295,50";"R$3.600.000,00";
1549;25/04/2015;3;6;14;21;37;46;49;56;59;60;63;64;66;74;78;79;84;92;94;95;1;"NOVO ORIENTE DE MINAS/MG; MONTE CASTELO/SC";"R$3.554.440,58";9;"R$35.315,39";102;"R$3.116,06";1084;"R$183,25";6895;"R$28,81";0;-;1;"R$158.919,25";"R$0,00";"R$6.446.841,00";"R$400.000,00";
1550;29/04/2015;6;15;16;20;21;22;34;43;44;57;62;67;69;73;77;84;85;86;91;93;0;;"R$0,00";7;"R$31.792,61";114;"R$1.952,18";906;"R$153,52";5416;"R$25,68";0;-;0;"R$0,00";"R$500.733,62";"R$4.514.032,50";"R$1.000.000,00";
1551;02/05/2015;2;15;16;21;23;26;27;31;35;40;46;48;56;58;69;83;87;90;96;98;0;;"R$0,00";2;"R$110.205,49";84;"R$2.623,94";806;"R$170,91";4843;"R$28,44";0;-;0;"R$0,00";"R$996.658,32";"R$4.470.681,00";"R$1.500.000,00";
1552;06/05/2015;0;1;3;4;7;9;18;31;39;47;53;56;71;73;74;77;81;92;95;97;0;;"R$0,00";12;"R$21.110,42";169;"R$1.498,96";1586;"R$99,82";8297;"R$19,08";0;-;0;"R$0,00";"R$1.566.639,76";"R$5.138.290,50";"R$2.000.000,00";
1553;09/05/2015;3;6;11;12;20;21;24;30;31;35;51;53;58;66;69;71;83;88;91;92;0;CORDEIRÓPOLIS/SP;"R$0,00";5;"R$59.123,40";169;"R$1.749,21";1352;"R$136,65";8276;"R$22,32";0;-;1;"R$147.808,50";"R$2.083.969,50";"R$5.996.113,50";"R$2.800.000,00";
1554;13/05/2015;0;3;6;8;11;16;32;36;42;43;48;65;68;75;78;79;87;89;92;94;0;;"R$0,00";5;"R$56.802,13";143;"R$1.986,09";1152;"R$154,08";6889;"R$25,76";0;-;0;"R$0,00";"R$2.722.993,45";"R$5.760.697,50";"R$3.400.000,00";
1555;16/05/2015;0;4;8;16;19;26;34;36;37;42;43;62;64;65;76;83;84;86;96;97;0;;"R$0,00";16;"R$19.843,93";235;"R$1.351,07";2127;"R$93,29";13344;"R$14,87";0;-;0;"R$0,00";"R$3.437.374,67";"R$6.440.031,00";"R$4.100.000,00";
1556;20/05/2015;13;27;28;30;34;39;41;47;48;51;54;57;67;74;75;83;84;93;96;99;0;;"R$0,00";16;"R$19.642,18";159;"R$1.976,57";1453;"R$135,18";8448;"R$23,25";0;-;0;"R$0,00";"R$4.144.493,19";"R$6.374.559,00";"R$4.800.000,00";
1557;23/05/2015;0;2;6;8;13;17;23;29;33;36;40;42;47;49;57;67;75;80;91;95;0;DOURADOS/MS;"R$0,00";17;"R$20.786,95";237;"R$1.491,05";1901;"R$116,18";10804;"R$20,44";0;-;1;"R$176.689,07";"R$4.762.904,93";"R$7.167.705,00";"R$5.200.000,00";
1558;27/05/2015;4;14;15;21;25;28;29;31;49;53;55;56;62;67;70;71;80;83;85;92;0;DIVINÓPOLIS/MG;"R$0,00";6;"R$54.753,28";128;"R$2.566,56";1124;"R$182,67";7091;"R$28,95";0;-;1;"R$164.259,86";"R$5.337.814,42";"R$6.663.492,00";"R$6.000.000,00";
1559;30/05/2015;7;9;11;16;17;23;24;28;34;36;48;49;63;70;72;73;82;84;87;91;0;BRASÍLIA/DF;"R$0,00";13;"R$27.933,25";163;"R$2.227,80";1450;"R$156,52";9157;"R$24,78";0;-;1;"R$181.566,10";"R$5.973.295,77";"R$7.365.550,50";"R$6.800.000,00";
1560;03/06/2015;4;6;8;17;23;26;30;35;37;47;49;52;53;56;61;65;74;75;77;94;2;"ANANINDEUA/PA; SANTOS/SP";"R$3.315.842,88";14;"R$26.873,06";344;"R$1.562,38";2702;"R$87,02";14942;"R$15,73";0;-;0;"R$0,00";"R$0,00";"R$7.631.073,00";"R$500.000,00";"O PRÊMIO DE ZERO ACERTO (R$ 188.111,42) FICA ACUMULADO PARA O PRÊMIO DE VINTE ACERTOS DO PRÓXIMO CONCURSO."
1561;06/06/2015;5;26;30;32;36;39;51;54;56;57;61;65;68;70;76;78;85;93;97;98;0;;"R$0,00";7;"R$31.748,71";131;"R$1.696,50";1030;"R$134,85";5921;"R$23,45";0;-;0;"R$0,00";"R$688.153,67";"R$4.507.800,00";"R$1.000.000,00";
1562;10/06/2015;2;7;16;17;21;26;33;50;54;57;63;64;71;72;74;79;84;85;92;97;0;;"R$0,00";15;"R$15.832,10";196;"R$1.730,91";1522;"R$97,52";7277;"R$20,39";0;-;0;"R$0,00";"R$1.222.487,05";"R$4.816.929,00";"R$1.800.000,00";
1563;13/06/2015;4;15;19;26;27;32;38;41;56;57;62;71;75;76;81;85;88;96;97;99;0;;"R$0,00";10;"R$25.522,61";118;"R$2.162,93";1027;"R$155,32";6117;"R$26,07";0;-;0;"R$0,00";"R$1.796.745,77";"R$5.176.849,50";"R$2.400.000,00";
1564;17/06/2015;9;16;24;25;31;38;41;50;55;60;66;68;69;71;81;89;91;95;98;99;0;MONTENEGRO/RS;"R$0,00";3;"R$83.711,62";141;"R$1.781,10";1046;"R$150,05";6224;"R$25,21";0;-;1;"R$125.567,43";"R$2.236.231,76";"R$5.093.865,00";"R$2.800.000,00";
1565;20/06/2015;0;10;14;16;17;24;30;35;42;46;49;51;53;58;68;72;73;74;91;99;0;;"R$0,00";8;"R$30.680,90";132;"R$1.859,45";1090;"R$140,73";7141;"R$21,48";0;-;0;"R$0,00";"R$2.788.487,93";"R$4.978.500,00";"R$3.300.000,00";
1566;24/06/2015;5;10;23;24;25;27;28;41;51;56;61;65;71;73;76;80;83;88;91;98;0;;"R$0,00";3;"R$78.594,74";90;"R$2.619,82";869;"R$169,58";5669;"R$25,99";0;-;0;"R$0,00";"R$3.319.002,44";"R$4.782.502,50";"R$3.800.000,00";
1567;27/06/2015;5;8;16;17;23;28;29;42;46;53;63;64;73;74;77;85;86;87;89;93;0;;"R$0,00";17;"R$16.130,39";222;"R$1.764,58";1803;"R$95,05";10552;"R$16,24";0;-;0;"R$0,00";"R$3.935.989,89";"R$5.562.042,00";"R$4.600.000,00";
1568;01/07/2015;2;6;11;15;17;18;20;29;36;45;47;55;57;68;70;80;85;90;93;94;0;;"R$0,00";6;"R$48.160,38";112;"R$2.580,02";1191;"R$151,63";7429;"R$24,31";0;-;0;"R$0,00";"R$4.586.154,97";"R$5.861.133,00";"R$5.200.000,00";
1569;04/07/2015;2;7;13;15;30;33;42;48;49;56;62;65;66;71;73;75;77;79;85;93;1;SÃO PAULO/SP;"R$5.164.197,50";24;"R$13.762,92";248;"R$1.902,70";2263;"R$91,22";12727;"R$16,22";0;-;0;"R$0,00";"R$0,00";"R$6.699.805,50";"R$600.000,00";"O PREMIO DE ZERO ACERTO (R$ 165.155,01)FICA ACUMULADO PARA O PREMIO DE VINTE ACERTOS DO PRÓXIMO CONCURSO"
1570;08/07/2015;0;6;11;16;18;21;22;28;30;33;39;44;46;47;59;75;78;80;95;96;0;;"R$0,00";6;"R$37.783,48";77;"R$2.944,17";822;"R$172,36";5193;"R$27,28";0;-;0;"R$0,00";"R$675.232,05";"R$4.598.262,00";"R$1.300.000,00";
1571;11/07/2015;0;1;3;6;7;13;14;17;23;27;33;36;38;42;54;68;71;73;77;91;1;"GUANAMBI/BA; MEDEIROS NETO/BA";"R$1.101.990,59";15;"R$16.257,47";298;"R$1.169,04";2350;"R$64,85";13394;"R$11,37";0;-;1;"R$121.931,02";"R$0,00";"R$4.946.347,50";"R$400.000,00";
1572;15/07/2015;2;12;15;18;22;32;34;36;55;56;58;60;61;65;72;77;83;86;89;99;0;;"R$0,00";9;"R$23.253,02";124;"R$1.687,72";1073;"R$121,89";6289;"R$20,79";0;-;0;"R$0,00";"R$470.873,51";"R$4.244.848,50";"R$900.000,00";
1573;18/07/2015;20;25;27;28;32;39;41;42;48;49;63;66;69;80;81;85;88;91;93;96;1;GUARULHOS/SP;"R$886.024,32";8;"R$29.653,63";120;"R$1.976,91";1081;"R$137,15";6439;"R$23,02";0;-;0;"R$0,00";"R$0,00";"R$4.811.808,00";"R$500.000,00";
1574;22/07/2015;4;11;18;19;21;35;40;44;47;51;52;62;69;70;71;76;77;82;88;91;0;;"R$0,00";2;"R$102.808,50";85;"R$2.419,02";951;"R$135,13";5410;"R$23,75";0;-;0;"R$0,00";"R$581.252,77";"R$4.170.609,00";"R$1.000.000,00";
1575;25/07/2015;5;12;13;14;17;22;44;45;47;56;57;60;66;67;75;81;88;89;91;95;0;;"R$0,00";6;"R$37.666,98";72;"R$3.138,92";760;"R$185,85";4945;"R$28,56";0;-;0;"R$0,00";"R$1.089.756,90";"R$4.584.082,50";"R$1.600.000,00";
1576;29/07/2015;3;20;22;23;26;27;30;36;39;40;46;47;66;67;83;84;87;95;98;99;0;;"R$0,00";6;"R$36.835,90";98;"R$2.255,26";786;"R$175,74";5053;"R$27,33";0;-;0;"R$0,00";"R$1.587.041,52";"R$4.482.940,50";"R$2.200.000,00";
1577;01/08/2015;1;8;9;11;12;16;17;20;22;26;27;29;38;43;55;63;77;84;93;97;3;"FORTALEZA/CE; SÃO PAULO/SP; SÃO PAULO/SP";"R$677.996,38";14;"R$18.242,76";184;"R$1.388,03";1530;"R$104,32";8799;"R$18,14";0;-;1;"R$127.699,32";"R$0,00";"R$5.180.349,00";"R$400.000,00";
1578;05/08/2015;6;9;12;17;18;40;54;56;63;66;67;69;71;73;76;82;84;88;93;99;0;;"R$0,00";10;"R$20.928,41";169;"R$1.769,09";1231;"R$106,25";7068;"R$18,50";0;-;0;"R$0,00";"R$470.889,16";"R$4.244.989,50";"R$1.000.000,00";
1579;08/08/2015;5;6;7;21;23;24;25;34;35;36;41;42;55;62;65;68;73;81;82;83;0;;"R$0,00";13;"R$18.959,81";230;"R$1.530,91";1684;"R$91,47";9925;"R$15,52";0;-;0;"R$0,00";"R$1.025.463,67";"R$4.999.399,50";"R$1.500.000,00";
1580;12/08/2015;1;2;5;9;18;23;42;45;47;50;53;56;62;69;78;82;91;93;94;97;0;;"R$0,00";10;"R$23.232,91";149;"R$1.559,25";1352;"R$107,40";8035;"R$18,07";0;-;0;"R$0,00";"R$1.548.204,16";"R$4.712.421,00";"R$2.100.000,00";
1581;15/08/2015;2;11;12;18;19;37;39;41;50;53;60;67;75;77;80;82;84;89;92;93;0;;"R$0,00";1;"R$249.674,30";87;"R$2.869,82";842;"R$185,32";5391;"R$28,94";0;-;0;"R$0,00";"R$2.109.971,32";"R$5.064.240,00";"R$2.700.000,00";
1582;19/08/2015;6;18;20;22;23;28;34;35;42;53;64;65;68;70;73;75;78;84;86;93;0;;"R$0,00";11;"R$22.347,62";202;"R$1.738,49";1594;"R$96,38";9223;"R$16,65";0;-;0;"R$0,00";"R$2.663.074,92";"R$4.986.139,50";"R$3.200.000,00";
1583;22/08/2015;11;12;13;16;18;22;41;43;44;47;53;58;59;62;63;64;78;79;87;96;1;CAMPO GRANDE/MS;"R$3.130.286,14";8;"R$33.372,23";117;"R$2.281,86";1206;"R$138,35";7355;"R$22,68";0;-;0;"R$0,00";"R$0,00";"R$5.415.214,50";"R$600.000,00";"O PRÊMIO DE ZERO ACERTO (R$ R$ 133.488,92) FICA ACUMULADO PARA O PRÊMIO DE VINTE ACERTOS DO PRÓXIMO CONCURSO"
1584;26/08/2015;8;17;18;37;40;41;45;49;54;57;65;66;72;74;78;83;86;87;90;91;0;;"R$0,00";7;"R$28.158,44";102;"R$1.932,45";926;"R$133,03";5373;"R$22,92";0;-;0;"R$0,00";"R$576.984,39";"R$3.998.040,00";"R$1.000.000,00";
1585;29/08/2015;4;9;15;34;41;48;49;51;58;61;63;65;67;74;82;86;90;93;95;99;1;"POUSO REDONDO/SC; POUSO REDONDO/SC";"R$964.008,51";7;"R$31.593,80";135;"R$1.638,20";955;"R$144,73";5711;"R$24,20";0;-;1;"R$110.578,33";"R$0,00";"R$4.485.805,50";"R$400.000,00";
1586;02/09/2015;9;14;18;24;27;31;32;33;34;43;44;48;52;59;66;68;75;78;86;88;0;;"R$0,00";14;"R$14.416,62";176;"R$1.638,25";1412;"R$89,33";7832;"R$16,10";0;-;0;"R$0,00";"R$454.123,63";"R$4.093.851,00";"R$1.000.000,00";
1587;05/09/2015;6;19;26;28;34;35;37;39;42;52;53;54;62;65;69;71;72;74;79;85;0;;"R$0,00";21;"R$10.236,30";315;"R$974,88";2270;"R$59,18";11065;"R$12,14";0;-;0;"R$0,00";"R$937.788,71";"R$4.360.162,50";"R$1.400.000,00";
1588;09/09/2015;4;8;21;26;29;38;41;44;54;55;56;59;62;70;78;81;82;94;95;96;0;;"R$0,00";1;"R$179.219,41";56;"R$3.200,35";577;"R$194,12";3583;"R$31,26";0;-;0;"R$0,00";"R$1.341.032,38";"R$3.635.176,50";"R$1.800.000,00";
1589;12/09/2015;12;19;24;25;40;42;54;56;60;62;66;69;82;83;86;87;88;93;97;98;0;;"R$0,00";3;"R$81.710,96";109;"R$2.248,93";1065;"R$143,85";6851;"R$22,36";0;-;0;"R$0,00";"R$1.892.581,38";"R$4.972.125,00";"R$2.500.000,00";
1590;16/09/2015;4;11;15;16;19;23;25;29;31;41;42;62;64;66;73;81;84;91;96;97;0;;"R$0,00";10;"R$24.458,62";101;"R$2.421,65";984;"R$155,35";6027;"R$25,36";0;-;0;"R$0,00";"R$2.442.900,24";"R$4.961.035,50";"R$3.000.000,00";
1591;19/09/2015;1;5;6;22;27;37;44;50;53;56;64;65;69;72;83;85;92;93;97;99;0;;"R$0,00";9;"R$29.241,52";155;"R$1.697,90";1243;"R$132,32";7230;"R$22,75";0;-;0;"R$0,00";"R$3.035.040,99";"R$5.338.053,00";"R$3.600.000,00";
1592;23/09/2015;2;6;8;18;33;36;42;44;47;48;49;51;56;61;66;71;77;79;83;98;0;;"R$0,00";16;"R$15.613,84";175;"R$1.427,55";1520;"R$102,72";8297;"R$18,81";0;-;0;"R$0,00";"R$3.597.139,10";"R$5.067.223,50";"R$4.100.000,00";
1593;26/09/2015;10;12;18;21;32;36;37;45;46;60;62;65;66;70;71;73;77;83;88;98;0;"BRASÍLIA/DF; TRIUNFO/PE";"R$0,00";9;"R$30.302,71";122;"R$2.235,45";1088;"R$156,66";7198;"R$23,68";0;-;2;"R$68.181,09";"R$4.074.406,73";"R$5.531.773,50";"R$4.700.000,00";
1594;30/09/2015;1;4;9;11;15;19;21;27;32;53;56;62;64;65;66;69;71;73;83;89;1;"CÂNDIDO SALES/BA; CÂNDIDO SALES/BA";"R$4.571.767,02";26;"R$10.930,99";529;"R$767,50";3073;"R$57,80";14378;"R$12,35";0;-;1;"R$142.102,94";"R$0,00";"R$5.764.657,50";"R$400.000,00";
1595;03/10/2015;2;4;6;10;15;19;20;28;31;40;41;43;52;60;63;68;70;76;80;87;1;COLATINA/ES;"R$400.144,74";7;"R$32.664,87";153;"R$1.494,47";1236;"R$115,62";6791;"R$21,04";0;-;0;"R$0,00";"R$0,00";"R$4.637.880,00";"R$500.000,00";"O PRÊMIO DE ZERO ACERTO (R$ 114.327,07) FICA ACUMULADO PARA O PRÊMIO DE VINTE ACERTOS DO PRÓXIMO CONCURSO."
1596;07/10/2015;0;9;14;16;20;35;36;44;50;52;57;66;69;70;74;78;84;86;87;94;0;LORENA/SP;"R$0,00";9;"R$23.416,52";107;"R$1.969,62";924;"R$142,55";5532;"R$23,81";0;-;1;"R$105.374,34";"R$483.137,27";"R$4.274.697,00";"R$1.000.000,00";
1597;10/10/2015;4;7;10;18;26;34;37;40;41;43;53;56;58;59;79;80;82;83;90;92;0;CAMPINAS/SP;"R$0,00";7;"R$33.202,37";116;"R$2.003,59";956;"R$151,94";5435;"R$26,72";0;-;1;"R$116.208,30";"R$889.866,32";"R$4.714.195,50";"R$1.400.000,00";
1598;14/10/2015;26;31;37;52;53;54;55;58;59;70;72;76;78;82;83;85;89;92;95;98;0;;"R$0,00";12;"R$16.613,06";277;"R$1.028,14";12659;"R$9,84";8344;"R$14,93";0;-;0;"R$0,00";"R$1.338.418,79";"R$4.043.628,00";"R$1.800.000,00";
1599;17/10/2015;4;8;15;19;20;24;25;27;31;38;49;50;62;64;69;77;78;80;83;88;0;;"R$0,00";7;"R$35.058,27";140;"R$1.752,92";1222;"R$125,51";7153;"R$21,44";0;-;0;"R$0,00";"R$1.890.586,44";"R$4.977.702,00";"R$2.500.000,00";
1600;21/10/2015;2;5;13;14;26;33;42;50;58;59;65;67;70;73;74;77;84;94;95;98;0;;"R$0,00";4;"R$57.691,62";110;"R$2.097,88";969;"R$148,84";6348;"R$22,72";0;-;0;"R$0,00";"R$2.409.811,07";"R$4.680.726,00";"R$3.000.000,00";
1601;24/10/2015;3;10;20;22;25;32;33;38;40;41;50;51;56;58;63;74;75;78;93;95;0;;"R$0,00";5;"R$49.621,85";98;"R$2.531,73";945;"R$164,09";5896;"R$26,30";0;-;0;"R$0,00";"R$2.968.056,85";"R$5.032.495,50";"R$3.500.000,00";
1602;28/10/2015;18;19;24;32;34;35;37;41;47;61;62;66;72;77;79;88;93;95;97;99;1;BOM JESUS DE ITABAPOANA/RJ;"R$3.396.829,62";5;"R$49.002,60";181;"R$1.353,66";1536;"R$99,69";8770;"R$17,46";0;-;0;"R$0,00";"R$0,00";"R$4.969.693,50";"R$500.000,00";"O PRÊMIO DE ZERO ACERTO (R$ 122.506,51)FICA ACUMULADO PARA O PRÊMIO DE VINTE ACERTOS DO PRÓXIMO CONCURSO."
1603;31/10/2015;20;24;30;32;34;37;42;52;53;62;66;69;76;80;81;86;88;91;93;96;0;;"R$0,00";11;"R$18.967,32";118;"R$1.768,14";936;"R$139,31";5347;"R$24,38";0;-;0;"R$0,00";"R$591.947,71";"R$4.231.936,50";"R$1.000.000,00";
1604;04/11/2015;3;10;14;21;23;26;28;30;31;34;39;40;54;63;71;74;78;81;84;92;0;CAMPO FORMOSO/BA;"R$0,00";6;"R$32.101,10";101;"R$1.907,00";897;"R$134,20";5636;"R$21,35";0;-;1;"R$96.303,30";"R$929.009,26";"R$3.906.714,00";"R$1.300.000,00";
1605;07/11/2015;3;15;18;24;31;32;35;37;39;40;45;48;52;54;55;57;58;59;60;96;1;"BELO HORIZONTE/MG; ANANINDEUA/PA; VOLTA REDONDA/RJ";"R$1.354.420,97";49;"R$4.961,07";1108;"R$313,42";2780;"R$54,65";13535;"R$11,22";0;-;3;"R$40.515,40";"R$0,00";"R$4.930.737,00";"R$400.000,00";
1606;11/11/2015;2;5;12;13;23;29;33;38;43;52;54;58;60;61;65;70;85;86;97;98;0;;"R$0,00";6;"R$34.304,83";82;"R$2.510,11";722;"R$178,17";4518;"R$28,47";0;-;0;"R$0,00";"R$463.115,13";"R$4.174.908,00";"R$900.000,00";
1607;14/11/2015;10;11;12;14;17;30;31;34;36;42;47;52;54;58;65;69;71;75;96;99;0;;"R$0,00";5;"R$45.583,86";137;"R$1.663,65";1216;"R$117,14";6728;"R$21,17";0;-;0;"R$0,00";"R$975.933,49";"R$4.622.974,50";"R$1.500.000,00";
1608;18/11/2015;3;8;13;21;23;24;26;31;53;60;61;72;73;80;84;85;92;95;96;97;0;;"R$0,00";3;"R$73.973,01";72;"R$3.082,21";735;"R$188,70";4679;"R$29,64";0;-;0;"R$0,00";"R$1.475.251,27";"R$4.501.269,00";"R$1.900.000,00";
1609;21/11/2015;9;10;16;22;23;28;35;38;39;54;55;58;62;63;66;79;85;91;92;94;2;"PARNAÍBA/PI; RIO DE JANEIRO/RJ";"R$944.724,20";11;"R$21.516,74";115;"R$2.058,12";980;"R$150,94";5782;"R$25,58";0;-;0;"R$0,00";"R$0,00";"R$4.800.754,50";"R$500.000,00";"O PRÊMIO DE ZERO ACERTO (R$ R$ 118.342,04) FICA ACUMULADO PARA O PRÊMIO DE VINTE ACERTOS DO PRÓXIMO CONCURSO."
1610;25/11/2015;8;10;29;41;44;48;49;53;54;56;62;63;64;68;72;73;79;81;88;97;0;;"R$0,00";6;"R$35.213,96";89;"R$2.373,98";965;"R$136,84";6295;"R$20,97";0;-;0;"R$0,00";"R$593.730,44";"R$4.285.549,50";"R$1.000.000,00";
1611;28/11/2015;0;1;2;5;11;13;21;22;28;30;45;46;48;54;64;71;80;89;96;97;0;SÃO JOSÉ DO RIO PRETO/SP;"R$0,00";19;"R$11.354,27";247;"R$1.247,72";971;"R$138,85";5997;"R$22,48";0;-;1;"R$107.865,54";"R$971.259,80";"R$4.375.756,50";"R$1.400.000,00";
1612;02/12/2015;2;3;5;6;14;19;28;31;32;36;40;50;60;74;77;78;84;92;94;97;0;;"R$0,00";7;"R$32.472,82";98;"R$2.319,49";909;"R$156,29";5481;"R$25,92";0;-;0;"R$0,00";"R$1.482.706,59";"R$4.610.610,00";"R$2.000.000,00";
1613;05/12/2015;3;12;17;23;32;36;45;48;56;65;72;73;74;75;78;80;84;90;91;97;0;;"R$0,00";9;"R$28.409,46";120;"R$2.130,71";1189;"R$134,40";7309;"R$21,86";0;-;0;"R$0,00";"R$2.057.998,12";"R$5.186.160,00";"R$2.600.000,00";
1614;09/12/2015;1;5;7;9;14;15;21;33;45;50;51;52;69;77;79;88;89;91;92;96;0;;"R$0,00";7;"R$34.525,86";128;"R$1.888,14";1162;"R$129,99";6884;"R$21,94";0;-;0;"R$0,00";"R$2.601.780,42";"R$4.902.109,50";"R$3.000.000,00";
1615;12/12/2015;2;4;5;10;13;23;24;25;30;46;53;68;72;74;81;82;87;88;89;93;0;;"R$0,00";8;"R$32.521,55";96;"R$2.710,13";943;"R$172,43";6146;"R$26,45";0;-;0;"R$0,00";"R$3.187.168,30";"R$5.277.177,00";"R$3.800.000,00";
1616;16/12/2015;12;21;25;32;36;37;40;45;49;51;58;61;66;72;75;76;77;80;85;96;1;SÃO PAULO/SP;"R$3.646.087,95";5;"R$52.447,96";141;"R$1.859,86";1284;"R$127,64";8166;"R$20,07";0;-;0;"R$0,00";"R$0,00";"R$5.319.111,00";"R$400.000,00";"O PRÊMIO DE ZERO ACERTO (R$ 131.119,90) FICA ACUMULADO PARA O PRÊMIO DE VINTE ACERTOS DO PRÓXIMO CONCURSO."
1617;19/12/2015;6;9;14;16;19;25;26;32;34;40;50;51;67;77;81;82;86;88;95;98;0;;"R$0,00";1;"R$216.540,85";89;"R$2.433,04";791;"R$171,09";4881;"R$27,72";0;-;0;"R$0,00";"R$618.336,80";"R$4.392.181,50";"R$1.000.000,00";
1618;23/12/2015;0;11;14;20;26;28;36;39;41;59;61;67;73;76;77;89;92;93;97;99;1;"CORGUINHO/MS; CORGUINHO/MS";"R$995.227,11";6;"R$35.894,32";96;"R$2.243,39";775;"R$173,68";4898;"R$27,48";0;-;1;"R$107.682,95";"R$0,00";"R$4.368.349,50";"R$400.000,00";
1619;26/12/2015;1;2;5;9;10;21;29;32;34;35;36;43;55;58;66;77;78;82;88;96;0;BAURU/SP;"R$0,00";1;"R$137.277,67";78;"R$1.759,97";692;"R$123,98";4312;"R$19,89";0;-;1;"R$68.638,83";"R$240.235,92";"R$2.784.456,00";"R$650.000,00";
1620;30/12/2015;2;4;9;11;14;16;21;32;33;39;54;55;67;75;76;77;78;79;94;95;0;;"R$0,00";3;"R$71.242,71";90;"R$2.374,76";828;"R$161,32";5288;"R$25,26";0;-;0;"R$0,00";"R$721.124,25";"R$4.335.130,50";"R$1.200.000,00";
1621;02/01/2016;5;11;15;23;25;27;28;29;31;32;33;45;53;71;84;87;88;90;92;93;0;;"R$0,00";4;"R$28.943,21";47;"R$2.463,26";471;"R$153,62";2845;"R$25,43";0;-;0;"R$0,00";"R$981.613,11";"R$2.348.265,00";"R$1.300.000,00";
1622;06/01/2016;8;12;13;16;17;24;40;47;48;54;63;73;75;78;82;88;89;90;95;98;0;;"R$0,00";5;"R$42.025,05";94;"R$2.235,38";813;"R$161,53";4965;"R$26,45";0;-;0;"R$0,00";"R$1.454.394,91";"R$4.327.911,00";"R$2.000.000,00";
1623;09/01/2016;4;12;13;14;15;29;45;46;59;60;63;65;75;83;85;92;94;96;97;99;1;"ARACRUZ/ES; ARACRUZ/ES";"R$1.868.030,02";9;"R$26.262,55";125;"R$1.890,91";1060;"R$139,36";6140;"R$24,05";0;-;1;"R$118.181,46";"R$0,00";"R$4.868.323,50";"R$400.000,00";
1624;13/01/2016;1;2;28;33;39;50;53;55;58;64;66;70;72;74;76;79;85;89;92;98;0;;"R$0,00";12;"R$16.274,28";165;"R$1.690,83";1259;"R$96,94";6604;"R$18,48";0;-;0;"R$0,00";"R$439.405,60";"R$4.022.380,50";"R$800.000,00";
1625;16/01/2016;0;12;16;19;25;31;32;35;36;43;45;54;57;61;62;75;82;92;95;97;1;BELÉM/PA;"R$817.391,14";7;"R$30.855,96";133;"R$1.624,00";1182;"R$114,20";7109;"R$18,98";0;-;0;"R$0,00";"R$0,00";"R$4.448.742,00";"R$500.000,00";"O PRÊMIO DE ZERO ACERTO (R$ 107.995,87) FICA ACUMULADO PARA O PRÊMIO DE VINTE ACERTOS DO PRÓXIMO CONCURSO."
1626;20/01/2016;7;13;15;17;23;28;31;34;41;42;50;59;61;64;67;70;81;88;90;93;1;RIO DE JANEIRO/RJ;"R$429.515,68";7;"R$26.246,52";88;"R$2.087,79";713;"R$161,04";4614;"R$24,88";0;-;0;"R$0,00";"R$0,00";"R$3.784.162,50";"R$500.000,00";"O PRÊMIO DE ZERO ACERTO (R$ 91.862,80) FICA ACUMULADO PARA O PRÊMIO DE VINTE ACERTOS DO PRÓXIMO CONCURSO."
1627;23/01/2016;0;2;10;14;20;27;37;42;59;61;62;64;72;73;79;87;90;94;96;99;0;;"R$0,00";4;"R$49.962,55";65;"R$3.074,62";750;"R$166,54";4562;"R$27,37";0;-;0;"R$0,00";"R$541.525,72";"R$4.116.277,50";"R$1.000.000,00";
1628;27/01/2016;2;8;24;26;28;29;47;56;57;62;66;67;71;72;74;76;77;82;84;91;0;;"R$0,00";8;"R$23.803,09";114;"R$1.670,39";1049;"R$113,45";5951;"R$19,99";0;-;0;"R$0,00";"R$969.981,35";"R$3.922.143,00";"R$1.300.000,00";
1629;30/01/2016;7;12;19;20;23;24;29;49;53;55;57;67;68;71;73;74;80;88;97;99;0;SALVADOR/BA;"R$0,00";4;"R$55.325,09";89;"R$2.486,52";868;"R$159,34";5586;"R$24,76";0;-;1;"R$110.650,19";"R$1.357.257,00";"R$4.558.083,00";"R$1.800.000,00";
1630;03/02/2016;2;8;17;19;21;30;31;35;36;39;43;44;46;56;59;69;79;82;88;95;0;;"R$0,00";6;"R$37.571,16";87;"R$2.591,12";854;"R$164,97";5571;"R$25,29";0;-;0;"R$0,00";"R$1.864.467,65";"R$4.643.077,50";"R$2.400.000,00";
1631;06/02/2016;8;13;15;16;18;21;26;34;35;42;43;48;49;50;53;58;65;84;91;96;0;;"R$0,00";8;"R$30.778,77";113;"R$2.179,03";1096;"R$140,41";6784;"R$22,68";0;-;0;"R$0,00";"R$2.418.485,49";"R$5.071.557,00";"R$2.700.000,00";
1632;10/02/2016;5;9;18;26;32;38;39;47;52;59;62;63;65;67;72;79;81;82;88;99;0;;"R$0,00";8;"R$18.681,59";76;"R$1.966,49";824;"R$113,35";4661;"R$20,04";0;-;0;"R$0,00";"R$2.754.754,15";"R$3.078.250,50";"R$3.000.000,00";
1633;13/02/2016;1;2;7;14;21;25;26;38;43;46;51;56;61;72;77;84;88;89;92;96;0;;"R$0,00";2;"R$131.006,95";127;"R$2.063,10";1201;"R$136,35";6849;"R$23,90";0;-;0;"R$0,00";"R$3.344.285,42";"R$5.396.652,00";"R$4.000.000,00";
1634;17/02/2016;2;24;26;29;30;31;40;44;45;50;54;61;65;67;69;74;75;81;93;99;0;RIO DE JANEIRO/RJ;"R$0,00";5;"R$51.222,49";94;"R$2.724,60";926;"R$172,86";5613;"R$28,51";0;-;1;"R$128.056,23";"R$3.792.482,22";"R$5.275.101,00";"R$4.400.000,00";
1635;20/02/2016;9;16;23;27;28;29;30;34;39;45;48;57;60;68;72;73;77;83;84;91;0;;"R$0,00";11;"R$25.017,56";139;"R$1.979,81";1429;"R$120,36";7829;"R$21,96";0;-;0;"R$0,00";"R$4.411.666,96";"R$5.668.104,00";"R$5.000.000,00";
1636;24/02/2016;3;7;9;12;16;20;25;31;32;40;42;51;52;55;66;70;72;77;85;92;0;"SÃO LUIS/MA; ARAÇUAÍ/MG";"R$0,00";18;"R$15.154,27";227;"R$1.716,65";1815;"R$93,93";9540;"R$17,87";0;-;2;"R$68.194,21";"R$4.889.026,41";"R$5.618.334,00";"R$5.500.000,00";
1637;27/02/2016;1;5;10;11;13;15;36;37;48;49;52;59;64;65;66;67;70;76;88;98;0;;"R$0,00";4;"R$75.206,46";116;"R$2.593,33";1186;"R$158,52";7406;"R$25,38";0;-;0;"R$0,00";"R$5.565.884,56";"R$6.196.054,50";"R$6.000.000,00";
1638;02/03/2016;1;4;11;20;26;30;38;40;49;51;65;66;68;73;79;80;86;87;91;97;0;SÃO PAULO/SP;"R$0,00";13;"R$24.479,40";138;"R$2.306,03";1143;"R$174,01";6870;"R$28,95";0;-;1;"R$159.116,09";"R$6.122.790,87";"R$6.554.569,50";"R$6.800.000,00";
1639;05/03/2016;2;3;5;10;22;23;28;33;38;42;54;60;63;75;76;77;78;86;88;98;0;SÃO PAULO/SP;"R$0,00";71;"R$4.858,06";190;"R$1.815,38";1626;"R$132,58";9990;"R$21,57";0;-;1;"R$172.461,09";"R$6.726.404,69";"R$7.104.298,50";"R$7.500.000,00";
1640;09/03/2016;1;19;24;35;38;41;45;48;49;55;65;66;74;82;87;91;92;93;97;99;1;"RIO BRANCO/AC; MINACU/GO";"R$7.368.597,32";23;"R$15.955,10";244;"R$1.503,97";2035;"R$112,70";12041;"R$19,04";0;-;1;"R$183.483,61";"R$0,00";"R$7.558.356,00";"R$400.000,00";
1641;12/03/2016;10;17;21;26;29;30;34;38;42;50;52;55;58;66;70;71;87;92;96;99;0;;"R$0,00";13;"R$17.215,81";145;"R$1.543,49";1100;"R$127,16";6407;"R$21,83";0;-;0;"R$0,00";"R$503.562,47";"R$4.609.681,50";"R$1.000.000,00";
1642;16/03/2016;6;16;20;26;29;34;37;39;53;60;64;66;72;75;76;80;83;92;94;98;0;;"R$0,00";14;"R$15.469,88";120;"R$1.804,82";944;"R$143,39";5743;"R$23,56";0;-;0;"R$0,00";"R$990.863,61";"R$4.460.823,00";"R$1.500.000,00";
1643;19/03/2016;0;10;15;21;25;30;34;35;45;46;51;56;59;60;63;64;75;76;81;97;0;;"R$0,00";4;"R$57.368,83";111;"R$2.067,35";1185;"R$121,03";6068;"R$23,63";0;-;0;"R$0,00";"R$29.025.538,27";"R$4.726.461,00";"R$35.000.000,00";
1644;26/03/2016;4;6;21;27;29;30;41;46;56;58;61;65;66;76;81;82;83;87;89;98;1;"BRASÍLIA/DF; GUAÍBA/RS; BRAGANÇA PAULISTA/SP; SÃO PAULO/SP; SÃO PAULO/SP; SÃO SEBASTIÃO DO TOCANTINS/TO";"R$35.480.875,28";74;"R$30.342,36";1143;"R$1.964,42";10681;"R$131,38";80792;"R$17,36";0;-;5;"R$224.533,47";"R$0,00";"R$46.246.741,50";"R$500.000,00";
1645;30/03/2016;4;8;12;13;22;23;28;35;41;46;67;70;75;79;83;84;87;88;92;97;0;;"R$0,00";5;"R$41.041,28";101;"R$2.031,75";699;"R$183,48";4769;"R$26,89";0;-;0;"R$0,00";"R$461.714,35";"R$4.226.598,00";"R$1.000.000,00";
1646;02/04/2016;2;9;15;16;23;24;25;30;34;38;41;46;55;58;66;68;83;96;97;98;0;;"R$0,00";5;"R$50.439,02";104;"R$2.424,95";1189;"R$132,56";7401;"R$21,29";0;-;0;"R$0,00";"R$1.029.153,32";"R$5.194.416,00";"R$1.500.000,00";
1647;06/04/2016;0;3;6;10;20;25;28;34;44;46;52;56;57;67;71;78;86;89;91;98;0;;"R$0,00";15;"R$17.112,24";163;"R$1.574,75";1552;"R$103,36";8334;"R$19,24";0;-;0;"R$0,00";"R$1.606.691,33";"R$5.286.864,00";"R$2.200.000,00";
1648;09/04/2016;9;20;21;22;33;36;38;41;42;53;56;57;60;61;68;74;88;95;96;97;0;;"R$0,00";11;"R$26.098,02";141;"R$2.036,02";1225;"R$146,46";7030;"R$25,52";0;-;0;"R$0,00";"R$2.252.617,25";"R$5.912.896,50";"R$2.800.000,00";
1649;13/04/2016;3;6;7;12;17;19;22;23;26;27;50;51;56;63;70;74;76;79;90;99;0;;"R$0,00";6;"R$45.540,15";112;"R$2.439,65";1133;"R$150,72";7572;"R$22,55";0;-;0;"R$0,00";"R$2.867.409,23";"R$5.627.892,00";"R$3.500.000,00";
1650;16/04/2016;1;4;10;13;17;40;43;45;50;56;59;60;63;67;70;76;78;84;89;92;2;"MONTE ALTO/SP; SÃO PAULO/SP; VALPARAÍSO/SP";"R$1.688.723,80";14;"R$20.817,89";166;"R$1.755,72";1447;"R$125,88";8311;"R$21,91";0;-;1;"R$145.725,25";"R$0,00";"R$6.002.952,00";"R$400.000,00";
1651;20/04/2016;2;4;17;26;49;50;55;59;62;65;67;68;69;70;76;81;84;86;89;95;0;ITAPICURU/BA;"R$0,00";4;"R$50.724,76";105;"R$1.932,38";948;"R$133,76";5774;"R$21,96";0;-;1;"R$101.449,51";"R$355.073,27";"R$4.179.073,50";"R$700.000,00";
1652;23/04/2016;1;5;8;11;13;14;19;36;39;45;54;65;71;74;77;83;90;91;92;98;0;;"R$0,00";8;"R$24.103,39";111;"R$1.737,18";1020;"R$118,15";5904;"R$20,41";0;-;0;"R$0,00";"R$788.934,33";"R$3.971.625,00";"R$1.500.000,00";
1653;29/04/2016;5;10;18;24;27;33;34;42;44;47;48;58;71;79;80;81;86;93;96;98;0;;"R$0,00";8;"R$35.777,24";94;"R$1.903,05";960;"R$186,33";6590;"R$27,14";29493;"R$6,06";0;"R$0,00";"R$1.737.031,10";"R$5.895.177,00";"R$2.200.000,00";"O VALOR DESTINADO AO CONCURSO ESPECIAL DA LOTOMANIA, ACUMULADO ATÉ O CONCURSO 1652 (R$ 2.206.778,54), SERÁ SOMADO AO VALOR DO PRÊMIO PRINCIPAL (20 ACERTOS) DO CONCURSO 1655, CONFORME PORTARIA Nº 24 DE 19/04/2016, DA SECRETARIA DE ACOMPANHAMENTO ECONÔMICO DO MINISTÉRIO DA FAZENDA"
1654;03/05/2016;0;3;8;9;14;17;28;29;30;31;32;39;52;60;63;69;77;82;88;94;1;POÇÃO DE PEDRAS/MA;"R$2.413.178,23";18;"R$13.355,99";180;"R$1.192,49";1411;"R$106,48";7931;"R$18,94";31061;"R$4,83";0;"R$0,00";"R$0,00";"R$4.951.636,50";"R$3.000.000,00";"O VALOR DESTINADO AO CONCURSO ESPECIAL DA LOTOMANIA, ACUMULADO ATÉ O CONCURSO 1652 (R$ 2.206.778,54), SERÁ SOMADO AO VALOR DO PRÊMIO PRINCIPAL (20 ACERTOS) DO CONCURSO 1655, CONFORME PORTARIA Nº 24 DE 19/04/2016, DA SECRETARIA DE ACOMPANHAMENTO ECONÔMICO DO MINISTÉRIO DA FAZENDA.O PRÊMIO DE ZERO ACERTO (R$ 120.203,96) FICA ACUMULADO PARA O PRÊMIO DE VINTE ACERTOS DO PRÓXIMO CONCURSO."
1655;06/05/2016;3;7;10;14;15;16;19;22;34;37;39;42;49;51;53;60;76;82;84;98;0;;"R$0,00";10;"R$25.355,46";153;"R$1.479,66";1222;"R$129,68";7464;"R$21,23";31889;"R$4,96";0;"R$0,00";"R$3.166.881,97";"R$5.222.416,50";"R$3.800.000,00";
1656;10/05/2016;0;12;13;15;40;47;52;53;54;60;62;68;69;70;71;75;80;81;85;91;0;;"R$0,00";4;"R$63.660,99";83;"R$1.917,50";857;"R$185,70";5522;"R$28,82";38261;"R$4,15";0;"R$0,00";"R$4.010.390,17";"R$5.244.855,00";"R$4.500.000,00";
1657;13/05/2016;6;10;19;21;30;33;35;52;53;54;64;67;73;74;82;90;91;92;95;98;0;;"R$0,00";4;"R$71.722,38";88;"R$2.037,57";910;"R$197,03";6417;"R$27,94";31211;"R$5,74";0;"R$0,00";"R$4.960.711,65";"R$5.909.010,00";"R$5.600.000,00";
1658;17/05/2016;7;17;22;24;32;37;39;40;49;52;54;60;63;68;84;85;88;92;93;97;1;"CASA BRANCA/SP; CASA BRANCA/SP";"R$5.806.496,77";5;"R$60.144,72";181;"R$1.483,44";1756;"R$107,03";10422;"R$18,03";37985;"R$4,94";1;"R$150.361,82";"R$0,00";"R$6.193.948,50";"R$400.000,00";
1659;20/05/2016;9;12;18;21;34;35;38;42;43;48;50;54;59;71;79;87;88;90;92;96;0;;"R$0,00";8;"R$27.990,09";118;"R$1.694,31";912;"R$153,45";5660;"R$24,72";23785;"R$5,88";0;"R$0,00";"R$741.737,53";"R$4.612.054,50";"R$1.300.000,00";
1660;24/05/2016;9;16;36;39;42;51;53;57;61;62;67;68;71;77;78;79;83;85;89;98;0;;"R$0,00";11;"R$20.211,85";124;"R$1.600,88";1117;"R$124,40";6835;"R$20,33";42657;"R$3,25";0;"R$0,00";"R$1.478.206,63";"R$4.579.296,00";"R$2.000.000,00";
1661;27/05/2016;3;5;7;10;14;26;29;34;42;43;46;49;50;66;69;71;73;76;79;82;1;"MOGI GUAÇU/SP; MOGI GUAÇU/SP";"R$2.077.614,91";14;"R$15.223,07";129;"R$1.475,10";1231;"R$108,20";6703;"R$19,87";27630;"R$4,82";1;"R$106.561,49";"R$0,00";"R$4.389.654,00";"R$450.000,00";
1662;31/05/2016;2;5;6;16;25;28;31;33;35;40;54;57;64;70;77;78;82;88;93;99;1;"TERESINA/PI; TERESINA/PI";"R$574.630,35";6;"R$34.052,17";87;"R$1.467,76";788;"R$162,05";5015;"R$25,46";22721;"R$5,62";1;"R$102.156,53";"R$0,00";"R$4.208.197,50";"R$400.000,00";
1663;03/06/2016;3;10;15;28;32;36;41;43;47;52;53;55;63;66;67;68;72;77;86;90;0;;"R$0,00";10;"R$22.051,74";140;"R$1.406,36";1203;"R$114,56";7128;"R$19,33";30074;"R$4,58";0;"R$0,00";"R$730.463,96";"R$4.541.956,50";"R$1.200.000,00";
1664;07/06/2016;16;20;36;39;45;47;49;52;54;56;57;62;70;74;78;81;89;93;95;98;1;"SÃO PAULO/SP; SÃO PAULO/SP";"R$1.379.656,69";21;"R$10.991,62";178;"R$1.157,82";1466;"R$98,40";7841;"R$18,39";30879;"R$4,67";1;"R$115.412,06";"R$0,00";"R$4.754.241,00";"R$400.000,00";
1665;10/06/2016;2;4;16;19;26;28;29;30;45;59;61;66;68;72;76;77;85;86;96;99;0;;"R$0,00";6;"R$35.953,85";117;"R$1.646,23";960;"R$140,44";6060;"R$22,24";26002;"R$5,18";0;"R$0,00";"R$714.582,73";"R$4.443.208,50";"R$1.100.000,00";
1666;14/06/2016;1;8;15;18;19;21;23;34;41;50;52;53;55;61;67;68;72;78;88;92;0;;"R$0,00";11;"R$19.596,09";124;"R$1.552,10";1146;"R$117,55";6322;"R$21,31";26652;"R$5,05";0;"R$0,00";"R$1.428.615,17";"R$4.439.787,00";"R$1.900.000,00";
1667;17/06/2016;3;5;8;18;20;27;29;41;45;50;60;61;62;69;71;78;87;88;94;96;0;;"R$0,00";4;"R$57.743,00";127;"R$1.623,81";990;"R$145,81";6030;"R$23,93";31291;"R$4,61";0;"R$0,00";"R$2.193.709,91";"R$4.757.287,50";"R$2.700.000,00";
1668;21/06/2016;6;7;9;11;19;21;25;38;39;42;50;51;59;61;62;67;68;96;98;99;0;;"R$0,00";5;"R$47.531,95";108;"R$1.375,34";1131;"R$131,33";6511;"R$22,81";27890;"R$5,32";0;"R$0,00";"R$2.980.957,84";"R$4.895.034,00";"R$3.100.000,00";
1669;24/06/2016;1;9;17;22;31;33;37;43;47;55;62;66;67;68;70;77;83;92;95;99;2;"CAMPO MOURÃO/PR; ARARAQUARA/SP";"R$1.813.071,88";17;"R$13.494,09";172;"R$1.190,81";1316;"R$108,94";7538;"R$19,02";30894;"R$4,64";0;"R$0,00";"R$0,00";"R$4.724.898,00";"R$500.000,00";
1670;28/06/2016;0;7;9;10;15;19;29;31;36;37;44;56;58;67;72;81;88;92;93;95;0;;"R$0,00";0;"R$0,00";100;"R$1.687,89";816;"R$144,79";4636;"R$25,48";21167;"R$5,58";0;"R$0,00";"R$740.910,43";"R$3.893.719,50";"R$1.200.000,00";"O VALOR ACUMULADO PARA FAIXA DE 0 (zero) ACERTO FICA ACUMULADO PARA O PRÓXIMO CONCURSO NA FAIXA DE 20 ACERTOS. O VALOR ACUMULADO PARA A FAIXA DE 19 ACERTOS (R$ 189.044,73), FICA ACUMULADO PARA O PRÓXIMO CONCURSO NA FAIXA DE 19 ACERTOS."
1671;01/07/2016;9;12;14;17;19;20;22;23;33;34;39;42;68;71;72;76;82;87;96;97;0;;"R$0,00";5;"R$83.017,09";116;"R$1.739,84";915;"R$154,39";6098;"R$23,16";27385;"R$5,15";0;"R$0,00";"R$1.489.670,41";"R$4.655.719,50";"R$1.800.000,00";O VALOR ACUMULADO PARA FAIXA DE 0 (zero) ACERTO FICA ACUMULADO PARA O PRÓXIMO CONCURSO NA FAIXA DE 20 ACERTOS.
1672;05/07/2016;2;4;5;7;13;23;24;28;30;35;43;44;52;54;58;65;77;90;94;95;0;;"R$0,00";10;"R$24.507,14";177;"R$1.236,23";1294;"R$118,36";7801;"R$19,63";32740;"R$4,67";0;"R$0,00";"R$2.301.469,20";"R$5.047.689,00";"R$2.800.000,00";
1673;08/07/2016;2;10;13;17;18;25;31;35;38;40;44;45;52;58;62;66;67;93;95;97;0;;"R$0,00";18;"R$15.288,34";138;"R$1.780,47";1239;"R$138,81";7842;"R$21,93";34000;"R$5,05";0;"R$0,00";"R$3.213.036,40";"R$5.668.039,50";"R$3.800.000,00";
1674;12/07/2016;2;5;14;16;18;19;25;26;29;33;36;37;44;48;62;67;68;91;96;97;0;;"R$0,00";12;"R$22.949,65";152;"R$1.617,69";1543;"R$111,55";9369;"R$18,37";38954;"R$4,41";0;"R$0,00";"R$4.125.285,08";"R$5.672.277,00";"R$4.600.000,00";
1675;15/07/2016;8;10;15;19;21;27;31;37;38;39;40;51;55;58;76;81;82;93;96;97;0;;"R$0,00";6;"R$51.024,70";116;"R$1.649,51";1248;"R$153,31";7777;"R$24,60";35149;"R$5,44";0;"R$0,00";"R$5.139.400,93";"R$6.305.677,50";"R$5.800.000,00";
1676;19/07/2016;4;8;10;14;15;23;32;36;40;44;53;60;61;62;79;82;87;88;92;96;1;CANDIDO MENDES/MA;"R$6.019.213,69";10;"R$31.282,23";133;"R$1.470,03";1216;"R$160,78";7759;"R$25,19";33906;"R$5,76";0;"R$0,00";"R$0,00";"R$6.443.143,50";"R$550.000,00";"O PRÊMIO DE ZERO ACERTO (R$ 156.411,18) FICA ACUMULADO PARA O PRÊMIO DE VINTE ACERTOS DO PRÓXIMO CONCURSO"
1677;22/07/2016;4;10;17;24;26;28;30;46;50;57;62;64;67;69;70;73;79;84;90;91;6;"MANAUS/AM; NOVA OLINDA DO NORTE/AM; BARRA/BA; BARRA/BA; CABROBÓ/PE; NILÓPOLIS/RJ; BROTAS/SP; SÃO PAULO/SP";"R$127.531,02";85;"R$2.546,51";5620;"R$34,38";3185;"R$42,47";9212;"R$14,68";32647;"R$4,14";2;"R$54.113,34";"R$0,00";"R$4.458.249,00";"R$400.000,00";
1678;26/07/2016;1;15;16;25;29;38;41;51;53;56;58;60;65;66;68;76;79;81;96;99;0;ARUJÁ/SP;"R$0,00";7;"R$28.242,40";138;"R$1.279,09";1002;"R$123,31";5959;"R$20,73";25114;"R$4,91";1;"R$98.848,41";"R$556.022,18";"R$4.071.924,00";"R$1.000.000,00";
1679;29/07/2016;11;13;19;20;22;27;28;29;32;33;36;39;41;55;65;66;69;81;87;97;0;;"R$0,00";12;"R$18.596,97";99;"R$1.408,86";1011;"R$137,95";6255;"R$22,29";27600;"R$5,05";0;"R$0,00";"R$1.295.252,02";"R$4.596.462,00";"R$1.800.000,00";
1680;02/08/2016;0;7;15;24;26;29;30;31;36;37;43;47;56;60;65;68;78;86;97;98;0;;"R$0,00";3;"R$80.939,60";119;"R$1.821,86";986;"R$153,91";6158;"R$24,64";28112;"R$5,39";0;"R$0,00";"R$2.099.589,32";"R$5.001.294,00";"R$2.600.000,00";"O PRÊMIO DE ZERO ACERTO (R$ 121.409,44) FICA ACUMULADO PARA O PRÊMIO DE VINTE ACERTOS DO PRÓXIMO CONCURSO"
1681;05/08/2016;14;15;19;29;31;37;42;47;49;59;64;67;69;71;72;78;80;91;92;99;0;SÃO PAULO/SP;"R$0,00";11;"R$23.995,75";147;"R$1.603,21";1281;"R$128,78";7790;"R$21,17";32405;"R$5,09";1;"R$131.976,65";"R$2.841.957,92";"R$5.436.597,00";"R$3.400.000,00";
1682;09/08/2016;5;7;8;15;23;31;37;38;39;42;54;57;61;65;79;89;91;92;93;99;0;;"R$0,00";4;"R$68.499,84";117;"R$1.463,67";1005;"R$170,39";6643;"R$25,77";33797;"R$5,06";0;"R$0,00";"R$3.749.580,87";"R$5.643.514,50";"R$4.300.000,00";
1683;12/08/2016;1;4;8;9;30;34;35;49;50;57;59;62;63;68;78;80;91;95;96;99;0;;"R$0,00";5;"R$59.170,69";106;"R$1.744,42";980;"R$188,68";6058;"R$30,52";27691;"R$6,67";0;"R$0,00";"R$4.729.595,46";"R$6.093.639,00";"R$5.400.000,00";
1684;16/08/2016;0;3;5;12;16;19;20;22;23;25;26;31;41;49;55;59;63;66;85;91;0;SANTARÉM/PA;"R$0,00";12;"R$23.938,68";167;"R$1.535,84";1503;"R$119,45";9967;"R$18,01";39009;"R$4,60";1;"R$143.632,13";"R$5.537.525,98";"R$5.916.727,50";"R$6.100.000,00";
1685;19/08/2016;0;9;13;14;15;17;18;22;26;45;49;51;61;62;69;77;79;82;83;88;1;"PETROLINA/PE; PETROLINA/PE";"R$6.402.640,07";7;"R$43.942,30";146;"R$1.881,09";1415;"R$135,86";8790;"R$21,87";38698;"R$4,96";1;"R$153.798,09";"R$0,00";"R$6.335.500,50";"R$400.000,00";
1686;23/08/2016;1;8;18;21;22;24;25;26;27;31;32;37;39;41;47;53;68;78;87;94;0;;"R$0,00";8;"R$24.582,46";92;"R$1.336,00";844;"R$145,63";5857;"R$20,98";37942;"R$3,23";0;"R$0,00";"R$651.435,34";"R$4.050.564,00";"R$1.200.000,00";
1687;26/08/2016;0;2;16;24;28;32;33;35;37;39;44;57;65;67;71;78;81;83;90;98;0;;"R$0,00";8;"R$26.845,82";110;"R$1.743,23";926;"R$144,95";5780;"R$23,22";24412;"R$5,49";0;"R$0,00";"R$1.362.849,64";"R$4.423.507,50";"R$1.800.000,00";
1688;30/08/2016;3;5;9;19;23;24;25;29;31;51;57;60;63;72;74;76;78;81;86;98;0;;"R$0,00";5;"R$42.614,51";126;"R$1.509,86";978;"R$136,16";5919;"R$22,49";25087;"R$5,30";0;"R$0,00";"R$2.068.652,47";"R$4.388.616,00";"R$2.500.000,00";
1689;02/09/2016;3;8;9;15;26;34;40;41;43;48;54;56;57;60;64;70;76;87;91;98;0;;"R$0,00";11;"R$23.523,69";91;"R$1.777,20";1068;"R$151,42";6205;"R$26,06";26806;"R$6,03";0;"R$0,00";"R$2.925.796,68";"R$5.329.642,50";"R$3.300.000,00";
1690;06/09/2016;3;8;10;12;14;30;31;37;43;47;58;61;64;70;80;81;83;85;86;93;1;SÃO PEDRO DA ALDEIA/RJ;"R$3.597.368,83";10;"R$23.878,12";103;"R$1.448,91";956;"R$156,10";5639;"R$26,46";24186;"R$6,17";0;"R$0,00";"R$0,00";"R$4.918.132,50";"R$600.000,00";"O VALOR ACUMULADO PARA A FAIXA DE ZERO  ACERTO (R$ 119.390,63) FICA ACUMULADO PARA O PRÊMIO DE VINTE ACERTOS DO PRÓXIMO CONCURSO."
1691;09/09/2016;0;3;8;9;11;13;23;29;33;39;44;49;64;65;68;74;78;81;90;93;0;LAGO DOS RODRIGUES/MA;"R$0,00";3;"R$60.368,58";78;"R$1.451,17";860;"R$131,61";5345;"R$21,17";22430;"R$5,04";1;"R$90.552,89";"R$628.750,51";"R$3.730.201,50";"R$1.100.000,00";
1692;13/09/2016;0;3;6;15;28;33;37;46;47;51;56;63;65;67;70;74;80;84;87;93;0;;"R$0,00";8;"R$27.175,03";115;"R$1.687,89";990;"R$137,24";6041;"R$22,49";26720;"R$5,08";0;"R$0,00";"R$1.348.888,96";"R$4.477.753,50";"R$1.800.000,00";
1693;16/09/2016;8;9;10;13;18;23;29;32;48;49;52;57;61;64;68;69;70;78;79;92;1;SERRA NEGRA/SP;"R$2.000.585,87";5;"R$46.342,90";171;"R$1.209,87";1454;"R$99,60";8234;"R$17,58";32394;"R$4,47";0;"R$0,00";"R$0,00";"R$4.772.580,00";"R$500.000,00";"O VALOR DE ZERO ACERTO (R$ 115.857,26) FICA ACUMULADO PARA O PRÊMIO DE VINTE ACERTOS DO PRÓXIMO CONCURSO"
1694;20/09/2016;4;8;10;15;37;46;51;53;55;58;70;81;85;86;91;92;93;94;95;98;0;SÃO MIGUEL DO ARAGUAIA/GO;"R$0,00";7;"R$27.497,26";110;"R$1.562,34";1269;"R$94,79";6017;"R$19,99";25354;"R$4,74";1;"R$96.240,46";"R$657.209,64";"R$3.964.492,50";"R$1.100.000,00";
1695;23/09/2016;12;19;31;33;39;40;41;42;49;54;58;63;69;71;77;83;86;89;92;99;0;;"R$0,00";12;"R$17.713,29";125;"R$1.518,28";1175;"R$113,06";7249;"R$18,32";27843;"R$4,77";0;"R$0,00";"R$1.361.312,71";"R$4.378.047,00";"R$1.800.000,00";
1696;27/09/2016;8;10;22;29;31;34;38;39;41;46;50;51;57;58;63;73;85;87;88;90;0;;"R$0,00";1;"R$216.687,02";86;"R$1.574,76";733;"R$184,76";4528;"R$29,90";21138;"R$6,40";0;"R$0,00";"R$2.079.088,46";"R$4.463.062,50";"R$2.500.000,00";
1697;30/09/2016;9;12;28;33;37;39;40;41;47;59;64;79;83;84;85;88;93;94;96;98;0;;"R$0,00";13;"R$18.364,34";81;"R$1.842,10";1073;"R$139,05";6568;"R$22,71";28244;"R$5,28";0;"R$0,00";"R$2.869.903,10";"R$4.917.211,50";"R$3.400.000,00";
1698;04/10/2016;4;7;9;14;15;17;20;23;27;31;33;44;45;53;54;74;82;85;90;96;1;SÃO PAULO/SP;"R$3.605.516,15";7;"R$37.364,47";136;"R$1.717,11";1197;"R$136,56";7148;"R$22,86";32501;"R$5,02";0;"R$0,00";"R$0,00";"R$5.387.124,00";"R$600.000,00";"O PRÊMIO DE ZERO ACERTO (R$ 130.775,68) FICA ACUMULADO PARA O PRÊMIO DE VINTE ACERTOS DO PRÓXIMO CONCURSO."
1699;07/10/2016;4;5;8;12;13;14;16;19;23;29;40;46;56;59;63;67;71;73;76;91;0;JOÃO PESSOA/PB;"R$0,00";6;"R$36.743,57";119;"R$1.654,12";1091;"R$126,29";6570;"R$20,97";28221;"R$4,88";1;"R$110.230,72";"R$750.823,39";"R$4.540.803,00";"R$1.300.000,00";
1700;11/10/2016;16;17;22;25;30;36;44;48;49;58;64;67;70;73;78;79;85;88;91;99;0;;"R$0,00";8;"R$29.036,42";127;"R$1.633,09";1175;"R$123,55";6467;"R$22,44";27296;"R$5,31";0;"R$0,00";"R$1.520.288,65";"R$4.784.463,00";"R$2.000.000,00";
1701;14/10/2016;6;11;14;15;21;25;26;28;30;33;35;36;40;54;55;65;80;83;86;89;0;;"R$0,00";5;"R$44.069,41";105;"R$1.873,69";979;"R$140,67";5757;"R$23,92";24288;"R$5,67";0;"R$0,00";"R$2.250.188,35";"R$4.538.448,00";"R$2.500.000,00";
1702;18/10/2016;2;4;8;10;12;15;20;27;30;31;58;66;70;71;72;76;86;90;95;98;0;;"R$0,00";15;"R$16.298,80";136;"R$1.605,05";1186;"R$128,83";7141;"R$21,39";32405;"R$4,71";0;"R$0,00";"R$3.060.034,81";"R$5.035.549,50";"R$3.500.000,00";
1703;21/10/2016;9;25;30;33;35;40;44;49;56;57;62;66;68;72;78;81;82;85;89;91;0;;"R$0,00";4;"R$64.832,07";111;"R$1.460,18";1027;"R$157,81";6667;"R$24,31";29620;"R$5,47";0;"R$0,00";"R$3.919.059,73";"R$5.341.336,50";"R$4.500.000,00";
1704;25/10/2016;0;11;12;13;21;24;29;31;37;47;52;55;56;59;64;70;75;76;87;97;0;;"R$0,00";9;"R$30.691,88";85;"R$2.031,08";1027;"R$168,10";6605;"R$26,13";30180;"R$5,72";0;"R$0,00";"R$4.834.061,19";"R$5.689.393,50";"R$5.500.000,00";
1705;28/10/2016;5;7;18;21;23;27;30;43;45;52;56;57;59;61;69;70;76;83;89;93;2;"PARNAMIRIM/RN; SUMARÉ/SP; SUMARÉ/SP; PALMAS/TO; PALMAS/TO";"R$2.843.485,99";17;"R$17.838,66";189;"R$1.432,62";1836;"R$103,23";9557;"R$19,83";44631;"R$4,24";3;"R$50.542,87";"R$0,00";"R$6.246.132,00";"R$400.000,00";
1706;01/11/2016;1;17;22;24;26;45;48;51;58;61;71;73;75;76;80;83;84;89;91;98;0;;"R$0,00";7;"R$29.911,39";77;"R$1.699,51";760;"R$172,18";4836;"R$27,06";21369;"R$6,12";0;"R$0,00";"R$693.570,34";"R$4.312.555,50";"R$1.100.000,00";
1707;04/11/2016;9;13;15;20;25;26;29;37;43;44;50;55;56;57;60;68;73;77;83;89;2;"NORTELÂNDIA/MT; PALMEIRA DAS MISSÕES/RS; PALMEIRA DAS MISSÕES/RS";"R$643.205,35";5;"R$42.157,54";120;"R$1.568,36";1111;"R$118,57";6719;"R$19,60";28625;"R$4,60";1;"R$105.393,86";"R$0,00";"R$4.341.555,00";"R$400.000,00";
1708;08/11/2016;0;1;2;13;14;17;24;29;33;44;49;50;51;52;53;60;67;69;95;98;0;;"R$0,00";7;"R$30.268,22";109;"R$1.735,56";1006;"R$131,63";5970;"R$22,18";25776;"R$5,13";0;"R$0,00";"R$701.844,36";"R$4.364.002,50";"R$1.200.000,00";
1709;11/11/2016;3;4;21;27;28;29;30;32;41;44;47;50;52;53;58;67;72;85;94;99;0;;"R$0,00";8;"R$29.201,29";124;"R$1.682,10";1026;"R$142,30";6361;"R$22,95";26656;"R$5,47";0;"R$0,00";"R$1.475.678,46";"R$4.811.628,00";"R$2.100.000,00";
1710;16/11/2016;5;9;11;15;16;17;24;28;35;41;44;51;52;56;58;63;71;81;87;97;0;;"R$0,00";3;"R$71.285,22";85;"R$1.572,47";952;"R$140,39";5803;"R$23,03";25479;"R$5,24";0;"R$0,00";"R$2.184.075,34";"R$4.404.745,50";"R$2.600.000,00";
1711;18/11/2016;3;4;8;10;14;15;18;19;21;52;59;60;68;73;75;80;81;88;91;98;0;;"R$0,00";10;"R$21.418,16";127;"R$1.505,77";971;"R$137,86";5833;"R$22,94";25032;"R$5,34";0;"R$0,00";"R$2.893.551,75";"R$4.411.458,00";"R$3.300.000,00";
1712;22/11/2016;0;1;12;26;29;31;33;35;44;47;61;65;66;73;76;77;83;89;90;99;1;"RIO VERDE/GO; SÃO PAULO/SP";"R$3.611.627,04";19;"R$13.437,67";181;"R$1.259,44";1502;"R$106,23";8505;"R$18,76";34870;"R$4,57";1;"R$127.657,86";"R$0,00";"R$5.258.689,50";"R$400.000,00";
1713;25/11/2016;1;4;14;21;25;26;29;30;35;41;43;50;60;61;73;80;82;88;94;99;1;SUZANO/SP;"R$557.761,75";11;"R$18.028,67";127;"R$1.394,23";1363;"R$90,93";6975;"R$17,77";27617;"R$4,48";0;"R$0,00";"R$0,00";"R$4.084.663,50";"R$500.000,00";"O VALOR DE ZERO ACERTO (R$ 99.157,68) FICA ACUMULADO PARA O PRÊMIO DE VINTE ACERTOS DO PRÓXIMO CONCURSO"
1714;29/11/2016;2;7;9;12;23;25;34;35;45;46;48;51;53;57;62;74;76;80;88;90;0;;"R$0,00";7;"R$27.045,15";105;"R$1.609,83";815;"R$145,18";4929;"R$24,00";21232;"R$5,57";0;"R$0,00";"R$726.266,99";"R$3.899.307,00";"R$1.000.000,00";
1715;02/12/2016;7;8;11;18;23;25;26;34;38;40;42;43;51;58;70;72;85;93;94;97;0;BARREIROS/PE;"R$0,00";7;"R$32.821,92";112;"R$1.831,58";934;"R$153,74";5804;"R$24,74";26347;"R$5,45";1;"R$114.876,76";"R$1.372.448,56";"R$4.732.189,50";"R$1.800.000,00";
1716;06/12/2016;5;9;15;24;27;36;39;40;50;52;54;55;60;63;66;69;73;75;82;96;0;;"R$0,00";16;"R$15.013,45";194;"R$1.105,55";1440;"R$104,26";8285;"R$18,12";32098;"R$4,67";0;"R$0,00";"R$2.168.161,33";"R$4.947.667,50";"R$2.600.000,00";
1717;09/12/2016;3;5;11;13;21;23;24;32;33;39;46;47;49;60;73;74;79;86;93;94;0;SÃO JOSÉ DOS CAMPOS/SP;"R$0,00";5;"R$51.059,59";100;"R$1.595,61";975;"R$163,65";5793;"R$27,54";25789;"R$6,18";1;"R$127.649,00";"R$2.886.186,84";"R$5.258.325,00";"R$3.400.000,00";
1718;13/12/2016;3;4;5;6;16;19;28;35;44;45;54;55;60;61;78;80;86;87;90;93;0;;"R$0,00";4;"R$64.297,19";75;"R$2.143,24";806;"R$199,43";5017;"R$32,03";23468;"R$6,84";0;"R$0,00";"R$3.738.124,63";"R$5.297.269,50";"R$4.200.000,00";
1719;16/12/2016;21;39;40;43;63;66;68;70;72;73;76;77;80;87;90;91;94;95;97;98;0;;"R$0,00";29;"R$9.823,08";428;"R$594,27";2487;"R$71,58";22703;"R$7,84";31749;"R$5,60";0;"R$0,00";"R$4.681.754,13";"R$5.867.400,00";"R$5.400.000,00";
1720;20/12/2016;0;4;6;17;22;24;31;33;39;54;59;63;66;75;80;83;92;94;95;97;0;CARATINGA/MG;"R$0,00";16;"R$18.846,97";247;"R$1.090,04";1761;"R$107,02";9944;"R$18,95";38381;"R$4,91";1;"R$150.775,75";"R$5.529.867,50";"R$6.210.999,00";"R$6.200.000,00";
1721;23/12/2016;9;11;14;20;24;26;27;29;34;38;43;44;45;48;52;57;59;61;86;95;1;"SÃO PAULO/SP; SÃO PAULO/SP";"R$6.464.266,63";10;"R$33.223,08";203;"R$1.461,25";1837;"R$113,03";11301;"R$18,37";44015;"R$4,71";1;"R$166.115,42";"R$0,00";"R$6.842.896,50";"R$400.000,00";
1722;27/12/2016;11;15;25;30;34;40;41;60;61;62;63;64;69;73;74;78;81;85;86;92;1;"PORTO ESPERIDIÃO/MT; PEDRA/PE; PEDRA/PE";"R$545.150,04";6;"R$32.305,19";76;"R$1.594,01";727;"R$166,63";4442;"R$27,27";19671;"R$6,15";2;"R$48.457,80";"R$0,00";"R$3.992.304,00";"R$400.000,00";
1723;30/12/2016;1;3;18;19;21;24;26;35;36;39;44;49;50;62;72;80;81;85;86;98;0;;"R$0,00";5;"R$43.442,90";83;"R$1.635,65";793;"R$171,19";4864;"R$27,91";21763;"R$6,23";0;"R$0,00";"R$719.523,05";"R$4.473.927,00";"R$1.300.000,00";
1724;03/01/2017;6;10;15;18;20;21;22;38;49;55;57;59;68;69;70;81;82;87;90;93;0;;"R$0,00";6;"R$33.498,80";65;"R$1.932,62";674;"R$186,38";4416;"R$28,44";19761;"R$6,35";0;"R$0,00";"R$1.385.311,61";"R$4.139.811,00";"R$1.800.000,00";
1725;06/01/2017;0;4;7;10;19;25;27;31;36;41;48;56;60;64;69;78;79;87;90;95;0;;"R$0,00";6;"R$41.558,49";109;"R$1.429,77";905;"R$172,20";5609;"R$27,78";24984;"R$6,23";0;"R$0,00";"R$2.211.286,57";"R$5.135.835,00";"R$2.800.000,00";
1726;10/01/2017;6;7;14;17;18;23;27;31;44;46;55;56;66;79;82;87;89;95;96;98;0;;"R$0,00";11;"R$22.456,90";136;"R$1.621,75";1109;"R$139,21";7008;"R$22,03";30732;"R$5,02";0;"R$0,00";"R$3.029.559,99";"R$5.087.947,50";"R$3.500.000,00";
1727;13/01/2017;5;11;12;13;14;19;22;23;25;26;44;49;55;62;65;82;88;89;90;91;0;;"R$0,00";6;"R$46.101,90";182;"R$1.357,00";1794;"R$96,36";9046;"R$19,11";38598;"R$4,47";0;"R$0,00";"R$3.945.835,18";"R$5.697.313,50";"R$4.600.000,00";
1728;17/01/2017;2;17;24;25;27;35;38;39;42;43;46;48;57;58;61;70;77;81;89;99;0;;"R$0,00";5;"R$56.032,28";113;"R$1.549,57";1120;"R$156,34";6840;"R$25,59";31178;"R$5,61";0;"R$0,00";"R$4.873.869,80";"R$5.770.432,50";"R$5.400.000,00";
1729;20/01/2017;3;6;7;10;14;16;22;27;29;31;34;37;39;43;55;56;61;64;74;96;0;;"R$0,00";20;"R$14.839,29";196;"R$1.351,97";1605;"R$115,57";9546;"R$19,43";40660;"R$4,56";0;"R$0,00";"R$5.856.972,72";"R$6.112.842,00";"R$6.400.000,00";
1730;24/01/2017;4;8;10;21;24;25;31;38;53;58;59;61;64;66;72;73;76;79;92;97;0;NATAL/RN;"R$0,00";10;"R$31.752,20";130;"R$1.526,55";1242;"R$159,78";8160;"R$24,32";34801;"R$5,70";1;"R$158.761,01";"R$6.750.003,27";"R$6.539.941,50";"R$7.500.000,00";
1731;27/01/2017;15;16;20;31;36;37;38;40;41;43;45;54;56;58;61;76;77;79;83;99;0;;"R$0,00";16;"R$23.180,67";348;"R$951,58";5351;"R$43,32";12546;"R$18,47";53436;"R$4,33";0;"R$0,00";"R$7.978.578,44";"R$7.639.165,50";"R$8.800.000,00";
1732;31/01/2017;6;18;22;23;27;30;32;40;45;53;60;65;71;76;79;81;82;85;88;99;0;;"R$0,00";5;"R$84.265,98";131;"R$2.010,16";1446;"R$182,11";9136;"R$28,82";40738;"R$6,46";0;"R$0,00";"R$9.374.233,66";"R$8.678.053,50";"R$10.000.000,00";
1733;03/02/2017;5;10;13;15;18;20;21;33;34;49;50;55;63;69;75;81;86;89;90;91;0;;"R$0,00";23;"R$21.987,59";350;"R$1.290,08";3115;"R$101,46";16605;"R$19,03";67743;"R$4,66";0;"R$0,00";"R$11.049.412,70";"R$10.416.106,50";"R$12.000.000,00";
1734;07/02/2017;0;2;6;17;27;31;49;50;52;60;61;63;64;70;78;82;85;86;95;96;0;;"R$0,00";8;"R$64.200,70";202;"R$1.589,13";1849;"R$173,60";11723;"R$27,38";52350;"R$6,13";0;"R$0,00";"R$12.750.731,15";"R$10.578.639,00";"R$13.800.000,00";
1735;10/02/2017;2;16;23;28;30;31;34;37;39;41;43;59;65;66;69;73;74;77;95;96;0;VISEU/PA;"R$0,00";25;"R$21.868,24";277;"R$1.762,20";2533;"R$134,89";15223;"R$22,44";65628;"R$5,20";1;"R$273.352,99";"R$14.288.341,58";"R$11.260.401,00";"R$15.500.000,00";
1736;14/02/2017;1;8;10;17;19;25;44;48;49;60;63;68;73;74;80;82;84;95;96;98;0;;"R$0,00";35;"R$17.314,57";288;"R$1.878,75";2791;"R$135,70";16704;"R$22,67";72138;"R$5,25";0;"R$0,00";"R$16.295.750,29";"R$12.481.879,50";"R$17.500.000,00";
1737;17/02/2017;7;33;37;38;40;51;59;60;61;63;65;67;68;71;72;74;77;83;85;93;0;;"R$0,00";41;"R$16.363,73";525;"R$1.141,00";4181;"R$100,29";24630;"R$17,02";112773;"R$3,71";0;"R$0,00";"R$18.518.148,81";"R$13.818.666,00";"R$20.000.000,00";
1738;21/02/2017;6;8;15;24;30;35;37;45;47;50;54;58;59;68;70;73;77;83;93;97;0;Florianópolis/SC;"R$0,00";58;"R$12.147,62";623;"R$1.009,74";4367;"R$100,83";22766;"R$19,34";103723;"R$4,24";1;"R$352.281,12";"R$20.499.729,88";"R$14.511.736,50";"R$22.000.000,00";
1739;24/02/2017;0;3;13;14;22;43;46;55;62;65;67;69;71;75;77;83;84;85;89;91;0;;"R$0,00";38;"R$18.958,31";548;"R$1.173,77";3935;"R$114,42";23157;"R$19,44";96639;"R$4,65";0;"R$0,00";"R$22.886.107,07";"R$14.838.270,00";"R$23.500.000,00";
1740;01/03/2017;12;14;23;25;29;32;35;40;43;51;53;60;64;82;83;88;89;96;97;98;0;;"R$0,00";16;"R$31.929,86";239;"R$1.335,98";2323;"R$137,45";14074;"R$22,68";59592;"R$5,35";0;"R$0,00";"R$24.578.389,71";"R$10.522.455,00";"R$25.000.000,00";
1741;03/03/2017;4;5;22;24;28;30;32;38;39;40;43;46;53;55;57;59;60;63;64;82;2;"CASCAVEL/CE; PANELAS/PE; PANELAS/PE; PIEDADE/SP";"R$13.186.479,44";26;"R$24.541,12";461;"R$1.235,80";6082;"R$65,56";21671;"R$18,40";87870;"R$4,53";2;"R$159.517,28";"R$0,00";"R$13.142.190,00";"R$400.000,00";
1742;07/03/2017;4;5;10;19;23;26;29;31;32;36;44;49;60;63;66;75;84;89;94;99;0;;"R$0,00";5;"R$51.216,72";111;"R$1.441,91";1089;"R$146,97";6504;"R$24,60";27757;"R$5,76";0;"R$0,00";"R$848.277,00";"R$5.274.507,00";"R$1.400.000,00";
1743;10/03/2017;1;6;13;15;30;43;47;50;55;63;68;74;75;78;79;80;81;82;86;90;0;;"R$0,00";4;"R$68.923,75";111;"R$1.552,34";1140;"R$151,14";7058;"R$24,41";31900;"R$5,40";0;"R$0,00";"R$1.761.516,70";"R$5.678.439,00";"R$2.400.000,00";
1744;14/03/2017;2;5;6;8;34;35;36;37;53;56;65;70;72;77;78;83;87;92;96;97;0;;"R$0,00";9;"R$31.967,88";162;"R$1.585,70";1310;"R$137,26";8548;"R$21,03";35768;"R$5,02";0;"R$0,00";"R$2.714.559,35";"R$5.925.930,00";"R$3.300.000,00";
1745;17/03/2017;4;7;9;10;17;30;39;42;44;48;51;55;59;74;75;77;80;82;88;92;1;PINHEIRO/MA;"R$3.586.942,69";14;"R$22.155,77";244;"R$1.135,02";1987;"R$97,56";11243;"R$17,24";50562;"R$3,83";0;"R$0,00";"R$0,00";"R$6.388.735,50";"R$550.000,00";"O VALOR DE ZERO ACERTO (R$ 155.090,39) FICA ACUMULADO PARA O PRÊMIO DE VINTE ACERTOS DO PRÓXIMO CONCURSO"
1746;21/03/2017;3;11;12;14;30;31;33;38;43;44;48;60;62;64;65;67;79;85;90;93;1;POUSO ALEGRE/MG;"R$828.018,89";2;"R$119.631,73";99;"R$1.510,50";844;"R$177,17";5856;"R$25,53";25377;"R$5,89";0;"R$0,00";"R$0,00";"R$4.928.065,50";"R$700.000,00";"O VALOR DE ZERO ACERTO (R$ 119.631,76) FICA ACUMULADO PARA O PRÊMIO DE VINTE ACERTOS DO PRÓXIMO CONCURSO."
1747;24/03/2017;1;7;8;16;21;38;41;49;51;53;56;58;59;64;66;69;73;75;79;97;0;;"R$0,00";6;"R$39.709,03";125;"R$1.701,81";1307;"R$113,93";7153;"R$20,81";29227;"R$5,09";0;"R$0,00";"R$908.848,68";"R$4.907.277,00";"R$1.500.000,00";
1748;28/03/2017;1;4;5;6;13;14;27;37;38;44;47;50;61;72;77;79;84;93;94;98;1;SANTA MARIA/RS;"R$1.587.247,65";9;"R$26.800,95";83;"R$1.816,33";864;"R$174,48";5295;"R$28,47";24124;"R$6,24";0;"R$0,00";"R$0,00";"R$4.968.127,50";"R$500.000,00";"O VALOR DE ZERO ACERTO (R$ 120.604,29) FICA ACUMULADO PARA O PRÊMIO DE VINTE ACERTOS DO PRÓXIMO CONCURSO"
1749;31/03/2017;2;16;17;20;22;33;34;49;54;60;63;66;68;69;71;73;83;86;89;90;0;NATAL/RN;"R$0,00";11;"R$20.826,60";151;"R$1.354,61";1211;"R$118,23";6967;"R$20,55";29060;"R$4,92";1;"R$114.546,35";"R$764.927,29";"R$4.718.578,50";"R$1.300.000,00";
1750;04/04/2017;3;8;10;11;23;28;39;41;44;49;51;52;55;59;68;69;74;76;78;81;1;"POMPEU/MG; POMPEU/MG";"R$1.460.022,40";6;"R$41.190,83";127;"R$1.737,52";1123;"R$137,54";6862;"R$22,51";29898;"R$5,16";1;"R$123.572,48";"R$0,00";"R$5.090.398,50";"R$400.000,00";
1751;07/04/2017;1;8;17;19;29;31;37;40;42;43;45;47;50;53;62;66;70;80;94;96;0;SETE LAGOAS/MG;"R$0,00";10;"R$23.728,26";108;"R$1.373,17";1053;"R$140,83";6262;"R$23,68";27549;"R$5,38";1;"R$118.641,30";"R$667.357,25";"R$4.887.265,50";"R$1.200.000,00";
1752;11/04/2017;8;12;17;19;21;26;33;35;42;57;62;66;73;83;85;87;90;93;98;99;0;;"R$0,00";12;"R$19.360,11";181;"R$1.146,02";1361;"R$106,68";7800;"R$18,61";30854;"R$4,70";0;"R$0,00";"R$1.436.921,67";"R$4.785.079,50";"R$1.800.000,00";
1753;13/04/2017;3;6;10;25;26;33;40;43;45;49;51;65;71;72;75;79;83;84;93;99;0;;"R$0,00";4;"R$43.337,17";56;"R$1.934,69";645;"R$167,97";4244;"R$25,52";18839;"R$5,75";0;"R$0,00";"R$2.011.139,14";"R$3.570.430,50";"R$2.400.000,00";
1754;18/04/2017;8;9;16;42;44;48;50;52;54;55;57;62;66;74;79;80;84;88;90;99;1;"CAMPO GRANDE/MS; CAMPO GRANDE/MS";"R$2.716.057,67";7;"R$35.805,39";158;"R$1.416,35";1337;"R$117,16";8392;"R$18,66";36450;"R$4,29";1;"R$125.318,88";"R$0,00";"R$5.162.338,50";"R$250.000,00";
1755;20/04/2017;0;2;13;26;28;34;35;38;40;42;43;52;53;56;60;74;75;77;78;92;0;;"R$0,00";3;"R$49.816,34";63;"R$1.482,63";609;"R$153,37";4005;"R$23,32";18467;"R$5,05";0;"R$0,00";"R$495.049,92";"R$3.078.174,00";"R$840.000,00";
1756;25/04/2017;11;14;15;19;34;37;50;52;58;63;64;66;67;68;71;78;79;89;94;96;0;COTIA/SP;"R$0,00";4;"R$55.459,97";66;"R$2.100,76";776;"R$178,67";4961;"R$27,94";22909;"R$6,05";1;"R$110.919,96";"R$1.118.974,56";"R$4.569.195,00";"R$1.600.000,00";
1757;28/04/2017;3;5;10;11;22;28;33;37;39;40;44;48;49;55;61;62;70;80;92;98;1;"MANAUS/AM; MANAUS/AM";"R$1.749.701,25";9;"R$24.917,60";119;"R$1.682,61";1232;"R$113,76";7215;"R$19,42";30263;"R$4,63";1;"R$112.129,22";"R$0,00";"R$4.619.008,50";"R$250.000,00";
1758;02/05/2017;2;4;5;11;22;23;25;27;30;35;36;47;48;62;63;68;69;86;94;98;0;;"R$0,00";1;"R$176.424,43";72;"R$1.531,46";723;"R$152,51";4726;"R$23,33";21599;"R$5,10";0;"R$0,00";"R$584.405,95";"R$3.633.781,50";"R$1.000.000,00";
1759;05/05/2017;9;15;21;23;27;28;37;39;44;45;50;66;69;70;81;86;88;92;96;97;0;;"R$0,00";13;"R$18.924,20";127;"R$1.729,57";965;"R$159,33";6570;"R$23,40";28548;"R$5,38";0;"R$0,00";"R$1.399.329,51";"R$5.067.118,50";"R$2.000.000,00";
1760;09/05/2017;9;12;16;21;22;26;28;38;41;43;44;51;53;57;69;70;76;89;91;93;0;;"R$0,00";8;"R$30.653,54";92;"R$1.665,96";917;"R$167,14";5481;"R$27,96";25483;"R$6,01";0;"R$0,00";"R$2.211.648,43";"R$5.050.923,00";"R$2.700.000,00";
1761;12/05/2017;1;6;12;15;17;20;22;29;31;36;41;60;61;75;78;82;88;93;94;97;0;;"R$0,00";5;"R$52.471,81";94;"R$1.744,41";991;"R$165,46";6162;"R$26,61";26862;"R$6,10";0;"R$0,00";"R$3.080.712,72";"R$5.403.760,50";"R$3.500.000,00";
1762;16/05/2017;1;2;8;19;25;32;39;47;54;59;67;70;72;79;80;83;84;89;95;97;0;;"R$0,00";1;"R$262.650,99";115;"R$1.427,45";1083;"R$151,57";6557;"R$25,03";29555;"R$5,55";0;"R$0,00";"R$3.950.744,16";"R$5.409.774,00";"R$4.600.000,00";
1763;19/05/2017;1;6;7;15;21;31;36;37;39;41;42;74;78;80;83;84;85;86;95;96;0;;"R$0,00";1;"R$282.552,66";93;"R$1.898,87";850;"R$207,75";5639;"R$31,31";25409;"R$6,95";0;"R$0,00";"R$4.886.699,86";"R$5.819.685,00";"R$5.500.000,00";
1764;23/05/2017;2;7;20;22;24;27;35;36;39;41;55;57;58;61;70;79;83;84;92;95;0;ITAJUBÁ/MG;"R$0,00";14;"R$20.692,42";174;"R$1.486,52";1358;"R$133,32";8023;"R$22,56";34452;"R$5,25";1;"R$144.846,98";"R$5.701.463,98";"R$5.966.772,00";"R$6.300.000,00";
1765;26/05/2017;0;8;11;12;17;20;21;23;36;37;38;41;42;45;52;56;60;64;79;97;0;;"R$0,00";10;"R$30.404,29";144;"R$1.885,18";1408;"R$134,96";10891;"R$17,44";37078;"R$5,12";0;"R$0,00";"R$6.708.606,10";"R$6.262.315,50";"R$7.300.000,00";
1766;30/05/2017;0;1;5;8;13;17;19;29;30;33;44;48;49;62;66;69;76;91;97;99;0;;"R$0,00";25;"R$12.224,79";306;"R$891,74";2512;"R$76,03";13237;"R$14,43";49885;"R$3,82";0;"R$0,00";"R$7.720.971,28";"R$6.294.792,00";"R$8.200.000,00";
1767;02/06/2017;3;6;7;12;17;26;28;29;35;47;49;59;69;70;72;79;84;85;89;97;0;;"R$0,00";10;"R$36.531,19";197;"R$1.655,69";1726;"R$132,28";10524;"R$21,69";46505;"R$4,90";0;"R$0,00";"R$8.931.067,08";"R$7.524.262,50";"R$9.700.000,00";
1768;06/06/2017;1;2;6;8;15;21;25;27;38;41;49;62;67;73;75;77;80;83;87;91;0;;"R$0,00";10;"R$38.257,62";198;"R$1.725,18";1962;"R$121,87";11485;"R$20,81";47400;"R$5,04";0;"R$0,00";"R$10.198.350,47";"R$7.879.849,50";"R$11.000.000,00";
1769;09/06/2017;3;7;9;13;15;22;27;30;35;39;47;54;57;70;72;74;79;80;82;86;1;"PASSOS/MG; PASSOS/MG";"R$11.401.570,39";26;"R$16.454,29";302;"R$1.264,81";2768;"R$96,59";16816;"R$15,90";60633;"R$4,40";1;"R$213.905,79";"R$0,00";"R$8.811.555,00";"R$250.000,00";
1770;13/06/2017;8;11;13;17;21;22;25;28;35;36;37;50;60;63;71;74;76;77;86;90;0;;"R$0,00";4;"R$54.398,03";76;"R$1.789,41";794;"R$171,27";5277;"R$25,77";24543;"R$5,54";0;"R$0,00";"R$720.773,89";"R$4.481.704,50";"R$1.100.000,00";
1771;16/06/2017;6;8;15;18;20;26;28;33;38;40;47;48;52;56;57;61;68;83;86;94;1;"VILA PAVÃO/ES; SÃO PAULO/SP";"R$1.340.748,69";7;"R$31.490,79";95;"R$1.450,24";1053;"R$130,83";6088;"R$22,63";26525;"R$5,19";1;"R$110.217,77";"R$0,00";"R$4.540.269,00";"R$400.000,00";
1772;20/06/2017;8;13;19;24;26;28;29;36;40;43;47;49;54;59;70;75;82;83;93;94;0;;"R$0,00";10;"R$21.769,39";128;"R$1.518,51";1082;"R$125,74";6530;"R$20,83";28315;"R$4,80";0;"R$0,00";"R$721.110,88";"R$4.483.800,00";"R$1.200.000,00";
1773;23/06/2017;0;3;10;13;19;20;27;31;33;41;46;48;58;59;68;76;79;83;86;90;0;;"R$0,00";9;"R$25.633,98";95;"R$1.517,80";857;"R$168,25";5332;"R$27,04";23272;"R$6,19";0;"R$0,00";"R$1.485.323,89";"R$4.751.805,00";"R$2.000.000,00";
1774;27/06/2017;3;12;21;24;29;34;37;46;47;48;50;53;56;61;65;70;84;87;93;95;1;CANINDÉ DE SÃO FRANCISCO/SE;"R$2.150.827,88";6;"R$39.437,28";81;"R$1.825,80";957;"R$154,53";5621;"R$26,31";24536;"R$6,02";0;"R$0,00";"R$0,00";"R$4.873.693,50";"R$550.000,00";"O VALOR DE ZERO ACERTO (R$ 118.311,85) FICA ACUMULADO PARA O PRÊMIO DE 20 ACERTOS DO PRÓXIMO CONCURSO"
1775;30/06/2017;8;14;18;32;35;38;43;45;51;53;67;74;75;80;85;89;92;95;96;99;1;MINAÇU/GO;"R$725.331,44";15;"R$14.388,62";125;"R$1.541,63";1170;"R$115,29";6599;"R$20,44";27411;"R$4,92";0;"R$0,00";"R$0,00";"R$4.445.394,00";"R$550.000,00";"O VALOR DE ZERO ACERTO (R$ 107.914,62) FICA ACUMULADO PARA O PRÊMIO DE 20 ACERTOS DO PRÓXIMO CONCURSO"
1776;04/07/2017;3;4;6;10;13;21;24;29;31;32;35;43;49;57;64;65;67;72;79;95;1;Sorocaba/SP;"R$724.531,09";8;"R$27.405,18";92;"R$1.489,42";955;"R$143,48";5861;"R$23,37";26142;"R$5,24";0;"R$0,00";"R$0,00";"R$4.515.675,00";"R$500.000,00";"O VALOR DE ZERO ACERTO (R$ 109.620,73) FICA ACUMULADO PARA O PRÊMIO DE 20 ACERTOS DO PRÓXIMO CONCURSO"
1777;07/07/2017;1;12;23;26;34;38;46;48;60;63;65;70;75;82;83;84;89;93;95;99;0;;"R$0,00";10;"R$23.265,82";102;"R$1.425,60";1042;"R$139,55";6613;"R$21,98";27773;"R$5,23";0;"R$0,00";"R$880.301,13";"R$4.792.018,50";"R$1.400.000,00";
1778;11/07/2017;1;3;4;6;9;10;15;16;26;30;31;38;50;63;65;76;84;90;91;97;0;;"R$0,00";11;"R$21.610,29";168;"R$1.263,35";1389;"R$106,96";7353;"R$20,20";30527;"R$4,86";0;"R$0,00";"R$1.667.726,12";"R$4.896.135,00";"R$2.200.000,00";
1779;14/07/2017;0;1;16;18;20;26;28;33;40;45;46;49;51;52;62;63;67;77;81;84;0;SÃO VICENTE/SP;"R$0,00";6;"R$43.118,86";102;"R$1.585,25";918;"R$176,13";5872;"R$27,53";26409;"R$6,12";1;"R$129.356,61";"R$2.395.356,92";"R$5.328.667,50";"R$3.000.000,00";
1780;18/07/2017;8;11;12;13;14;15;16;18;20;25;27;31;45;53;64;68;75;77;82;99;0;CONSELHEIRO LAFAIETE/MG;"R$0,00";15;"R$16.821,43";187;"R$1.204,74";1628;"R$96,86";9450;"R$16,68";40072;"R$3,93";1;"R$126.160,75";"R$3.105.011,02";"R$5.197.018,50";"R$3.700.000,00";
1781;21/07/2017;10;17;18;20;28;30;34;36;38;46;55;56;62;67;70;72;76;89;93;95;0;MIRANTE DO PARANAPANEMA/SP;"R$0,00";13;"R$21.821,71";121;"R$1.465,30";1197;"R$148,12";7484;"R$23,69";33218;"R$5,33";1;"R$141.841,17";"R$3.902.867,42";"R$5.842.951,50";"R$4.500.000,00";
1782;25/07/2017;0;5;6;12;17;22;23;26;33;34;40;45;51;67;74;79;80;81;84;89;0;;"R$0,00";10;"R$29.017,55";120;"R$1.511,33";1109;"R$163,53";7066;"R$25,66";30789;"R$5,89";0;"R$0,00";"R$4.864.073,83";"R$5.976.691,50";"R$5.500.000,00";
1783;28/07/2017;9;12;15;16;20;28;31;37;44;49;53;57;60;64;74;76;80;84;88;96;1;"MOSSORÓ/RN; PORTO  VELHO/RO; FRANCA/SP";"R$5.730.657,94";17;"R$18.124,64";217;"R$1.267,76";1964;"R$98,05";8970;"R$21,46";36304;"R$5,30";2;"R$77.029,71";"R$0,00";"R$6.346.266,00";"R$400.000,00";
1784;01/08/2017;4;10;21;23;31;38;41;43;54;59;61;66;74;80;83;85;87;88;89;96;0;RIO DE JANEIRO/RJ;"R$0,00";6;"R$36.206,22";106;"R$1.829,82";1006;"R$134,96";6606;"R$20,55";25988;"R$5,22";1;"R$108.618,68";"R$610.979,89";"R$4.474.396,50";"R$1.100.000,00";
1785;04/08/2017;3;11;22;27;28;29;31;41;43;45;50;55;58;61;62;68;78;84;89;92;0;;"R$0,00";7;"R$35.268,97";75;"R$2.057,36";897;"R$172,01";5630;"R$27,40";25122;"R$6,14";0;"R$0,00";"R$1.428.779,03";"R$5.084.998,50";"R$2.000.000,00";
1786;08/08/2017;1;10;20;22;24;32;39;45;54;57;64;68;71;77;78;84;90;91;92;96;0;;"R$0,00";6;"R$43.229,22";107;"R$1.515,04";942;"R$172,09";6014;"R$26,95";26352;"R$6,15";0;"R$0,00";"R$2.287.959,77";"R$5.342.305,50";"R$3.000.000,00";
1787;11/08/2017;0;2;3;9;13;17;20;22;24;25;28;33;39;67;69;70;84;86;87;99;0;;"R$0,00";5;"R$57.578,60";202;"R$1.272,51";1605;"R$112,10";9384;"R$19,17";39933;"R$4,50";0;"R$0,00";"R$3.241.605,26";"R$5.929.678,50";"R$3.800.000,00";
1788;15/08/2017;1;16;24;25;31;35;38;43;46;47;52;53;61;65;74;77;81;88;97;98;0;;"R$0,00";13;"R$21.321,50";135;"R$1.833,19";1192;"R$145,33";7211;"R$24,02";31356;"R$5,52";0;"R$0,00";"R$4.159.762,37";"R$5.709.015,00";"R$4.800.000,00";
1789;18/08/2017;0;4;10;11;13;17;18;21;26;30;31;37;44;54;55;57;70;72;74;82;0;IRATI/PR;"R$0,00";18;"R$17.310,52";203;"R$1.370,46";1770;"R$110,02";10667;"R$18,25";43712;"R$4,45";1;"R$155.794,71";"R$5.036.107,44";"R$6.417.748,50";"R$5.700.000,00";
1790;22/08/2017;1;5;6;11;12;27;37;47;54;55;56;59;61;65;68;79;85;87;95;98;0;;"R$0,00";9;"R$35.090,89";124;"R$1.591,83";1292;"R$152,77";7293;"R$27,06";33079;"R$5,96";0;"R$0,00";"R$6.082.254,49";"R$6.504.844,50";"R$6.600.000,00";
1791;25/08/2017;0;7;9;17;21;27;29;36;40;41;42;53;62;63;68;75;77;78;83;95;0;;"R$0,00";10;"R$33.650,02";163;"R$1.843,23";1420;"R$148,10";8921;"R$23,57";39140;"R$5,37";0;"R$0,00";"R$7.196.911,43";"R$6.930.832,50";"R$8.000.000,00";
1792;29/08/2017;6;16;17;25;29;30;35;39;52;56;69;71;73;79;87;90;91;94;95;98;0;;"R$0,00";12;"R$28.889,84";164;"R$1.887,40";1489;"R$145,51";8116;"R$26,69";35781;"R$6,05";0;"R$0,00";"R$8.345.282,44";"R$7.140.463,50";"R$9.100.000,00";
1793;01/09/2017;3;4;5;6;23;29;32;43;51;53;62;63;65;66;73;77;78;81;83;89;1;JUAZEIRO DO NORTE/CE;"R$9.486.857,50";14;"R$28.992,38";178;"R$1.425,19";1824;"R$139,08";11453;"R$22,14";49380;"R$5,13";0;"R$0,00";"R$0,00";"R$8.360.110,50";"R$600.000,00";
1794;05/09/2017;0;2;3;5;12;28;31;42;44;49;57;59;72;76;82;87;88;89;94;99;0;;"R$0,00";6;"R$35.780,99";86;"R$1.560,22";844;"R$158,97";5295;"R$25,34";24347;"R$5,51";0;"R$0,00";"R$914.093,94";"R$4.421.847,00";"R$1.300.000,00";
1795;08/09/2017;0;9;11;15;22;24;31;36;38;42;46;47;54;58;72;81;83;89;92;97;0;;"R$0,00";17;"R$12.679,98";196;"R$981,95";1510;"R$89,22";7446;"R$18,09";28160;"R$4,78";0;"R$0,00";"R$1.628.135,32";"R$4.439.842,50";"R$2.100.000,00";
1796;12/09/2017;15;16;23;27;28;29;32;39;40;46;52;54;57;63;73;78;80;84;86;94;1;"BURITI ALEGRE/GO; CAMPO GRANDE/MS; CAMPO GRANDE/MS";"R$2.349.710,05";9;"R$28.506,66";178;"R$1.286,91";1412;"R$113,56";8042;"R$19,93";32674;"R$4,90";2;"R$64.139,98";"R$0,00";"R$5.284.317,00";"R$400.000,00";
1797;15/09/2017;8;9;10;13;20;24;25;36;38;40;46;50;64;66;68;85;88;89;91;98;0;CARMÓPOLIS DE MINAS/MG;"R$0,00";2;"R$112.553,08";117;"R$1.717,84";938;"R$149,99";6005;"R$23,42";25927;"R$5,42";1;"R$112.553,11";"R$633.111,07";"R$4.636.470,00";"R$1.100.000,00";
1798;19/09/2017;0;2;6;14;16;19;29;34;35;47;49;50;51;53;54;74;76;84;95;98;0;;"R$0,00";6;"R$38.541,41";122;"R$1.692,39";909;"R$158,99";5824;"R$24,81";25312;"R$5,70";0;"R$0,00";"R$1.399.121,56";"R$4.762.981,50";"R$2.000.000,00";
1799;22/09/2017;2;10;16;26;32;41;49;54;57;59;61;66;70;77;78;81;91;94;95;98;3;"BRASÍLIA/DF; BRASÍLIA/DF; ARACAJÚ/SE; SANTA BARBARA DO OESTE/SP";"R$697.982,79";4;"R$61.762,38";130;"R$1.696,76";898;"R$171,94";5763;"R$26,79";25847;"R$5,97";1;"R$123.524,79";"R$0,00";"R$5.088.433,50";"R$500.000,00";
1800;26/09/2017;2;4;16;28;33;39;41;47;50;54;56;57;65;67;73;74;75;79;80;85;0;;"R$0,00";8;"R$25.938,09";86;"R$1.508,03";861;"R$150,62";5408;"R$23,98";24326;"R$5,33";0;"R$0,00";"R$687.359,41";"R$4.273.936,50";"R$1.100.000,00";
1801;29/09/2017;3;5;16;18;19;32;36;40;58;60;61;62;71;73;78;79;84;89;98;99;1;"GARANHUNS/PE; GARANHUNS/PE";"R$1.328.180,10";7;"R$32.549,63";93;"R$1.531,23";838;"R$169,93";7219;"R$19,72";23673;"R$6,01";1;"R$113.923,71";"R$0,00";"R$4.692.930,00";"R$400.000,00";
1802;03/10/2017;1;6;13;24;29;33;53;54;60;63;64;68;71;72;73;84;90;91;95;96;0;;"R$0,00";4;"R$52.435,49";95;"R$1.379,88";824;"R$159,08";5044;"R$25,98";21888;"R$5,98";0;"R$0,00";"R$694.770,27";"R$4.320.016,50";"R$1.100.000,00";
1803;06/10/2017;2;4;6;10;14;16;32;33;37;46;50;52;76;85;90;92;93;94;97;98;0;;"R$0,00";9;"R$27.070,05";148;"R$1.469,77";1073;"R$141,90";6639;"R$22,93";31964;"R$4,76";0;"R$0,00";"R$1.501.796,16";"R$5.018.011,50";"R$2.000.000,00";
1804;10/10/2017;6;7;9;14;24;32;34;39;40;44;58;65;69;70;74;76;77;88;91;98;0;;"R$0,00";7;"R$34.715,62";97;"R$1.565,79";803;"R$189,14";5222;"R$29,08";23823;"R$6,37";0;"R$0,00";"R$2.306.764,52";"R$5.005.218,00";"R$3.000.000,00";
1805;13/10/2017;1;5;6;7;12;23;35;41;44;48;53;64;65;68;73;76;79;81;85;98;0;;"R$0,00";5;"R$46.944,40";149;"R$1.406,53";1176;"R$124,74";6667;"R$22,00";28307;"R$5,18";0;"R$0,00";"R$3.084.281,12";"R$4.834.525,50";"R$3.600.000,00";
1806;17/10/2017;9;11;12;24;25;29;34;35;36;43;45;49;58;65;66;72;79;95;98;99;0;;"R$0,00";7;"R$36.490,78";127;"R$1.795,80";1149;"R$138,94";7157;"R$22,30";31575;"R$5,05";0;"R$0,00";"R$3.930.411,08";"R$5.261.157,00";"R$4.500.000,00";
1807;20/10/2017;1;11;14;20;27;30;40;42;43;46;54;66;68;75;77;85;89;93;98;99;1;"NOVA SERRANA/MG; NOVA SERRANA/MG; SÃO PAULO/SP";"R$4.731.830,21";8;"R$35.618,63";93;"R$1.914,98";933;"R$190,88";5960;"R$29,88";26630;"R$6,68";2;"R$71.237,27";"R$0,00";"R$5.869.042,50";"R$400.000,00";
1808;24/10/2017;1;8;13;18;27;38;39;41;43;49;50;52;57;61;66;67;73;80;84;91;0;;"R$0,00";5;"R$39.570,96";94;"R$1.879,32";798;"R$154,96";5243;"R$23,58";22894;"R$5,40";0;"R$0,00";"R$655.394,08";"R$4.075.179,00";"R$1.200.000,00";
1809;27/10/2017;2;11;19;22;37;38;48;50;60;65;66;68;71;81;82;88;89;95;96;99;0;;"R$0,00";6;"R$37.084,19";70;"R$1.986,65";713;"R$195,04";4585;"R$30,33";21464;"R$6,47";0;"R$0,00";"R$1.392.442,41";"R$4.582.897,50";"R$2.000.000,00";
1810;31/10/2017;2;4;6;9;11;32;33;38;40;42;44;45;52;58;60;66;73;85;91;94;1;"CAMPINAS/SP; POÁ/SP";"R$2.030.460,88";11;"R$20.622,82";153;"R$1.323,82";1480;"R$95,79";7698;"R$18,41";30734;"R$4,61";1;"R$113.425,53";"R$0,00";"R$4.672.408,50";"R$400.000,00";
1811;03/11/2017;2;10;26;35;43;46;53;54;55;60;66;67;69;74;81;82;88;89;91;93;0;;"R$0,00";4;"R$47.535,65";77;"R$1.543,36";746;"R$159,30";5047;"R$23,54";23790;"R$4,99";0;"R$0,00";"R$629.847,36";"R$3.916.332,00";"R$1.000.000,00";
1812;07/11/2017;1;18;22;25;26;28;30;39;43;44;54;61;70;75;81;94;96;97;98;99;1;RIO DE JANEIRO/RJ;"R$1.255.815,55";2;"R$111.283,23";73;"R$1.905,54";772;"R$180,18";4569;"R$30,44";21023;"R$6,61";0;"R$0,00";"R$0,00";"R$4.584.160,50";"R$500.000,00";
1813;10/11/2017;0;6;7;8;26;32;39;46;50;51;55;63;70;73;75;78;85;86;92;93;0;;"R$0,00";8;"R$26.534,63";89;"R$1.490,71";796;"R$166,67";5110;"R$25,96";24221;"R$5,47";0;"R$0,00";"R$814.451,03";"R$4.372.231,50";"R$1.300.000,00";
1814;14/11/2017;0;8;9;27;28;33;35;47;50;53;56;57;66;67;73;78;79;87;91;98;0;;"R$0,00";13;"R$17.026,79";186;"R$1.062,53";1291;"R$107,15";7439;"R$18,59";31156;"R$4,44";0;"R$0,00";"R$1.547.667,03";"R$4.559.068,50";"R$2.000.000,00";
1815;17/11/2017;6;10;17;24;37;40;41;44;45;47;48;50;61;63;66;86;87;91;95;99;0;;"R$0,00";11;"R$19.294,28";92;"R$1.441,83";921;"R$144,02";5446;"R$24,35";24268;"R$5,46";0;"R$0,00";"R$2.250.702,38";"R$4.371.408,00";"R$2.700.000,00";
1816;21/11/2017;4;8;11;12;13;22;30;34;38;45;48;54;55;59;62;67;69;78;82;85;0;;"R$0,00";7;"R$32.156,89";125;"R$1.607,84";1224;"R$114,93";6975;"R$20,17";28202;"R$4,98";0;"R$0,00";"R$2.996.340,25";"R$4.636.306,50";"R$3.400.000,00";
1817;24/11/2017;2;3;24;25;27;29;33;41;56;61;64;65;66;69;73;81;93;96;97;99;0;;"R$0,00";6;"R$41.598,04";149;"R$1.495,61";1159;"R$134,59";7374;"R$21,15";30247;"R$5,15";0;"R$0,00";"R$3.823.101,42";"R$5.140.723,50";"R$4.300.000,00";
1818;28/11/2017;9;11;15;16;17;20;23;34;42;43;45;54;55;56;60;70;74;76;77;80;0;;"R$0,00";11;"R$23.699,36";187;"R$1.244,71";1610;"R$101,20";8530;"R$19,10";34542;"R$4,71";0;"R$0,00";"R$4.686.646,90";"R$5.369.445,00";"R$5.200.000,00";
1819;01/12/2017;3;4;10;11;15;24;26;37;45;67;68;70;72;73;76;81;83;86;93;97;0;;"R$0,00";12;"R$25.315,55";127;"R$1.495,02";1229;"R$154,48";7584;"R$25,03";33559;"R$5,65";0;"R$0,00";"R$5.692.940,12";"R$6.257.037,00";"R$6.300.000,00";
1820;05/12/2017;1;8;18;22;27;29;30;31;32;52;58;66;71;76;82;83;84;85;91;95;0;;"R$0,00";9;"R$35.959,68";140;"R$1.444,81";1325;"R$152,65";8129;"R$24,88";36204;"R$5,58";0;"R$0,00";"R$6.764.988,01";"R$6.665.893,50";"R$7.400.000,00";
1821;08/12/2017;0;3;11;13;16;26;36;38;40;54;59;61;67;69;75;80;83;90;94;99;0;RIO DE JANEIRO/RJ;"R$0,00";7;"R$51.225,02";161;"R$1.391,98";1493;"R$150,10";8701;"R$25,75";37794;"R$5,92";1;"R$179.287,62";"R$7.773.480,66";"R$7.385.506,50";"R$8.500.000,00";
1822;12/12/2017;12;14;25;29;32;37;45;50;52;54;60;61;63;73;77;78;79;82;97;98;1;"SÃO PAULO/SP; SÃO PAULO/SP";"R$8.831.129,36";15;"R$25.070,19";226;"R$1.485,67";1984;"R$118,46";11925;"R$19,70";49524;"R$4,74";1;"R$188.026,46";"R$0,00";"R$7.745.491,50";"R$400.000,00";
1823;15/12/2017;3;8;20;21;25;28;29;31;42;54;69;71;76;78;82;84;88;89;94;98;0;;"R$0,00";4;"R$55.688,97";94;"R$1.481,09";850;"R$163,79";5414;"R$25,71";23973;"R$5,80";0;"R$0,00";"R$737.878,90";"R$4.588.062,00";"R$1.200.000,00";
1824;19/12/2017;0;2;6;13;15;16;17;18;31;34;35;54;63;64;66;67;69;75;87;91;0;;"R$0,00";6;"R$38.741,99";112;"R$1.853,09";1113;"R$130,53";6514;"R$22,30";28438;"R$5,10";0;"R$0,00";"R$1.507.876,09";"R$4.787.770,50";"R$2.000.000,00";
1825;22/12/2017;32;45;52;55;56;57;60;63;68;79;81;82;85;87;88;89;93;97;98;99;2;"MORRETES/PR; CAXIAS DO SUL/RS";"R$1.121.049,19";118;"R$2.212,35";13367;"R$17,43";4043;"R$40,35";13296;"R$12,27";42096;"R$3,87";0;"R$0,00";"R$0,00";"R$5.376.939,00";"R$500.000,00";
1826;26/12/2017;18;26;30;31;42;43;46;48;49;55;66;71;74;75;77;84;85;86;95;97;0;;"R$0,00";6;"R$28.646,43";110;"R$1.395,11";955;"R$112,48";6089;"R$17,64";28733;"R$3,73";0;"R$0,00";"R$699.876,25";"R$3.540.151,50";"R$1.000.000,00";
1827;29/12/2017;4;5;6;12;13;18;19;20;22;27;29;32;41;55;62;67;68;71;83;87;0;;"R$0,00";9;"R$27.221,68";119;"R$1.838,19";1124;"R$136,22";6929;"R$22,09";30382;"R$5,03";0;"R$0,00";"R$1.511.422,71";"R$5.046.120,00";"R$1.900.000,00";
1828;02/01/2018;3;14;28;29;41;43;48;51;56;57;58;63;64;68;75;82;86;88;92;98;0;;"R$0,00";4;"R$47.450,01";84;"R$1.412,21";826;"R$143,61";5036;"R$23,55";22435;"R$5,28";0;"R$0,00";"R$2.140.135,28";"R$3.909.276,00";"R$2.500.000,00";
1829;05/01/2018;3;6;8;13;14;19;24;28;31;43;46;52;59;60;74;77;82;88;89;94;0;;"R$0,00";9;"R$30.462,42";142;"R$1.723,85";1319;"R$129,90";7812;"R$21,93";33318;"R$5,14";0;"R$0,00";"R$3.048.295,95";"R$5.646.858,00";"R$3.700.000,00";
1830;09/01/2018;3;5;6;10;12;16;18;21;32;38;40;44;49;50;53;61;72;77;85;93;0;;"R$0,00";12;"R$23.978,95";216;"R$1.189,43";1748;"R$102,88";9739;"R$18,46";39958;"R$4,50";0;"R$0,00";"R$4.001.459,21";"R$5.926.680,00";"R$4.800.000,00";
1831;12/01/2018;1;3;5;6;9;11;26;29;31;35;53;54;62;63;66;70;79;80;87;91;0;;"R$0,00";5;"R$63.623,45";114;"R$1.744,06";1143;"R$173,94";7498;"R$26,51";34093;"R$5,83";0;"R$0,00";"R$5.055.222,67";"R$6.552.202,50";"R$5.800.000,00";
1832;16/01/2018;2;20;25;36;39;47;49;50;51;52;70;75;76;77;79;80;83;90;93;95;1;"CARDEAL DA SILVA/BA; CARDEAL DA SILVA/BA";"R$5.995.962,17";6;"R$55.747,53";143;"R$1.461,91";1334;"R$156,71";8157;"R$25,62";35982;"R$5,80";1;"R$167.242,60";"R$0,00";"R$6.889.329,00";"R$500.000,00";
1833;19/01/2018;1;5;7;15;16;20;25;36;37;53;57;58;76;77;78;80;82;85;88;93;0;;"R$0,00";8;"R$28.605,46";102;"R$1.402,23";1020;"R$140,22";6635;"R$21,55";30506;"R$4,68";0;"R$0,00";"R$758.044,78";"R$4.713.451,50";"R$1.300.000,00";
1834;23/01/2018;1;6;22;23;24;35;36;37;44;51;55;58;61;68;71;77;79;81;93;94;0;;"R$0,00";8;"R$29.189,97";71;"R$2.055,63";661;"R$220,80";4738;"R$30,80";22808;"R$6,39";0;"R$0,00";"R$1.531.579,01";"R$4.809.763,50";"R$2.100.000,00";
1835;26/01/2018;1;4;9;15;17;18;20;27;53;55;62;67;68;70;74;79;84;93;94;99;1;QUISSAMA/RJ;"R$2.240.057,40";3;"R$83.967,81";102;"R$1.543,53";1017;"R$154,80";6563;"R$23,98";28793;"R$5,46";0;"R$0,00";"R$0,00";"R$5.188.408,50";"R$550.000,00";
1836;30/01/2018;8;10;15;19;23;26;27;39;41;56;59;63;66;68;78;79;90;93;95;98;0;;"R$0,00";14;"R$15.286,41";102;"R$1.873,33";953;"R$140,35";5944;"R$22,50";25030;"R$5,34";0;"R$0,00";"R$834.858,83";"R$4.407.918,00";"R$1.300.000,00";
1837;02/02/2018;14;16;18;24;30;34;37;42;48;49;57;59;60;70;74;77;82;83;85;94;0;;"R$0,00";9;"R$28.080,55";133;"R$1.696,59";1239;"R$127,48";7225;"R$21,86";31022;"R$5,09";0;"R$0,00";"R$1.672.010,38";"R$5.205.330,00";"R$2.200.000,00";
1838;06/02/2018;5;7;12;30;33;38;43;48;50;54;57;59;65;67;70;80;84;90;94;98;0;;"R$0,00";7;"R$37.184,19";131;"R$1.774,05";1051;"R$154,78";6485;"R$25,08";28058;"R$5,79";0;"R$0,00";"R$2.534.218,68";"R$5.361.130,50";"R$3.000.000,00";
1839;09/02/2018;3;7;15;19;34;37;42;48;51;52;58;62;70;72;81;85;87;89;97;98;0;RECIFE/PE;"R$0,00";11;"R$25.696,43";129;"R$1.369,48";1125;"R$157,03";6726;"R$26,26";29208;"R$6,04";1;"R$141.330,40";"R$3.329.201,99";"R$5.821.911,00";"R$3.600.000,00";
1840;14/02/2018;8;9;13;17;24;28;36;43;46;47;52;61;64;71;76;78;85;89;96;98;0;;"R$0,00";7;"R$26.071,27";119;"R$1.369,28";980;"R$116,38";5582;"R$20,43";22923;"R$4,97";0;"R$0,00";"R$3.933.729,42";"R$3.758.895,00";"R$4.200.000,00";
1841;17/02/2018;0;3;6;10;19;26;32;35;36;41;42;51;56;61;65;74;77;78;89;95;0;;"R$0,00";6;"R$42.072,08";134;"R$1.681,98";1493;"R$105,67";6550;"R$24,08";27053;"R$5,83";0;"R$0,00";"R$4.769.911,91";"R$5.199.304,50";"R$5.300.000,00";
1842;20/02/2018;6;10;12;14;19;20;26;32;33;36;38;46;55;62;65;74;78;85;93;95;0;;"R$0,00";21;"R$15.492,44";311;"R$934,02";2432;"R$83,60";13169;"R$15,44";51233;"R$3,96";0;"R$0,00";"R$5.847.604,56";"R$6.700.992,00";"R$6.700.000,00";
1843;23/02/2018;0;1;12;13;16;28;30;35;36;38;40;41;44;46;56;64;72;82;89;98;1;"CAFELÂNDIA/SP; CAFELÂNDIA/SP";"R$6.915.672,92";9;"R$42.195,30";165;"R$1.438,48";1792;"R$132,44";11032;"R$21,51";51223;"R$4,63";1;"R$189.878,85";"R$0,00";"R$7.821.798,00";"R$500.000,00";
1844;27/02/2018;0;4;9;16;20;21;31;35;38;39;43;53;71;72;74;80;91;92;93;94;0;;"R$0,00";4;"R$55.179,30";80;"R$1.724,36";823;"R$167,61";6811;"R$20,25";21670;"R$6,36";0;"R$0,00";"R$731.125,67";"R$4.546.071,00";"R$1.300.000,00";
1845;02/03/2018;0;1;12;13;20;32;35;40;48;54;58;64;67;70;84;86;87;91;92;94;0;;"R$0,00";9;"R$28.476,54";100;"R$1.601,81";1056;"R$151,68";6332;"R$25,29";27875;"R$5,74";0;"R$0,00";"R$1.580.082,49";"R$5.278.734,00";"R$2.200.000,00";
1846;06/03/2018;8;12;14;16;19;22;26;30;32;35;39;41;45;46;49;50;59;60;61;74;0;;"R$0,00";22;"R$11.691,39";308;"R$745,62";2696;"R$59,62";28285;"R$5,68";37826;"R$4,24";0;"R$0,00";"R$2.432.092,40";"R$5.297.718,00";"R$3.000.000,00";
1847;09/03/2018;3;4;5;6;14;16;26;33;41;46;51;53;67;69;70;73;75;84;94;95;0;;"R$0,00";9;"R$32.032,24";160;"R$1.608,76";1499;"R$120,20";8542;"R$21,09";32763;"R$5,49";0;"R$0,00";"R$3.387.053,37";"R$5.937.858,00";"R$4.000.000,00";
1848;13/03/2018;4;5;7;14;20;21;31;37;47;57;59;71;74;75;76;90;93;94;95;97;0;;"R$0,00";7;"R$42.511,19";129;"R$1.441,76";1481;"R$125,58";7767;"R$23,94";32220;"R$5,77";0;"R$0,00";"R$4.372.781,69";"R$6.129.166,50";"R$5.000.000,00";
1849;16/03/2018;14;15;23;29;48;53;58;59;61;68;69;71;72;74;77;79;80;94;95;97;0;;"R$0,00";16;"R$20.482,66";187;"R$1.564,75";1513;"R$135,37";9180;"R$22,31";58739;"R$3,48";0;"R$0,00";"R$5.458.362,36";"R$6.750.039,00";"R$6.200.000,00";
1850;20/03/2018;9;14;20;27;37;38;41;46;50;64;70;71;72;73;75;76;82;83;92;99;2;"REGENTE FEIJÓ/SP; REGENTE FEIJÓ/SP; SÃO PAULO/SP; SÃO PAULO/SP";"R$3.214.516,19";8;"R$43.140,89";118;"R$1.828,01";1086;"R$198,62";7064;"R$30,53";34015;"R$6,34";2;"R$86.281,79";"R$0,00";"R$7.108.519,50";"R$500.000,00";
1851;23/03/2018;9;17;26;31;32;37;38;40;43;44;48;50;60;63;80;82;83;85;88;95;0;;"R$0,00";6;"R$36.254,65";74;"R$1.837,23";759;"R$179,12";5147;"R$26,41";23449;"R$5,79";0;"R$0,00";"R$720.561,10";"R$4.480.381,50";"R$1.400.000,00";
1852;27/03/2018;1;6;8;10;26;27;36;39;44;53;62;63;68;73;76;78;84;85;93;98;2;"MANAUS/AM; Rurópolis/PA; BLUMENAU/SC";"R$679.960,89";27;"R$8.419,56";240;"R$845,71";1642;"R$86,52";7439;"R$19,09";30419;"R$4,67";1;"R$113.664,14";"R$0,00";"R$4.682.238,00";"R$400.000,00";
1853;29/03/2018;9;12;14;21;34;39;43;56;57;59;61;63;72;75;77;80;84;87;88;93;0;;"R$0,00";8;"R$17.856,41";103;"R$1.238,30";784;"R$113,88";4351;"R$20,51";17689;"R$5,04";0;"R$0,00";"R$473.194,89";"R$2.942.281,50";"R$800.000,00";
1854;03/04/2018;0;4;20;24;32;33;35;37;60;61;65;67;69;72;84;88;90;91;96;99;0;;"R$0,00";4;"R$56.886,50";132;"R$1.539,13";1116;"R$127,43";6622;"R$21,47";26614;"R$5,34";0;"R$0,00";"R$1.226.941,03";"R$4.686.723,00";"R$1.500.000,00";
1855;06/04/2018;3;4;6;10;15;19;20;21;28;45;50;56;57;60;61;64;65;79;80;97;0;JOÃO PESSOA/PB;"R$0,00";10;"R$25.997,43";131;"R$1.771,90";1174;"R$138,40";7386;"R$21,99";33250;"R$4,88";1;"R$129.987,19";"R$1.958.118,78";"R$5.354.643,00";"R$2.500.000,00";
1856;10/04/2018;3;8;9;12;17;24;30;32;35;38;42;45;51;79;80;82;83;85;96;99;0;;"R$0,00";5;"R$52.244,06";105;"R$1.554,89";1043;"R$156,53";6348;"R$25,71";27782;"R$5,87";0;"R$0,00";"R$2.823.411,07";"R$5.380.306,50";"R$3.400.000,00";
1857;13/04/2018;1;6;11;13;18;24;28;38;41;44;50;53;61;63;70;76;78;91;92;98;2;"BRASÍLIA/DF; BRASÍLIA/DF; CAMAQUA/RS";"R$1.841.463,03";7;"R$43.657,91";206;"R$1.324,57";1741;"R$109,70";8801;"R$21,70";36855;"R$5,18";1;"R$152.802,70";"R$0,00";"R$6.294.496,50";"R$500.000,00";
1858;17/04/2018;1;2;5;6;11;16;22;30;31;34;36;38;39;40;42;49;62;76;79;95;1;"TIMON/MA; BELÉM/PA";"R$598.496,81";10;"R$21.279,89";161;"R$1.180,11";1346;"R$98,81";26886;"R$4,94";28886;"R$4,60";1;"R$106.399,45";"R$0,00";"R$4.382.979,00";"R$400.000,00";
1859;20/04/2018;0;7;11;12;24;32;37;39;47;48;57;58;60;65;66;71;74;77;79;84;0;IMPERATRIZ/MA;"R$0,00";3;"R$70.660,17";96;"R$1.380,08";878;"R$150,89";5366;"R$24,69";24431;"R$5,42";1;"R$105.990,29";"R$596.195,19";"R$4.366.123,50";"R$950.000,00";
1860;24/04/2018;6;9;11;13;27;30;38;51;56;65;73;75;77;78;79;80;91;92;95;99;1;"OSASCO/SP; OSASCO/SP";"R$1.157.945,72";6;"R$33.288,92";129;"R$1.382,43";1114;"R$112,05";6953;"R$17,95";29395;"R$4,24";1;"R$99.866,77";"R$0,00";"R$4.113.874,50";"R$450.000,00";
1861;27/04/2018;1;8;13;15;27;38;41;49;52;60;63;64;69;72;75;76;89;91;93;96;0;;"R$0,00";12;"R$17.631,95";137;"R$1.378,93";1121;"R$117,96";6172;"R$21,42";25277;"R$5,23";0;"R$0,00";"R$700.869,99";"R$4.357.944,00";"R$1.200.000,00";
1862;02/05/2018;3;5;8;18;26;30;38;43;44;46;49;54;60;61;65;70;71;72;87;95;0;;"R$0,00";6;"R$33.110,57";81;"R$1.532,90";674;"R$184,22";4496;"R$27,61";20019;"R$6,20";0;"R$0,00";"R$1.358.942,54";"R$4.091.833,50";"R$1.700.000,00";
1863;04/05/2018;2;8;14;17;22;33;34;43;44;48;53;56;60;70;72;78;79;83;85;97;2;"ARATACA/BA; PIRIPÁ/BA; PIRIPÁ/BA";"R$986.633,20";13;"R$16.802,02";92;"R$1.483,88";811;"R$168,33";5277;"R$25,87";23171;"R$5,89";1;"R$109.213,15";"R$0,00";"R$4.498.885,50";"R$420.000,00";
1864;08/05/2018;2;7;11;22;24;34;42;45;51;52;56;58;62;64;68;75;79;94;96;99;0;RESENDE/RJ;"R$0,00";16;"R$13.237,80";143;"R$1.322,45";1197;"R$110,59";6741;"R$19,63";26875;"R$4,92";1;"R$105.902,37";"R$595.700,74";"R$4.362.502,50";"R$1.000.000,00";
1865;11/05/2018;0;1;8;14;17;31;41;45;49;51;58;61;62;66;67;75;81;86;92;97;1;"BRASÍLIA/DF; BRASÍLIA/DF";"R$1.257.410,75";2;"R$117.637,34";105;"R$1.400,45";838;"R$175,47";5343;"R$27,52";24703;"R$5,95";1;"R$117.637,37";"R$0,00";"R$4.845.909,00";"R$400.000,00";
1866;15/05/2018;5;17;19;22;24;26;33;40;52;61;62;64;67;69;70;73;75;79;83;99;0;;"R$0,00";8;"R$24.916,18";117;"R$1.521,13";1220;"R$102,11";7117;"R$17,50";28618;"R$4,35";0;"R$0,00";"R$660.278,68";"R$4.105.551,00";"R$1.100.000,00";
1867;18/05/2018;3;5;10;15;20;38;39;45;50;53;57;60;64;72;77;79;85;86;96;99;0;;"R$0,00";9;"R$25.325,93";147;"R$1.384,43";1335;"R$106,71";7324;"R$19,45";28644;"R$4,97";0;"R$0,00";"R$1.415.307,97";"R$4.694.701,50";"R$2.000.000,00";
1868;22/05/2018;0;8;12;22;27;29;31;39;40;42;47;48;51;60;61;64;87;89;95;99;0;;"R$0,00";4;"R$55.271,86";91;"R$1.518,46";805;"R$171,65";5079;"R$27,20";24314;"R$5,68";0;"R$0,00";"R$2.147.660,09";"R$4.553.697,00";"R$2.800.000,00";
1869;25/05/2018;12;13;18;20;21;26;27;30;32;33;36;41;43;48;49;65;75;83;95;96;0;SÃO JOSÉ DA COROA GRANDE/PE;"R$0,00";6;"R$38.423,14";120;"R$1.715,31";1143;"R$126,06";6418;"R$22,45";47508;"R$3,03";1;"R$115.269,42";"R$2.796.050,51";"R$4.748.365,50";"R$3.300.000,00";
1870;29/05/2018;0;1;3;11;12;18;21;23;25;36;38;39;40;42;44;49;79;80;95;98;0;;"R$0,00";11;"R$20.641,37";158;"R$1.283,08";1521;"R$93,30";10880;"R$13,04";52641;"R$2,69";0;"R$0,00";"R$3.548.170,46";"R$4.676.611,50";"R$4.000.000,00";
1871;01/06/2018;1;4;7;10;23;27;32;33;35;36;40;45;54;56;60;77;84;86;91;92;0;;"R$0,00";4;"R$63.117,12";107;"R$1.474,70";1201;"R$131,38";6927;"R$22,77";30160;"R$5,23";0;"R$0,00";"R$4.384.472,38";"R$5.200.047,00";"R$5.000.000,00";
1872;05/06/2018;3;6;10;11;18;38;50;52;60;62;65;70;72;74;81;83;84;90;92;95;0;;"R$0,00";8;"R$36.925,05";152;"R$1.735,19";1345;"R$137,26";7959;"R$23,19";33767;"R$5,46";0;"R$0,00";"R$5.362.986,23";"R$6.084.307,50";"R$6.000.000,00";
1873;08/06/2018;2;8;10;23;26;28;35;39;40;41;43;51;58;65;66;68;74;76;86;91;0;RIO DE JANEIRO/RJ;"R$0,00";7;"R$47.485,62";147;"R$1.413,26";1387;"R$149,78";8648;"R$24,02";36948;"R$5,62";1;"R$166.199,69";"R$6.297.859,32";"R$6.846.367,50";"R$7.000.000,00";
1874;12/06/2018;0;1;8;13;23;34;35;37;38;41;44;55;65;66;70;71;72;74;78;90;0;FORTALEZA/CE;"R$0,00";9;"R$36.634,96";145;"R$1.421,19";1476;"R$139,61";9372;"R$21,98";40318;"R$5,11";1;"R$164.857,35";"R$7.225.181,74";"R$6.791.071,50";"R$8.000.000,00";
1875;15/06/2018;3;4;5;6;8;17;18;20;25;27;31;46;49;50;67;72;73;88;91;99;1;BALNEÁRIO CAMBORIÚ/SC;"R$8.195.341,53";6;"R$57.490,95";177;"R$1.740,04";1686;"R$127,87";9775;"R$22,05";42493;"R$5,07";0;"R$0,00";"R$0,00";"R$7.104.783,00";"R$600.000,00";
1876;19/06/2018;10;17;22;24;29;33;39;40;44;48;50;62;64;66;74;76;86;90;93;95;0;;"R$0,00";14;"R$13.806,39";149;"R$1.158,25";1199;"R$100,75";10730;"R$11,25";26815;"R$4,50";0;"R$0,00";"R$812.744,43";"R$3.981.148,50";"R$1.400.000,00";
1877;22/06/2018;3;4;11;19;26;28;33;38;44;46;57;67;70;81;82;85;88;93;94;98;0;;"R$0,00";1;"R$198.925,36";91;"R$1.366,24";865;"R$143,73";4803;"R$25,88";20923;"R$5,94";0;"R$0,00";"R$1.471.684,69";"R$4.097.229,00";"R$2.000.000,00";
1878;26/06/2018;2;9;11;14;15;25;29;47;51;57;58;69;70;78;82;84;86;88;91;99;0;;"R$0,00";5;"R$42.120,18";91;"R$1.446,44";803;"R$163,91";5158;"R$25,51";22929;"R$5,74";0;"R$0,00";"R$2.169.300,12";"R$4.337.707,50";"R$2.600.000,00";
1879;29/06/2018;2;7;8;12;20;22;23;29;34;35;39;50;51;57;60;62;64;79;82;86;0;;"R$0,00";5;"R$46.342,38";95;"R$1.524,42";1113;"R$130,11";6631;"R$21,83";27926;"R$5,18";0;"R$0,00";"R$2.936.845,84";"R$4.772.527,50";"R$3.400.000,00";
1880;03/07/2018;0;3;4;13;17;24;31;32;36;46;48;54;58;61;67;75;82;90;96;97;0;;"R$0,00";8;"R$30.185,99";112;"R$1.347,59";994;"R$151,84";5844;"R$25,82";25492;"R$5,92";0;"R$0,00";"R$3.736.774,49";"R$4.973.881,50";"R$4.200.000,00";
1881;06/07/2018;0;2;21;22;25;27;29;45;46;55;60;64;66;70;74;79;89;93;95;96;0;;"R$0,00";9;"R$29.653,94";106;"R$1.573,62";994;"R$167,81";6251;"R$26,68";28542;"R$5,84";0;"R$0,00";"R$4.620.832,49";"R$5.496.990,00";"R$5.200.000,00";
1882;10/07/2018;1;2;8;16;24;32;36;41;42;44;47;51;54;62;69;75;77;80;90;98;1;"QUIRINÓPOLIS/GO; PRESIDENTE PRUDENTE/SP";"R$5.432.830,86";8;"R$36.088,82";117;"R$1.542,26";1162;"R$155,28";6963;"R$25,91";30823;"R$5,85";1;"R$144.355,29";"R$0,00";"R$5.946.517,50";"R$400.000,00";
1883;13/07/2018;1;8;13;18;26;31;37;38;39;42;47;49;52;53;57;63;67;70;73;83;0;;"R$0,00";5;"R$41.383,84";131;"R$1.410,29";1070;"R$120,86";6541;"R$19,77";27717;"R$4,66";0;"R$0,00";"R$685.419,86";"R$4.261.876,50";"R$1.000.000,00";
1884;17/07/2018;0;5;7;10;14;16;22;24;34;37;38;39;55;64;67;77;80;81;83;98;0;;"R$0,00";8;"R$26.022,25";108;"R$1.721,04";970;"R$134,13";5913;"R$22,00";24773;"R$5,25";0;"R$0,00";"R$1.375.009,51";"R$4.287.804,00";"R$1.800.000,00";
1885;20/07/2018;2;4;5;11;19;25;27;28;30;38;39;41;57;61;66;72;74;78;79;85;0;;"R$0,00";4;"R$56.227,95";106;"R$1.894,47";1024;"R$137,27";6197;"R$22,68";27048;"R$5,19";0;"R$0,00";"R$2.120.029,81";"R$4.632.466,50";"R$2.600.000,00";
1886;24/07/2018;7;16;17;18;19;25;39;41;42;43;45;56;58;59;67;81;88;91;94;97;0;;"R$0,00";7;"R$33.570,27";104;"R$1.412,21";1003;"R$146,43";6081;"R$24,15";28042;"R$5,23";0;"R$0,00";"R$2.898.440,44";"R$4.840.084,50";"R$3.400.000,00";
1887;27/07/2018;5;7;13;14;16;28;32;33;40;43;54;56;57;64;67;68;70;74;85;87;0;;"R$0,00";7;"R$38.044,04";151;"R$1.574,67";1283;"R$129,72";8057;"R$20,65";34190;"R$4,86";0;"R$0,00";"R$3.780.586,63";"R$5.485.102,50";"R$4.400.000,00";
1888;31/07/2018;2;5;7;9;10;23;25;27;32;42;46;52;62;73;78;82;91;93;98;99;0;;"R$0,00";17;"R$16.327,37";230;"R$1.077,50";1656;"R$104,75";9320;"R$18,61";36724;"R$4,72";0;"R$0,00";"R$4.700.021,83";"R$5.716.962,00";"R$5.300.000,00";
1889;03/08/2018;9;13;14;18;29;34;44;46;47;51;52;55;58;67;77;79;81;82;83;93;0;;"R$0,00";9;"R$34.622,32";164;"R$1.696,43";1514;"R$128,63";9198;"R$21,17";38777;"R$5,02";0;"R$0,00";"R$5.732.199,71";"R$6.417.985,50";"R$6.400.000,00";
1890;07/08/2018;1;2;5;12;17;20;25;33;41;49;54;55;59;60;65;70;81;84;93;99;1;PONTA GROSSA/PR;"R$6.637.492,54";8;"R$40.235,24";160;"R$1.796,21";1231;"R$163,42";8047;"R$25,00";34279;"R$5,86";0;"R$0,00";"R$0,00";"R$6.629.742,00";"R$600.000,00";
1891;10/08/2018;2;6;7;9;15;23;28;44;46;57;58;59;65;68;75;79;81;91;97;98;0;;"R$0,00";6;"R$35.675,88";73;"R$1.832,67";757;"R$176,72";5157;"R$25,94";23424;"R$5,71";0;"R$0,00";"R$869.999,09";"R$4.408.857,00";"R$1.350.000,00";
1892;14/08/2018;1;6;13;16;17;29;30;33;43;50;51;52;56;60;62;76;78;82;83;86;0;;"R$0,00";13;"R$16.908,31";90;"R$1.526,45";785;"R$175,00";5125;"R$26,80";23108;"R$5,94";0;"R$0,00";"R$1.598.113,13";"R$4.527.345,00";"R$2.100.000,00";
1893;17/08/2018;4;13;15;17;20;26;29;30;43;49;53;57;58;60;71;74;80;83;89;95;0;;"R$0,00";6;"R$40.727,56";131;"R$1.665,52";1216;"R$125,59";6781;"R$22,52";28523;"R$5,35";0;"R$0,00";"R$2.407.573,35";"R$5.033.148,00";"R$3.000.000,00";
1894;21/08/2018;3;6;10;12;16;20;21;23;24;31;33;43;46;50;60;75;78;87;90;93;0;;"R$0,00";10;"R$24.809,53";131;"R$1.690,94";1141;"R$135,89";6925;"R$22,39";29309;"R$5,29";0;"R$0,00";"R$3.229.389,12";"R$5.109.973,50";"R$3.750.000,00";
1895;24/08/2018;6;7;9;15;17;23;26;31;47;59;61;62;65;77;79;82;83;86;87;94;0;;"R$0,00";8;"R$32.467,01";133;"R$1.743,66";1229;"R$132,08";7424;"R$21,86";32305;"R$5,02";0;"R$0,00";"R$4.089.764,73";"R$5.349.735,00";"R$4.600.000,00";
1896;28/08/2018;0;2;4;21;22;27;28;40;45;46;52;57;62;70;77;85;86;87;90;92;0;;"R$0,00";9;"R$29.142,42";101;"R$1.623,03";786;"R$208,55";5536;"R$29,61";24383;"R$6,72";0;"R$0,00";"R$4.958.573,08";"R$5.402.169,00";"R$5.500.000,00";
1897;31/08/2018;0;4;7;11;19;21;37;38;54;56;59;63;68;69;72;73;76;79;81;99;0;;"R$0,00";12;"R$26.084,27";153;"R$1.826,62";1351;"R$144,80";8154;"R$23,99";35728;"R$5,47";0;"R$0,00";"R$5.995.422,80";"R$6.447.034,50";"R$6.600.000,00";
1898;04/09/2018;0;1;16;23;26;27;31;34;39;40;49;55;64;71;72;73;76;78;87;90;0;;"R$0,00";5;"R$61.703,29";110;"R$1.752,94";1565;"R$123,20";8988;"R$21,45";35038;"R$5,50";0;"R$0,00";"R$7.017.383,49";"R$6.354.456,00";"R$7.700.000,00";
1899;08/09/2018;0;12;16;18;36;37;39;43;53;55;57;61;63;71;75;77;89;93;96;97;0;;"R$0,00";11;"R$26.443,97";185;"R$1.403,87";1772;"R$102,59";11576;"R$15,70";39156;"R$4,64";0;"R$0,00";"R$7.980.935,47";"R$5.991.276,00";"R$8.500.000,00";
1900;11/09/2018;3;15;21;24;25;38;43;44;50;52;56;57;58;75;82;83;88;91;97;99;0;;"R$0,00";15;"R$20.369,07";177;"R$1.541,24";1487;"R$128,41";8800;"R$21,69";38368;"R$4,97";0;"R$0,00";"R$8.993.023,48";"R$6.293.068,50";"R$9.600.000,00";
1901;14/09/2018;5;6;15;16;19;22;25;30;31;41;44;50;61;64;66;76;86;88;89;96;0;;"R$0,00";11;"R$34.956,34";165;"R$1.456,52";1596;"R$150,57";9971;"R$24,10";42267;"R$5,68";0;"R$0,00";"R$10.266.745,03";"R$7.919.881,50";"R$11.000.000,00";
1902;18/09/2018;12;15;20;23;34;43;48;56;58;60;61;62;72;80;83;84;85;90;97;99;1;BRASÍLIA/DF;"R$11.484.774,85";12;"R$36.089,77";199;"R$1.360,17";1753;"R$154,40";10623;"R$25,47";46931;"R$5,76";0;"R$0,00";"R$0,00";"R$8.920.012,50";"R$600.000,00";
1903;21/09/2018;1;3;5;15;16;18;21;22;25;28;40;41;64;71;74;75;79;88;90;97;0;;"R$0,00";4;"R$54.460,15";105;"R$1.852,38";1078;"R$126,29";6546;"R$20,79";27608;"R$4,93";0;"R$0,00";"R$938.135,64";"R$4.486.822,50";"R$1.400.000,00";
1904;25/09/2018;3;4;5;8;9;19;23;24;31;33;48;52;53;54;65;76;84;87;94;97;0;;"R$0,00";4;"R$56.353,22";84;"R$1.677,18";928;"R$151,81";5647;"R$24,94";24278;"R$5,80";0;"R$0,00";"R$1.684.815,91";"R$4.642.788,00";"R$2.100.000,00";
1905;28/09/2018;2;8;13;15;19;25;28;29;30;49;52;53;59;66;68;71;76;89;91;99;0;;"R$0,00";11;"R$22.142,50";110;"R$1.383,90";1147;"R$132,71";6871;"R$22,15";29423;"R$5,17";0;"R$0,00";"R$2.491.633,11";"R$5.016.714,00";"R$3.000.000,00";
1906;02/10/2018;1;3;10;17;36;40;43;47;48;50;64;73;82;83;86;90;92;94;96;99;0;"ARACRUZ/ES; NATAL/RN";"R$0,00";7;"R$36.769,39";110;"R$1.462,42";1140;"R$141,11";6628;"R$24,27";28213;"R$5,70";2;"R$64.346,45";"R$3.215.530,56";"R$5.301.327,00";"R$3.800.000,00";
1907;05/10/2018;2;9;26;31;36;39;47;49;52;54;55;56;57;60;61;63;70;77;79;89;0;;"R$0,00";8;"R$35.897,85";148;"R$1.732,52";1625;"R$110,45";9918;"R$18,09";38351;"R$4,68";0;"R$0,00";"R$4.166.823,50";"R$5.915.050,50";"R$4.800.000,00";
1908;09/10/2018;8;16;17;22;23;26;29;34;36;40;42;43;55;56;67;69;71;73;80;86;0;;"R$0,00";8;"R$35.103,48";166;"R$1.510,47";1419;"R$123,69";8294;"R$21,16";34461;"R$5,09";0;"R$0,00";"R$5.097.065,71";"R$5.784.159,00";"R$5.800.000,00";
1909;13/10/2018;4;7;10;18;20;21;27;28;33;36;42;49;51;53;54;69;73;81;84;94;1;PRAIA GRANDE/SP;"R$5.871.198,83";15;"R$18.349,83";175;"R$1.404,32";1419;"R$121,23";8130;"R$21,15";33635;"R$5,11";0;"R$0,00";"R$0,00";"R$5.669.218,50";"R$500.000,00";
1910;16/10/2018;3;11;23;27;48;52;53;57;60;62;69;79;80;85;86;87;89;92;93;99;0;;"R$0,00";4;"R$44.558,82";69;"R$1.614,45";674;"R$165,27";4213;"R$26,44";31033;"R$3,58";0;"R$0,00";"R$728.028,03";"R$3.671.079,00";"R$1.000.000,00";
1911;19/10/2018;0;2;4;8;14;18;28;33;37;40;42;45;56;62;67;75;77;79;80;83;0;;"R$0,00";8;"R$27.525,99";160;"R$1.228,83";1136;"R$121,15";6834;"R$20,13";27507;"R$5,00";0;"R$0,00";"R$1.457.466,73";"R$4.535.581,50";"R$1.900.000,00";
1912;23/10/2018;11;13;14;15;24;28;36;37;47;56;62;68;69;79;84;85;88;91;94;95;0;;"R$0,00";7;"R$31.745,19";65;"R$2.136,70";788;"R$176,25";4957;"R$28,01";22702;"R$6,11";0;"R$0,00";"R$2.193.558,30";"R$4.576.948,50";"R$2.600.000,00";
1913;26/10/2018;7;13;21;29;30;31;42;43;51;53;63;64;67;69;74;77;83;89;92;98;0;;"R$0,00";11;"R$22.633,68";115;"R$1.353,10";1003;"R$155,14";6446;"R$24,14";28610;"R$5,43";0;"R$0,00";"R$3.018.273,03";"R$5.127.999,00";"R$3.600.000,00";
1914;30/10/2018;0;2;5;6;14;18;19;24;25;30;42;47;66;67;73;81;89;91;95;97;0;;"R$0,00";5;"R$51.991,22";113;"R$1.437,81";1125;"R$144,42";6547;"R$24,81";29548;"R$5,49";0;"R$0,00";"R$3.879.377,67";"R$5.354.268,00";"R$4.400.000,00";
1915;03/11/2018;7;13;16;33;38;40;42;44;56;57;61;64;65;67;74;75;80;84;89;96;0;;"R$0,00";11;"R$24.904,85";142;"R$1.722,54";1207;"R$141,85";7526;"R$22,75";32478;"R$5,27";0;"R$0,00";"R$4.786.848,12";"R$5.642.566,50";"R$5.000.000,00";
1916;06/11/2018;3;16;17;26;31;33;36;42;43;52;55;59;61;69;71;75;86;89;94;99;1;BOM DESPACHO/MG;"R$5.562.931,99";35;"R$7.884,03";376;"R$655,25";3002;"R$57,44";11387;"R$15,14";36306;"R$4,75";0;"R$0,00";"R$0,00";"R$5.683.504,50";"R$600.000,00";
1917;09/11/2018;0;1;3;5;8;20;30;33;38;49;50;52;59;61;70;78;83;90;97;99;1;"CERQUILHO/SP; CERQUILHO/SP";"R$748.648,88";13;"R$16.702,31";201;"R$964,50";1654;"R$82,04";9075;"R$14,95";33080;"R$4,10";1;"R$108.565,08";"R$0,00";"R$4.472.188,50";"R$600.000,00";
1918;13/11/2018;1;7;26;31;35;40;44;46;47;59;64;65;67;79;83;90;92;94;95;97;0;;"R$0,00";5;"R$41.017,27";102;"R$1.795,22";848;"R$151,15";5398;"R$23,74";22973;"R$5,57";0;"R$0,00";"R$679.348,60";"R$4.224.126,00";"R$1.000.000,00";
1919;16/11/2018;4;5;6;13;16;37;40;43;46;50;51;57;59;68;73;75;83;86;93;95;0;;"R$0,00";8;"R$24.843,21";118;"R$1.503,82";1026;"R$121,06";6062;"R$20,49";29990;"R$4,14";0;"R$0,00";"R$1.337.693,50";"R$4.093.527,00";"R$1.800.000,00";
1920;20/11/2018;2;9;10;13;30;34;35;42;48;49;53;60;66;72;79;87;88;90;93;99;0;;"R$0,00";1;"R$199.854,93";103;"R$1.732,44";829;"R$150,67";5252;"R$23,78";24799;"R$5,03";0;"R$0,00";"R$1.999.712,95";"R$4.116.375,00";"R$2.500.000,00";
1921;23/11/2018;1;3;7;24;38;40;48;53;54;62;68;75;82;83;85;87;91;92;94;95;0;MARCOLÂNDIA/PI;"R$0,00";3;"R$79.937,97";103;"R$1.455,19";1041;"R$143,98";6181;"R$24,24";27814;"R$5,38";1;"R$119.906,97";"R$2.674.189,52";"R$4.939.402,50";"R$3.200.000,00";
1922;27/11/2018;2;5;11;13;24;26;29;38;43;44;45;48;53;57;58;82;86;88;90;95;0;;"R$0,00";10;"R$24.667,90";132;"R$1.668,55";1149;"R$134,18";7108;"R$21,69";30808;"R$5,00";0;"R$0,00";"R$3.491.313,66";"R$5.080.801,50";"R$4.000.000,00";
1923;30/11/2018;2;17;20;24;26;29;38;58;64;66;68;70;78;79;80;81;82;87;88;93;0;;"R$0,00";3;"R$95.605,51";164;"R$1.561,50";1456;"R$123,11";8502;"R$21,08";36008;"R$4,97";0;"R$0,00";"R$4.441.393,42";"R$5.907.507,00";"R$5.000.000,00";
1924;04/12/2018;1;10;12;21;27;28;29;38;42;49;64;65;66;67;68;71;72;73;88;93;0;;"R$0,00";9;"R$34.716,04";139;"R$1.404,88";1250;"R$156,22";7796;"R$25,04";34959;"R$5,58";0;"R$0,00";"R$5.476.365,33";"R$6.435.358,50";"R$6.000.000,00";
1925;07/12/2018;2;3;5;7;8;10;11;12;16;17;33;40;43;50;56;65;66;80;84;89;2;"SALVADOR/BA; RIO DE JANEIRO/RJ; RIO DE JANEIRO/RJ";"R$3.232.165,30";18;"R$19.515,37";251;"R$1.249,56";2159;"R$101,68";11959;"R$18,35";48504;"R$4,52";1;"R$175.638,31";"R$0,00";"R$7.235.178,00";"R$450.000,00";
1926;11/12/2018;2;10;12;17;18;28;32;33;36;44;46;50;58;64;67;68;69;71;75;99;0;;"R$0,00";4;"R$54.761,89";105;"R$1.862,64";962;"R$142,31";6045;"R$22,64";27581;"R$4,96";0;"R$0,00";"R$725.595,04";"R$4.511.682,00";"R$1.200.000,00";
1927;14/12/2018;2;8;9;15;20;25;35;40;42;48;59;60;61;72;77;81;83;84;86;99;0;;"R$0,00";6;"R$40.158,76";130;"R$1.654,89";1056;"R$142,60";6141;"R$24,52";26378;"R$5,70";0;"R$0,00";"R$1.523.750,35";"R$4.962.855,00";"R$2.100.000,00";
1928;18/12/2018;0;11;12;20;33;35;37;38;40;43;45;47;62;66;73;76;81;85;94;99;0;RIO VERDE/GO;"R$0,00";8;"R$29.753,20";103;"R$1.444,33";935;"R$159,10";5648;"R$26,33";25541;"R$5,82";1;"R$119.012,80";"R$2.193.197,23";"R$4.902.568,50";"R$2.700.000,00";
1929;21/12/2018;6;12;14;16;27;32;42;48;52;61;63;69;71;77;78;84;88;89;90;99;0;;"R$0,00";7;"R$37.129,65";104;"R$1.561,94";1078;"R$150,68";6539;"R$24,84";28208;"R$5,75";0;"R$0,00";"R$3.054.140,96";"R$5.353.267,50";"R$3.400.000,00";
1930;26/12/2018;15;20;22;29;37;38;42;49;52;54;55;59;65;68;75;76;84;94;97;99;0;;"R$0,00";5;"R$41.530,69";90;"R$1.442,04";1041;"R$124,67";5839;"R$22,22";25449;"R$5,09";0;"R$0,00";"R$3.741.992,98";"R$4.276.999,50";"R$4.200.000,00";
1931;28/12/2018;1;9;12;13;28;32;39;46;50;61;63;64;66;79;83;85;88;90;94;99;1;"TIMON/MA; BLUMENAU/SC";"R$4.447.062,06";8;"R$31.336,41";160;"R$1.398,94";1366;"R$114,70";7164;"R$21,87";29539;"R$5,30";1;"R$125.345,65";"R$0,00";"R$5.163.441,00";"R$400.000,00";
1932;04/01/2019;1;4;5;9;11;15;19;30;35;38;45;60;70;71;79;81;84;91;92;94;1;Canal Eletrônico;"R$774.287,15";7;"R$39.328,87";178;"R$1.380,92";1426;"R$120,66";8330;"R$20,65";32755;"R$5,25";0;"R$0,00";"R$0,00";"R$5.670.346,50";"R$550.000,00";
1933;08/01/2019;0;3;5;8;16;18;21;23;29;30;32;36;43;54;58;59;71;72;86;98;0;;"R$0,00";8;"R$26.930,73";115;"R$1.672,71";1179;"R$114,21";9369;"R$14,37";33903;"R$3,97";0;"R$0,00";"R$851.315,39";"R$4.437.498,00";"R$1.500.000,00";
1934;11/01/2019;11;14;26;28;29;30;36;46;47;48;62;73;80;83;84;85;86;88;95;98;1;CRICIÚMA/SC;"R$1.539.018,15";7;"R$34.930,94";95;"R$1.608,66";909;"R$168,12";5788;"R$26,40";24941;"R$6,12";0;"R$0,00";"R$0,00";"R$5.036.262,00";"R$550.000,00";
1935;15/01/2019;11;13;21;24;32;34;37;40;44;45;51;54;55;59;65;73;85;86;90;93;0;;"R$0,00";5;"R$41.527,50";66;"R$1.966,26";746;"R$173,95";4869;"R$26,65";22599;"R$5,74";0;"R$0,00";"R$810.057,49";"R$4.276.671,00";"R$1.250.000,00";
1936;18/01/2019;10;15;18;20;25;28;29;44;48;52;55;57;63;64;70;77;88;89;91;97;0;;"R$0,00";13;"R$17.622,81";150;"R$1.363,66";1310;"R$109,30";7351;"R$19,47";30838;"R$4,64";0;"R$0,00";"R$1.568.939,60";"R$4.718.658,00";"R$2.000.000,00";
1937;22/01/2019;2;9;11;16;17;25;27;31;46;47;50;56;65;68;72;75;76;80;87;97;0;;"R$0,00";5;"R$45.079,56";87;"R$1.619,24";946;"R$148,91";5872;"R$23,99";25941;"R$5,43";0;"R$0,00";"R$2.315.569,91";"R$4.642.477,50";"R$2.800.000,00";
1938;25/01/2019;0;5;13;17;27;32;33;34;35;38;45;47;51;58;63;71;83;88;89;91;1;UBERLÂNDIA/MG;"R$2.980.886,48";6;"R$39.426,17";121;"R$1.745,55";1222;"R$120,98";7450;"R$19,84";31159;"R$4,74";0;"R$0,00";"R$0,00";"R$4.872.321,00";"R$600.000,00";
1939;29/01/2019;2;3;7;10;11;16;18;23;24;25;27;29;30;34;41;46;55;60;81;83;1;"PIRANHAS/GO; BRUSQUE/SC";"R$659.953,72";26;"R$7.407,52";251;"R$685,10";2155;"R$55,85";25907;"R$4,64";32103;"R$3,74";1;"R$96.297,83";"R$0,00";"R$3.966.856,50";"R$400.000,00";
1940;01/02/2019;0;14;19;22;30;31;32;35;43;47;48;62;70;74;76;83;84;87;96;99;0;;"R$0,00";9;"R$23.062,04";115;"R$1.611,47";830;"R$156,29";4880;"R$26,58";21174;"R$6,12";0;"R$0,00";"R$687.537,21";"R$4.275.042,00";"R$1.200.000,00";
1941;05/02/2019;10;11;14;21;29;34;41;46;48;58;61;68;69;70;72;81;91;94;96;97;0;;"R$0,00";5;"R$44.050,86";93;"R$1.480,20";817;"R$168,49";5132;"R$26,82";22494;"R$6,11";0;"R$0,00";"R$1.417.129,56";"R$4.536.537,00";"R$1.800.000,00";
1942;08/02/2019;2;3;6;9;10;15;19;23;24;40;49;51;56;61;80;88;91;93;94;96;0;GUANAMBI/BA;"R$0,00";13;"R$19.242,54";161;"R$1.387,27";1317;"R$118,71";7968;"R$19,62";31439;"R$4,97";1;"R$125.076,51";"R$2.120.684,78";"R$5.152.354,50";"R$2.600.000,00";
1943;12/02/2019;0;10;19;24;31;35;38;41;42;46;47;49;55;64;65;76;84;85;86;92;0;;"R$0,00";8;"R$31.772,17";104;"R$1.527,51";1172;"R$135,54";7154;"R$22,20";32860;"R$4,83";0;"R$0,00";"R$2.962.647,36";"R$5.235.244,50";"R$3.500.000,00";
1944;15/02/2019;5;8;9;11;12;17;26;30;37;38;43;57;63;64;72;74;84;85;87;94;0;;"R$0,00";5;"R$55.096,80";133;"R$1.849,38";1190;"R$144,68";7195;"R$23,93";31452;"R$5,47";0;"R$0,00";"R$3.875.188,17";"R$5.674.093,50";"R$4.500.000,00";"Informamos que devido a problemas operacionais, o sorteio da Lotomania 1945 foi adiado para 20/02/19, às 11h, no Espaço Loterias Caixa, em São Paulo"
1945;20/02/2019;1;2;6;10;12;13;24;29;36;39;44;45;47;48;52;55;58;64;75;84;1;VILHENA/RO;"R$4.663.404,88";19;"R$14.750,26";259;"R$966,12";1973;"R$88,77";10522;"R$16,64";43141;"R$4,06";0;"R$0,00";"R$0,00";"R$5.772.357,00";"R$500.000,00";
1946;22/02/2019;8;13;14;15;17;27;35;46;50;51;52;65;70;76;80;86;93;97;98;99;0;;"R$0,00";9;"R$23.433,78";74;"R$1.781,29";743;"R$177,40";4706;"R$28,00";21596;"R$6,10";0;"R$0,00";"R$838.746,91";"R$4.343.950,50";"R$1.300.000,00";
1947;26/02/2019;0;11;13;21;29;30;33;35;50;51;60;63;70;73;77;87;90;91;96;99;0;;"R$0,00";35;"R$6.112,60";301;"R$634,61";2128;"R$62,83";9271;"R$14,42";32577;"R$4,10";0;"R$0,00";"R$1.547.426,76";"R$4.406.505,00";"R$2.000.000,00";
1948;01/03/2019;3;6;7;13;20;21;22;29;35;50;52;53;65;73;82;83;86;87;91;95;1;SÃO LUIS/MA;"R$2.239.298,53";12;"R$20.499,90";114;"R$1.348,68";1093;"R$140,66";6713;"R$22,90";28778;"R$5,34";0;"R$0,00";"R$0,00";"R$5.066.793,00";"R$400.000,00";
1949;06/03/2019;0;1;4;5;8;10;16;38;47;48;51;64;67;75;76;77;78;83;85;97;0;;"R$0,00";6;"R$21.553,75";64;"R$1.804,16";616;"R$131,21";3860;"R$20,93";16789;"R$4,81";0;"R$0,00";"R$551.380,12";"R$2.663.631,00";"R$900.000,00";
1950;08/03/2019;3;9;12;13;15;20;26;28;33;37;44;46;60;61;62;68;85;88;90;98;0;;"R$0,00";8;"R$24.048,29";104;"R$1.651,66";976;"R$123,19";5940;"R$20,24";24353;"R$4,93";0;"R$0,00";"R$1.188.659,82";"R$3.962.545,50";"R$1.600.000,00";
1951;12/03/2019;6;11;12;13;19;23;26;37;42;47;52;53;64;68;70;71;72;77;86;96;0;;"R$0,00";2;"R$113.916,25";74;"R$1.924,26";925;"R$153,94";5687;"R$25,03";25583;"R$5,56";0;"R$0,00";"R$1.943.354,99";"R$4.692.624,00";"R$2.500.000,00";
1952;15/03/2019;8;9;18;21;27;31;33;34;42;43;45;59;66;70;72;75;80;84;90;94;0;;"R$0,00";2;"R$127.270,83";88;"R$1.807,82";786;"R$202,40";5131;"R$31,00";24223;"R$6,56";0;"R$0,00";"R$2.786.524,23";"R$5.242.747,50";"R$3.300.000,00";
1953;19/03/2019;0;7;20;23;31;34;35;36;53;54;58;59;65;71;83;87;94;95;98;99;0;;"R$0,00";7;"R$35.737,00";114;"R$1.371,49";1087;"R$143,83";6296;"R$24,83";29294;"R$5,33";0;"R$0,00";"R$3.615.175,97";"R$5.152.479,00";"R$4.000.000,00";
1954;22/03/2019;0;1;2;11;21;25;31;38;44;55;59;64;67;68;70;74;78;79;89;90;1;"CAMPO GRANDE/MS; CAMPO GRANDE/MS";"R$4.394.573,30";6;"R$46.186,51";130;"R$1.903,29";1143;"R$151,53";7035;"R$24,61";28985;"R$5,97";1;"R$138.559,56";"R$0,00";"R$5.707.770,00";"R$450.000,00";
1955;26/03/2019;5;16;18;19;21;23;27;34;35;36;38;39;40;45;46;49;57;71;91;96;1;"PATO BRANCO/PR; PATO BRANCO/PR";"R$540.004,83";15;"R$12.800,11";140;"R$1.224,50";1262;"R$95,08";24278;"R$4,94";27140;"R$4,42";1;"R$96.000,89";"R$0,00";"R$3.954.624,00";"R$400.000,00";
1956;29/03/2019;3;14;18;37;38;42;44;52;61;62;69;73;74;78;88;90;92;93;94;99;0;;"R$0,00";3;"R$66.973,32";78;"R$1.609,93";792;"R$158,55";5200;"R$24,14";22021;"R$5,70";0;"R$0,00";"R$665.547,32";"R$4.138.311,00";"R$1.100.000,00";
1957;02/04/2019;8;11;12;19;33;35;38;45;46;53;57;59;61;64;82;83;89;92;93;94;0;;"R$0,00";6;"R$37.102,78";91;"R$1.528,96";875;"R$159,01";5864;"R$23,72";26257;"R$5,29";0;"R$0,00";"R$1.402.964,97";"R$4.585.194,00";"R$2.000.000,00";
1958;05/04/2019;2;4;6;10;11;15;22;28;34;36;38;46;48;53;61;63;77;80;87;99;0;;"R$0,00";17;"R$14.635,88";163;"R$1.362,89";1909;"R$81,45";7065;"R$22,01";28762;"R$5,40";0;"R$0,00";"R$2.227.147,77";"R$5.124.691,50";"R$2.800.000,00";
1959;09/04/2019;2;6;16;17;20;29;30;33;37;44;45;52;60;63;70;74;75;81;92;99;1;"SÃO LUIS/MA; SÃO PAULO/SP; SÃO PAULO/SP";"R$2.920.021,96";11;"R$22.395,94";78;"R$1.974,00";872;"R$176,57";5336;"R$28,85";24477;"R$6,29";2;"R$61.588,83";"R$0,00";"R$5.074.134,00";"R$400.000,00";
1960;12/04/2019;6;10;11;12;26;30;31;38;43;45;54;67;69;77;79;82;84;91;92;99;0;;"R$0,00";8;"R$25.776,21";141;"R$1.305,78";970;"R$132,86";5612;"R$22,96";22680;"R$5,68";0;"R$0,00";"R$683.069,48";"R$4.247.262,00";"R$1.100.000,00";
1961;16/04/2019;8;9;11;12;13;17;26;33;37;41;51;58;63;65;68;77;80;86;89;90;1;CRICIÚMA/SC;"R$1.281.478,62";6;"R$35.461,28";103;"R$1.844,38";920;"R$144,54";6004;"R$22,14";25410;"R$5,23";0;"R$0,00";"R$0,00";"R$4.382.337,00";"R$500.000,00";
1962;20/04/2019;0;1;7;13;21;24;25;32;34;36;37;50;54;60;61;73;80;92;93;98;0;;"R$0,00";6;"R$27.608,77";87;"R$1.700,04";669;"R$154,75";4285;"R$24,16";18765;"R$5,51";0;"R$0,00";"R$655.108,19";"R$3.411.916,50";"R$1.000.000,00";
1963;23/04/2019;8;9;19;30;36;40;42;53;54;55;59;62;63;66;71;74;87;88;97;99;0;;"R$0,00";4;"R$41.657,60";58;"R$1.795,59";591;"R$176,21";3800;"R$27,40";17002;"R$6,12";0;"R$0,00";"R$1.207.071,37";"R$3.432.055,50";"R$1.600.000,00";
1964;26/04/2019;8;9;17;22;24;34;35;43;49;52;56;57;58;67;75;81;83;91;93;96;0;;"R$0,00";7;"R$30.485,80";91;"R$1.465,66";892;"R$149,52";5563;"R$23,97";23527;"R$5,66";0;"R$0,00";"R$1.913.961,00";"R$4.395.373,50";"R$2.400.000,00";
1965;30/04/2019;9;12;13;18;22;32;34;41;51;53;56;66;70;80;82;85;94;95;98;99;0;;"R$0,00";4;"R$56.587,68";68;"R$2.080,43";709;"R$199,53";4421;"R$31,99";19929;"R$7,09";0;"R$0,00";"R$2.663.747,69";"R$4.662.103,50";"R$3.200.000,00";
1966;03/05/2019;6;7;11;18;19;24;38;42;47;48;56;58;63;65;68;73;77;79;81;90;0;;"R$0,00";7;"R$32.642,81";93;"R$1.535,62";1010;"R$141,39";6113;"R$23,36";26504;"R$5,38";0;"R$0,00";"R$3.420.652,86";"R$4.706.365,50";"R$4.000.000,00";
1967;07/05/2019;3;6;12;15;25;26;27;28;47;50;56;69;71;85;87;89;90;93;95;97;1;PRESIDENTE DUTRA/MA;"R$4.167.218,12";7;"R$37.920,78";96;"R$1.728,16";1051;"R$157,85";6566;"R$25,26";31193;"R$5,31";0;"R$0,00";"R$0,00";"R$5.467.330,50";"R$500.000,00";
1968;10/05/2019;2;4;8;12;13;17;21;22;31;53;54;56;68;69;82;86;93;94;97;98;0;;"R$0,00";6;"R$34.113,49";110;"R$1.661,37";916;"R$139,65";5118;"R$24,99";22577;"R$5,66";0;"R$0,00";"R$810.728,36";"R$4.215.775,50";"R$1.300.000,00";
1969;14/05/2019;1;8;10;16;17;20;22;35;38;48;56;59;62;64;67;80;81;84;94;98;0;;"R$0,00";12;"R$18.585,84";100;"R$1.393,94";929;"R$150,04";5578;"R$24,98";24182;"R$5,76";0;"R$0,00";"R$1.549.515,29";"R$4.593.708,00";"R$2.200.000,00";
1970;17/05/2019;6;8;9;25;28;30;37;48;51;57;59;62;63;72;73;81;83;84;90;98;1;FORTALEZA/CE;"R$2.237.953,17";1;"R$244.777,92";99;"R$1.545,32";871;"R$175,64";5806;"R$26,34";25780;"R$5,93";0;"R$0,00";"R$0,00";"R$5.041.645,50";"R$600.000,00";
1971;21/05/2019;1;4;5;7;15;21;23;25;26;27;28;34;44;45;67;69;78;87;92;99;0;;"R$0,00";5;"R$40.002,11";146;"R$1.223,15";1184;"R$105,57";7639;"R$16,36";32539;"R$3,84";0;"R$0,00";"R$784.923,95";"R$4.119.580,50";"R$1.300.000,00";
1972;24/05/2019;0;2;7;12;25;26;31;37;40;41;48;54;61;75;78;80;83;85;95;96;1;Canal Eletrônico;"R$1.407.884,48";5;"R$44.299,42";66;"R$2.097,51";691;"R$200,34";4581;"R$30,21";20483;"R$6,75";0;"R$0,00";"R$0,00";"R$4.562.134,50";"R$550.000,00";
1973;28/05/2019;0;9;10;18;19;21;29;37;41;43;49;56;58;59;61;65;73;90;91;94;0;;"R$0,00";4;"R$47.411,21";128;"R$1.322,85";932;"R$127,17";5527;"R$21,44";23537;"R$5,03";0;"R$0,00";"R$738.947,07";"R$3.906.079,50";"R$1.300.000,00";
1974;31/05/2019;6;11;18;19;31;34;35;52;53;57;69;72;76;77;82;90;92;93;96;97;1;SÃO PAULO/SP;"R$1.345.311,22";0;"R$0,00";120;"R$1.604,13";810;"R$166,35";6603;"R$20,40";21738;"R$6,19";0;"R$0,00";"R$0,00";"R$4.440.594,00";"R$600.000,00";
1975;04/06/2019;0;3;6;7;22;23;25;26;31;32;40;41;42;45;52;53;64;65;67;71;0;;"R$0,00";9;"R$46.367,40";101;"R$1.783,15";892;"R$141,33";5422;"R$23,25";23351;"R$5,39";0;"R$0,00";"R$775.964,08";"R$4.154.593,50";"R$1.200.000,00";
1976;07/06/2019;6;16;18;20;21;46;47;48;50;54;55;59;69;71;72;73;80;83;87;94;0;;"R$0,00";3;"R$77.746,58";89;"R$1.637,92";823;"R$177,12";5163;"R$28,23";23946;"R$6,08";0;"R$0,00";"R$1.548.570,74";"R$4.803.996,00";"R$2.200.000,00";
1977;11/06/2019;1;3;6;8;9;11;18;20;26;31;32;37;49;68;71;75;77;86;87;91;0;;"R$0,00";8;"R$28.996,07";136;"R$1.522,90";1111;"R$130,49";6752;"R$21,47";29496;"R$4,91";0;"R$0,00";"R$2.316.966,60";"R$4.777.813,50";"R$3.000.000,00";
1978;14/06/2019;3;8;20;22;28;30;37;38;43;58;68;80;82;84;86;88;89;91;95;98;0;;"R$0,00";11;"R$22.071,68";164;"R$1.321,80";1336;"R$113,57";7551;"R$20,09";31372;"R$4,83";0;"R$0,00";"R$3.121.203,54";"R$5.000.670,00";"R$4.000.000,00";
1979;18/06/2019;3;10;26;29;31;36;40;56;58;62;66;68;74;77;79;87;88;92;93;95;1;"FRANCA/SP; FRANCA/SP";"R$3.853.402,35";2;"R$130.168,68";122;"R$1.333,69";1067;"R$152,49";6905;"R$23,56";28567;"R$5,69";1;"R$130.168,71";"R$0,00";"R$5.362.120,50";"R$400.000,00";
1980;21/06/2019;0;1;8;9;11;15;16;27;54;58;61;63;67;68;69;78;79;89;93;95;0;;"R$0,00";4;"R$44.987,22";47;"R$2.392,94";684;"R$164,42";4137;"R$27,18";19049;"R$5,90";0;"R$0,00";"R$596.080,69";"R$3.706.374,00";"R$1.000.000,00";
1981;25/06/2019;0;5;14;27;30;34;36;40;43;44;55;65;68;76;78;85;88;92;98;99;0;MARÍLIA/SP;"R$0,00";5;"R$38.771,47";93;"R$1.861,14";912;"R$132,85";5298;"R$22,86";22462;"R$5,39";1;"R$96.928,69";"R$1.141.304,47";"R$3.992.844,00";"R$1.600.000,00";
1982;28/06/2019;2;14;26;27;33;35;37;40;45;48;54;55;64;65;66;76;83;87;88;90;0;GUARARAPES/SP;"R$0,00";8;"R$28.107,75";147;"R$1.365,77";1491;"R$94,25";7200;"R$19,51";29151;"R$4,82";1;"R$112.431,00";"R$1.773.728,75";"R$4.631.440,50";"R$2.300.000,00";
1983;02/07/2019;4;5;10;12;17;18;19;24;30;34;41;61;66;70;71;73;74;81;95;98;0;;"R$0,00";13;"R$18.188,22";116;"R$1.819,94";1085;"R$136,20";6551;"R$22,55";27826;"R$5,31";0;"R$0,00";"R$2.556.959,10";"R$4.870.053,00";"R$3.000.000,00";
1984;05/07/2019;0;8;10;17;24;29;35;39;42;43;55;74;75;78;79;85;86;89;92;94;1;"PETROLÂNDIA/SC; PETROLÂNDIA/SC";"R$3.337.098,52";10;"R$27.738,29";144;"R$1.719,88";1259;"R$137,70";7462;"R$23,23";32153;"R$5,39";1;"R$138.691,48";"R$0,00";"R$5.713.204,50";"R$500.000,00";
1985;09/07/2019;1;10;12;14;22;26;31;35;37;41;44;48;54;55;56;66;72;78;87;95;0;;"R$0,00";13;"R$14.385,37";164;"R$1.018,12";1267;"R$92,25";7581;"R$15,41";30398;"R$3,84";0;"R$0,00";"R$619.470,01";"R$3.851.806,50";"R$1.200.000,00";
1986;12/07/2019;8;9;10;38;39;40;43;48;53;54;55;58;67;68;71;74;76;83;89;91;0;;"R$0,00";12;"R$19.138,11";131;"R$1.565,27";1089;"R$131,80";6783;"R$21,16";28865;"R$4,97";0;"R$0,00";"R$1.380.209,91";"R$4.730.209,50";"R$1.900.000,00";
1987;16/07/2019;0;3;11;13;18;19;21;31;37;42;43;44;50;53;57;68;69;78;92;98;1;"GOIÂNIA/GO; BELÉM/PA";"R$2.031.349,90";4;"R$57.879,11";123;"R$1.680,57";961;"R$150,57";6266;"R$23,09";28325;"R$5,10";1;"R$115.758,25";"R$0,00";"R$4.768.501,50";"R$400.000,00";
1988;19/07/2019;1;3;5;8;24;51;54;65;71;76;78;82;83;84;86;88;90;91;93;99;1;"ITAGUARI/GO; BELFORD ROXO/RJ; BELFORD ROXO/RJ";"R$565.850,51";17;"R$11.834,79";205;"R$876,26";1679;"R$74,89";8372;"R$15,01";41219;"R$3,05";2;"R$50.297,84";"R$0,00";"R$4.143.900,00";"R$400.000,00";
1989;23/07/2019;2;11;17;20;21;27;31;34;37;38;41;44;45;48;51;53;64;79;88;96;0;;"R$0,00";3;"R$64.060,25";73;"R$1.645,38";755;"R$159,09";5317;"R$22,59";23364;"R$5,14";0;"R$0,00";"R$636.598,68";"R$3.958.311,00";"R$1.200.000,00";
1990;26/07/2019;2;3;6;10;12;25;31;35;42;43;50;57;61;66;69;74;75;80;86;88;1;SOROCABA/SP;"R$1.236.688,21";7;"R$30.480,74";113;"R$1.685,88";840;"R$158,75";5326;"R$25,03";23519;"R$5,67";0;"R$0,00";"R$0,00";"R$4.394.643,00";"R$600.000,00";
1991;30/07/2019;7;18;22;24;31;35;43;53;56;57;61;63;67;70;77;81;90;91;92;97;0;;"R$0,00";10;"R$18.865,14";75;"R$1.572,09";813;"R$145,02";5061;"R$23,29";20955;"R$5,62";0;"R$0,00";"R$731.590,37";"R$3.885.618,00";"R$1.150.000,00";
1992;02/08/2019;5;9;21;44;46;49;58;59;64;65;70;72;73;74;78;90;91;92;95;96;0;;"R$0,00";5;"R$45.551,60";81;"R$1.757,39";799;"R$178,15";5166;"R$27,55";23252;"R$6,12";0;"R$0,00";"R$1.486.038,78";"R$4.691.089,50";"R$2.000.000,00";
1993;06/08/2019;0;6;7;8;12;13;24;30;32;41;48;52;69;73;74;82;83;89;92;94;1;"GOIÂNIA/GO; BELÉM/PA; BELÉM/PA";"R$2.133.255,55";3;"R$76.707,17";89;"R$1.616,02";853;"R$168,61";5568;"R$25,83";26724;"R$5,38";2;"R$57.530,39";"R$0,00";"R$4.739.770,50";"R$500.000,00";
1994;09/08/2019;2;3;4;7;16;21;26;34;37;42;44;50;60;71;85;86;88;90;92;95;0;;"R$0,00";3;"R$68.623,28";61;"R$2.109,32";726;"R$177,22";4409;"R$29,18";20201;"R$6,36";0;"R$0,00";"R$681.943,84";"R$4.240.263,00";"R$1.300.000,00";
1995;13/08/2019;7;11;16;28;34;38;44;65;72;73;75;79;80;81;82;91;94;95;98;99;0;;"R$0,00";4;"R$54.112,91";79;"R$1.712,44";895;"R$151,15";5441;"R$24,86";23755;"R$5,69";0;"R$0,00";"R$1.398.939,90";"R$4.458.214,50";"R$1.900.000,00";
1996;16/08/2019;1;11;15;23;28;30;31;40;43;44;51;57;66;68;86;90;93;94;96;99;0;;"R$0,00";13;"R$17.592,80";92;"R$1.553,71";894;"R$159,88";5542;"R$25,79";25234;"R$5,66";0;"R$0,00";"R$2.156.529,94";"R$4.710.624,00";"R$2.600.000,00";
1997;20/08/2019;5;6;9;16;17;22;30;31;36;43;50;55;58;61;68;69;72;80;81;92;0;;"R$0,00";11;"R$21.057,09";106;"R$1.365,73";966;"R$149,86";5883;"R$24,60";25382;"R$5,70";0;"R$0,00";"R$2.923.797,51";"R$4.770.798,00";"R$3.600.000,00";
1998;23/08/2019;3;4;10;16;21;24;29;31;38;39;42;62;64;68;74;76;81;90;91;98;0;;"R$0,00";5;"R$49.193,60";80;"R$1.921,62";892;"R$172,34";5561;"R$27,64";24613;"R$6,24";0;"R$0,00";"R$3.738.566,44";"R$5.066.157,00";"R$4.300.000,00";
1999;27/08/2019;12;15;18;20;26;33;35;39;45;47;54;61;63;64;66;76;77;84;85;91;1;"BRASÍLIA/DF; BRASÍLIA/DF";"R$4.445.325,53";15;"R$16.752,81";254;"R$883,33";1823;"R$86,15";10525;"R$14,92";39168;"R$4,00";1;"R$125.646,09";"R$0,00";"R$5.175.817,50";"R$400.000,00";
2000;30/08/2019;5;17;20;22;25;28;33;38;39;61;62;65;66;70;73;74;83;87;93;98;0;;"R$0,00";5;"R$37.361,73";85;"R$1.373,59";668;"R$174,78";4403;"R$26,51";20285;"R$5,75";0;"R$0,00";"R$618.803,69";"R$3.847.663,50";"R$1.000.000,00";
2001;03/09/2019;1;3;11;17;19;29;31;35;49;50;53;57;63;79;83;87;89;91;95;99;7;"SALVADOR/BA; SALVADOR/BA; BRASÍLIA/DF; BRASÍLIA/DF; CAMPO GRANDE/MS; CARUARU/PE; TRÊS RIOS/RJ; TRÊS RIOS/RJ; ARIQUEMES/RO; SANTANA DO LIVRAMENTO/RS; PENHA/SC; SANTA ISABEL/SP; SÃO JOSÉ DOS CAMPOS/SP";"R$167.972,28";3169;"R$89,27";702;"R$251,88";1937;"R$63,90";7567;"R$16,35";27088;"R$4,56";8;"R$12.377,83";"R$0,00";"R$4.079.101,50";"R$500.000,00";
2002;06/09/2019;8;31;32;43;53;54;56;57;65;69;76;79;80;82;87;88;91;97;98;99;0;;"R$0,00";11;"R$17.728,58";162;"R$1.074,81";1323;"R$92,12";21601;"R$5,64";26098;"R$4,67";0;"R$0,00";"R$645.985,27";"R$4.016.676,00";"R$1.200.000,00";
2003;10/09/2019;5;7;16;17;24;25;26;33;36;47;50;53;78;79;81;85;86;87;91;99;0;;"R$0,00";2;"R$96.082,79";68;"R$1.766,23";746;"R$160,99";4437;"R$27,06";20341;"R$5,90";0;"R$0,00";"R$1.282.533,77";"R$3.957.999,00";"R$1.700.000,00";
2004;13/09/2019;14;21;23;28;32;35;37;40;47;48;51;63;69;72;74;84;86;88;91;99;0;;"R$0,00";9;"R$26.270,70";140;"R$1.507,88";1212;"R$121,92";6515;"R$22,68";27002;"R$5,47";0;"R$0,00";"R$2.065.728,89";"R$4.869.834,00";"R$2.600.000,00";
2005;17/09/2019;1;9;11;26;30;35;40;42;55;60;63;64;69;71;72;76;83;91;92;96;0;;"R$0,00";5;"R$46.233,96";105;"R$1.376,01";891;"R$162,15";5910;"R$24,44";25490;"R$5,66";0;"R$0,00";"R$2.831.478,84";"R$4.761.361,50";"R$3.400.000,00";
2006;20/09/2019;5;6;8;14;15;16;24;25;26;35;37;44;54;63;64;69;72;74;90;97;1;"AMPARO/SP; AMPARO/SP";"R$3.537.979,24";15;"R$16.746,68";199;"R$1.127,06";1634;"R$96,08";9843;"R$15,95";35865;"R$4,37";1;"R$125.600,09";"R$0,00";"R$5.173.923,00";"R$400.000,00";
2007;24/09/2019;0;3;9;10;21;24;33;38;53;60;61;65;77;78;80;81;83;84;95;98;1;JOÃO PESSOA/PB;"R$533.653,86";6;"R$31.623,93";133;"R$1.273,78";1114;"R$106,45";6658;"R$17,81";28714;"R$4,13";0;"R$0,00";"R$0,00";"R$3.908.049,00";"R$600.000,00";
2008;27/09/2019;1;11;14;16;18;26;28;29;32;35;41;42;43;45;52;70;78;84;88;96;0;;"R$0,00";2;"R$101.880,26";75;"R$1.698,01";679;"R$187,55";4595;"R$27,71";21077;"R$6,04";0;"R$0,00";"R$769.828,53";"R$4.196.748,00";"R$1.200.000,00";
2009;01/10/2019;4;7;10;15;20;21;23;26;33;34;39;40;43;53;66;69;75;79;82;91;0;;"R$0,00";4;"R$55.996,74";68;"R$2.058,70";934;"R$149,88";5892;"R$23,75";25066;"R$5,58";0;"R$0,00";"R$1.511.785,35";"R$4.613.341,50";"R$2.200.000,00";
2010;04/10/2019;0;5;8;10;20;22;27;33;39;43;48;53;62;68;69;74;79;84;93;98;0;;"R$0,00";11;"R$23.149,20";163;"R$1.394,83";1369;"R$116,25";8304;"R$19,16";33452;"R$4,75";0;"R$0,00";"R$2.355.284,36";"R$5.244.711,00";"R$3.100.000,00";
2011;08/10/2019;4;17;20;21;28;29;36;38;46;47;49;55;57;59;62;73;79;80;83;91;1;"COLIDER/MT; BALNEARIO CAMBORIU/SC; BALNEARIO CAMBORIU/SC";"R$3.090.853,48";7;"R$37.362,25";128;"R$1.824,32";1182;"R$138,29";7007;"R$23,32";29760;"R$5,49";2;"R$65.383,94";"R$0,00";"R$5.386.713,00";"R$500.000,00";
2012;11/10/2019;1;10;12;17;23;28;35;37;40;42;43;50;53;54;66;68;84;92;97;99;0;;"R$0,00";4;"R$53.482,12";117;"R$1.632,54";1124;"R$118,95";6814;"R$19,62";28502;"R$4,69";0;"R$0,00";"R$708.638,07";"R$4.406.172,00";"R$1.300.000,00";
2013;15/10/2019;1;5;6;10;31;33;35;40;44;54;55;58;64;68;74;75;81;87;88;92;0;;"R$0,00";3;"R$65.894,70";118;"R$1.495,79";1034;"R$119,48";6754;"R$18,29";25839;"R$4,78";0;"R$0,00";"R$1.363.466,68";"R$4.071.595,50";"R$2.000.000,00";
2014;18/10/2019;3;9;13;23;29;32;34;40;58;61;63;66;70;72;74;76;77;80;81;99;0;FORTALEZA/CE;"R$0,00";10;"R$23.827,33";145;"R$1.467,19";1214;"R$122,66";7312;"R$20,36";34984;"R$4,25";1;"R$119.136,66";"R$2.033.610,22";"R$4.907.589,00";"R$2.500.000,00";
2015;22/10/2019;11;24;26;27;28;32;35;37;42;45;48;52;54;64;65;76;90;92;96;97;0;;"R$0,00";10;"R$22.927,01";258;"R$793,43";1717;"R$83,45";9027;"R$15,87";33279;"R$4,30";0;"R$0,00";"R$2.793.067,27";"R$4.722.154,50";"R$3.400.000,00";
2016;25/10/2019;0;2;11;19;25;28;30;37;38;45;56;58;61;74;77;82;85;86;88;99;0;;"R$0,00";8;"R$31.490,12";165;"R$1.363,20";1428;"R$110,25";7941;"R$19,82";32916;"R$4,78";0;"R$0,00";"R$3.627.555,39";"R$5.188.683,00";"R$4.200.000,00";
2017;29/10/2019;11;23;24;41;43;44;48;56;61;63;65;72;77;80;82;85;86;87;88;93;1;"RIO DE JANEIRO/RJ; RIO DE JANEIRO/RJ";"R$4.349.273,58";14;"R$18.329,35";186;"R$1.231,81";1875;"R$85,53";10769;"R$14,89";41154;"R$3,89";1;"R$128.305,48";"R$0,00";"R$5.285.280,00";"R$400.000,00";
2018;01/11/2019;8;9;11;13;19;31;38;42;45;46;47;49;55;61;68;69;81;82;88;93;0;;"R$0,00";4;"R$51.700,58";106;"R$1.741,93";962;"R$134,35";5864;"R$22,04";25128;"R$5,14";0;"R$0,00";"R$685.032,70";"R$4.259.398,50";"R$1.000.000,00";
2019;05/11/2019;4;7;10;11;22;33;50;56;57;58;65;66;67;68;76;83;84;87;88;95;0;;"R$0,00";5;"R$38.625,67";90;"R$1.341,17";737;"R$163,77";4508;"R$26,77";20564;"R$5,86";0;"R$0,00";"R$1.324.770,37";"R$3.977.763,00";"R$1.800.000,00";
2020;09/11/2019;2;16;17;20;24;26;33;34;45;47;52;53;57;59;63;75;90;91;92;99;0;;"R$0,00";13;"R$21.120,42";132;"R$1.857,17";1245;"R$137,83";7142;"R$24,02";32293;"R$5,31";0;"R$0,00";"R$2.234.268,35";"R$5.655.079,50";"R$2.600.000,00";
2021;12/11/2019;3;8;9;12;13;18;19;24;41;44;45;47;54;59;65;67;73;75;80;87;0;;"R$0,00";7;"R$37.126,38";87;"R$1.866,99";815;"R$199,29";4725;"R$34,37";19845;"R$8,18";0;"R$0,00";"R$3.095.136,29";"R$5.352.707,50";"R$3.700.000,00";
2022;16/11/2019;2;7;17;27;29;42;57;58;59;62;69;71;72;75;89;90;92;95;97;99;1;RIO DE JANEIRO/RJ;"R$3.857.276,07";8;"R$33.872,88";152;"R$1.591,77";1097;"R$154,38";5087;"R$33,29";20218;"R$8,37";0;"R$0,00";"R$135.491,54";"R$5.581.295,00";"R$600.000,00";
2023;19/11/2019;0;10;11;25;27;29;32;48;49;50;53;54;59;60;63;67;70;75;80;84;0;;"R$0,00";3;"R$63.568,81";23;"R$5.182,24";408;"R$292,13";2546;"R$46,81";11458;"R$10,40";0;"R$0,00";"R$767.206,62";"R$3.927.880,00";"R$1.400.000,00";
2024;22/11/2019;0;2;8;19;31;33;38;39;42;43;44;54;61;64;72;73;75;78;81;89;0;;"R$0,00";4;"R$58.359,02";70;"R$2.084,25";628;"R$232,32";3915;"R$37,26";16822;"R$8,67";0;"R$0,00";"R$1.540.463,64";"R$4.807.960,00";"R$2.000.000,00";
2025;26/11/2019;9;12;27;29;31;35;36;37;39;51;55;62;70;75;76;83;84;91;92;94;0;;"R$0,00";2;"R$120.128,03";56;"R$2.681,43";492;"R$305,20";3278;"R$45,80";14826;"R$10,12";0;"R$0,00";"R$2.336.311,81";"R$4.948.427,50";"R$3.000.000,00";
2026;29/11/2019;1;7;8;16;17;21;22;27;36;37;44;56;63;66;68;79;85;88;93;94;0;;"R$0,00";6;"R$44.938,48";104;"R$1.620,38";728;"R$231,48";4401;"R$38,29";19340;"R$8,71";0;"R$0,00";"R$3.229.464,06";"R$5.553.445,00";"R$4.000.000,00";
2027;03/12/2019;12;15;22;24;27;28;30;31;33;37;49;59;65;69;70;76;86;87;95;99;0;;"R$0,00";4;"R$74.420,90";79;"R$2.355,09";671;"R$277,27";4164;"R$44,68";19227;"R$9,67";0;"R$0,00";"R$4.215.541,01";"R$6.131.232,50";"R$5.000.000,00";
2028;06/12/2019;0;12;15;21;24;27;29;30;33;35;46;49;57;68;71;77;80;86;89;99;0;;"R$0,00";8;"R$42.395,06";215;"R$1.408,47";1565;"R$135,44";7997;"R$26,50";30456;"R$6,96";0;"R$0,00";"R$5.339.010,11";"R$6.985.510,00";"R$6.100.000,00";
2029;10/12/2019;3;12;21;29;35;37;48;51;56;59;60;61;64;74;81;84;86;90;95;99;0;;"R$0,00";7;"R$48.426,32";99;"R$2.140,05";815;"R$259,95";5184;"R$40,86";21823;"R$9,70";0;"R$0,00";"R$6.461.895,43";"R$6.981.880,00";"R$7.300.000,00";
2030;13/12/2019;15;16;19;21;24;25;33;39;41;47;59;60;62;63;69;70;71;83;90;91;0;;"R$0,00";5;"R$77.630,47";90;"R$2.695,50";1021;"R$237,60";5884;"R$41,22";25940;"R$9,35";0;"R$0,00";"R$7.747.650,15";"R$7.994.570,00";"R$8.600.000,00";
2031;17/12/2019;9;11;19;23;32;35;38;42;50;52;66;69;71;73;77;78;80;81;91;96;0;;"R$0,00";12;"R$31.394,54";109;"R$2.160,18";935;"R$251,82";5870;"R$40,11";25452;"R$9,25";0;"R$0,00";"R$8.995.582,82";"R$7.759.400,00";"R$9.800.000,00";
2032;20/12/2019;0;1;2;4;6;8;10;11;14;46;49;50;57;63;70;73;85;87;93;95;0;;"R$0,00";21;"R$19.944,85";172;"R$1.521,96";1428;"R$183,31";8146;"R$32,13";34492;"R$7,58";0;"R$0,00";"R$10.382.996,44";"R$8.626.665,00";"R$11.200.000,00";
2033;24/12/2019;6;8;10;20;21;23;31;34;35;37;40;48;56;75;80;81;86;90;98;99;0;;"R$0,00";5;"R$76.781,88";159;"R$1.509,08";1194;"R$200,95";7153;"R$33,54";28197;"R$8,50";0;"R$0,00";"R$11.654.696,36";"R$7.907.180,00";"R$12.700.000,00";
2034;27/12/2019;1;2;4;9;11;12;17;19;27;28;32;34;42;48;52;53;54;58;66;99;0;SAO BERNARDO DO CAMPO/SP;"R$0,00";16;"R$27.092,62";288;"R$1.343,87";2039;"R$132,87";10684;"R$25,35";39741;"R$6,81";1;"R$216.740,94";"R$12.873.864,04";"R$8.928.197,50";"R$14.000.000,00";
2035;30/12/2019;5;7;8;10;17;29;32;35;42;54;56;67;68;70;80;84;85;90;98;99;0;;"R$0,00";0;"R$0,00";84;"R$2.479,83";811;"R$256,85";4862;"R$42,84";22036;"R$9,45";0;"R$0,00";"R$13.977.884,96";"R$6.864.585,00";"R$14.700.000,00";
2036;03/01/2020;1;5;10;21;22;24;32;39;41;42;49;51;63;69;70;72;81;89;91;96;1;UBERLANDIA/MG;"R$15.516.298,40";18;"R$48.904,49";414;"R$1.179,67";2689;"R$127,13";10446;"R$32,72";40310;"R$8,48";0;"R$0,00";"R$273.495,74";"R$11.266.095,00";"R$800.000,00";
2037;07/01/2020;4;8;10;23;29;30;39;41;50;56;64;65;71;73;80;81;84;88;95;99;0;;"R$0,00";1;"R$266.073,82";75;"R$2.217,28";665;"R$250,06";4164;"R$39,93";18596;"R$8,94";0;"R$0,00";"R$1.154.865,30";"R$5.480.182,50";"R$1.800.000,00";
2038;10/01/2020;2;6;10;14;15;20;25;27;28;42;46;57;61;62;70;72;74;84;90;93;0;;"R$0,00";6;"R$50.583,64";78;"R$2.431,91";710;"R$267,16";4333;"R$43,77";19457;"R$9,74";0;"R$0,00";"R$2.160.215,12";"R$6.251.067,50";"R$3.100.000,00";
2039;14/01/2020;1;2;3;6;9;19;22;34;39;45;47;49;68;69;81;83;85;93;98;99;1;"BETIM/MG; ARACAJU/SE";"R$3.008.025,89";5;"R$60.288,76";94;"R$2.004,28";807;"R$233,46";4838;"R$38,94";21371;"R$8,81";1;"R$150.721,94";"R$0,00";"R$6.208.680,00";"R$500.000,00";
2040;17/01/2020;0;14;23;27;32;33;34;39;49;51;57;61;67;77;79;81;86;93;97;99;0;;"R$0,00";6;"R$41.363,13";70;"R$2.215,88";766;"R$202,49";4706;"R$32,96";22218;"R$6,98";0;"R$0,00";"R$822.092,20";"R$5.111.607,50";"R$1.300.000,00";
2041;21/01/2020;11;20;31;41;44;55;60;61;64;68;69;70;74;81;83;84;85;86;90;94;0;;"R$0,00";10;"R$25.367,40";130;"R$1.742,26";1050;"R$150,99";5523;"R$28,70";30374;"R$5,21";0;"R$0,00";"R$1.662.387,35";"R$5.224.790,00";"R$2.100.000,00";
2042;24/01/2020;4;8;9;12;17;19;21;29;40;43;57;67;73;74;80;89;93;94;96;97;0;;"R$0,00";5;"R$55.400,29";62;"R$2.792,35";635;"R$272,63";3866;"R$44,78";18025;"R$9,60";0;"R$0,00";"R$2.579.954,56";"R$5.705.252,50";"R$3.400.000,00";
2043;28/01/2020;8;12;17;18;31;41;44;54;74;80;82;83;84;85;87;88;90;93;95;98;1;SAO CAETANO DO SUL/SP;"R$3.380.735,29";10;"R$28.472,20";166;"R$1.531,42";1110;"R$160,31";6539;"R$27,21";23109;"R$7,70";0;"R$0,00";"R$142.361,04";"R$5.864.270,00";"R$600.000,00";
2044;31/01/2020;7;13;18;22;23;27;30;45;48;49;50;58;60;61;73;75;76;79;82;92;0;;"R$0,00";4;"R$59.189,35";62;"R$2.386,67";549;"R$269,53";3749;"R$39,47";15900;"R$9,30";0;"R$0,00";"R$926.619,92";"R$4.876.367,50";"R$1.400.000,00";
2045;04/02/2020;2;6;8;9;11;14;29;42;46;47;60;65;71;75;76;81;82;88;90;99;0;;"R$0,00";2;"R$127.385,16";52;"R$3.062,15";460;"R$346,15";3231;"R$49,28";15413;"R$10,33";0;"R$0,00";"R$1.770.546,58";"R$5.247.370,00";"R$2.400.000,00";
2046;07/02/2020;5;12;14;15;17;25;27;38;44;50;51;53;65;68;71;74;78;81;87;89;0;;"R$0,00";6;"R$49.593,16";97;"R$1.917,26";857;"R$217,00";5010;"R$37,12";20539;"R$9,05";0;"R$0,00";"R$2.756.210,60";"R$6.128.665,00";"R$3.400.000,00";
2047;11/02/2020;5;10;11;19;20;23;25;29;34;40;42;44;51;62;65;67;84;88;93;97;2;"BOA ESPERANCA/MG; SAO CRISTOVAO/SE";"R$1.795.341,12";9;"R$32.966,78";124;"R$1.495,47";1023;"R$181,26";5421;"R$34,20";21771;"R$8,51";0;"R$0,00";"R$148.350,54";"R$6.110.995,00";"R$700.000,00";
2048;14/02/2020;4;11;12;15;16;26;32;42;43;45;46;55;56;65;67;69;75;76;79;84;0;CUIABA/MT;"R$0,00";10;"R$24.185,07";92;"R$1.643,01";918;"R$164,65";4915;"R$30,75";18218;"R$8,29";1;"R$120.925,40";"R$828.555,74";"R$4.981.272,50";"R$1.600.000,00";
2049;18/02/2020;0;1;3;4;7;10;13;16;26;30;31;33;51;59;70;73;76;82;90;92;0;"MANAUS/AM; SAO JOAO DA BALIZA/RR";"R$0,00";10;"R$24.684,85";123;"R$1.791,87";1076;"R$143,38";5793;"R$26,63";22617;"R$6,82";2;"R$61.712,12";"R$1.522.816,98";"R$5.084.207,50";"R$2.100.000,00";
2050;21/02/2020;0;1;4;6;17;23;24;33;35;46;50;55;59;70;77;79;86;88;90;98;0;;"R$0,00";21;"R$12.711,05";304;"R$783,98";1669;"R$99,95";9745;"R$17,11";23842;"R$6,99";0;"R$0,00";"R$2.407.029,17";"R$5.497.857,50";"R$2.700.000,00";
2051;26/02/2020;4;8;9;17;19;21;24;30;34;36;58;60;61;63;66;77;82;85;90;98;0;;"R$0,00";2;"R$88.344,43";40;"R$2.760,76";552;"R$200,05";3056;"R$36,13";12387;"R$8,91";0;"R$0,00";"R$2.992.311,04";"R$3.639.167,50";"R$3.500.000,00";
2052;28/02/2020;0;7;8;10;14;20;26;33;37;40;41;42;49;51;53;62;69;75;76;97;0;;"R$0,00";5;"R$51.212,68";76;"R$2.105,79";686;"R$233,29";4332;"R$36,94";18821;"R$8,50";0;"R$0,00";"R$3.840.520,97";"R$5.274.002,50";"R$4.400.000,00";
2053;03/03/2020;0;3;5;7;8;13;16;18;20;24;30;36;59;60;61;62;72;75;91;94;0;;"R$0,00";14;"R$22.754,80";129;"R$1.543,45";1093;"R$182,16";6405;"R$31,08";25900;"R$7,68";0;"R$0,00";"R$4.895.774,69";"R$6.561.360,00";"R$5.900.000,00";
2054;06/03/2020;3;6;9;16;18;21;26;30;35;44;56;57;62;63;65;71;79;82;90;95;0;;"R$0,00";11;"R$33.018,44";102;"R$2.225,51";908;"R$250,00";5262;"R$43,13";23342;"R$9,72";0;"R$0,00";"R$6.098.884,06";"R$7.480.697,50";"R$7.200.000,00";
2055;10/03/2020;5;9;13;20;23;34;41;49;57;61;65;69;72;76;79;80;84;86;92;98;0;CANAVIEIRAS/BA;"R$0,00";12;"R$31.114,42";109;"R$2.140,90";1263;"R$184,76";5966;"R$39,11";30387;"R$7,67";1;"R$186.686,53";"R$7.148.995,66";"R$7.690.167,50";"R$8.000.000,00";
2056;13/03/2020;2;6;13;14;18;20;25;27;38;54;59;60;61;67;68;76;77;83;86;96;0;;"R$0,00";13;"R$30.965,09";124;"R$2.028,96";1125;"R$223,63";6257;"R$40,20";26559;"R$9,47";0;"R$0,00";"R$8.482.429,58";"R$8.291.030,00";"R$9.200.000,00";
2057;17/03/2020;1;6;24;43;47;50;56;60;68;71;75;76;78;80;82;83;85;89;97;98;0;;"R$0,00";9;"R$44.945,25";102;"R$2.478,60";1062;"R$238,05";6455;"R$39,16";27176;"R$9,30";0;"R$0,00";"R$9.822.359,78";"R$8.331.422,50";"R$11.000.000,00";
2058;20/03/2020;2;4;8;21;24;25;26;27;31;42;45;63;64;68;78;82;86;88;95;97;0;;"R$0,00";4;"R$91.388,64";91;"R$2.510,68";955;"R$239,23";6710;"R$34,04";24455;"R$9,34";0;"R$0,00";"R$11.033.259,28";"R$7.529.135,00";"R$11.600.000,00";
2059;24/03/2020;9;12;25;26;29;31;35;39;45;46;51;55;58;62;70;72;73;92;96;97;1;MONCOES/SP;"R$11.766.445,49";7;"R$37.241,21";62;"R$2.627,91";620;"R$262,79";3759;"R$43,34";16686;"R$9,76";0;"R$0,00";"R$130.344,23";"R$5.369.262,50";"R$300.000,00";
2060;27/03/2020;13;17;33;34;37;38;39;44;50;52;56;57;62;65;66;68;76;79;91;93;0;;"R$0,00";2;"R$69.097,94";53;"R$1.629,67";471;"R$183,38";3197;"R$27,01";11878;"R$7,27";0;"R$0,00";"R$588.118,05";"R$2.846.347,50";"R$1.000.000,00";
2061;31/03/2020;0;6;22;25;31;32;40;41;42;46;55;56;62;68;69;72;83;86;94;98;0;;"R$0,00";4;"R$41.489,33";40;"R$2.593,08";388;"R$267,32";2180;"R$47,57";10013;"R$10,35";0;"R$0,00";"R$1.137.851,59";"R$3.418.135,00";"R$1.500.000,00";
2062;03/04/2020;7;9;10;15;18;19;21;26;29;35;39;42;48;54;58;66;69;78;88;90;0;;"R$0,00";9;"R$23.208,07";80;"R$1.631,82";701;"R$186,22";4011;"R$32,54";17318;"R$7,53";0;"R$0,00";"R$1.829.742,24";"R$4.302.040,00";"R$2.300.000,00";
2063;07/04/2020;2;4;5;8;9;13;19;20;21;36;46;61;76;81;87;90;91;92;93;95;1;BELEM/PA;"R$2.445.737,05";11;"R$19.910,94";198;"R$987,64";1578;"R$86,74";6574;"R$20,82";17788;"R$7,69";0;"R$0,00";"R$109.510,22";"R$4.511.047,50";"R$500.000,00";
2064;11/04/2020;1;2;3;4;5;6;7;11;18;33;37;41;49;56;57;62;67;72;82;99;1;"JUINA/MT; JUINA/MT";"R$544.050,65";2;"R$77.251,63";57;"R$1.694,12";494;"R$195,47";2849;"R$33,89";12113;"R$7,97";1;"R$77.251,65";"R$0,00";"R$3.182.222,50";"R$200.000,00";
2065;14/04/2020;1;4;8;11;13;16;19;22;27;31;38;46;47;51;61;66;69;86;90;99;1;"VILA VELHA/ES; VILA VELHA/ES";"R$408.562,35";8;"R$18.158,33";63;"R$1.441,14";498;"R$182,31";3047;"R$29,79";12075;"R$7,51";1;"R$72.633,33";"R$0,00";"R$2.991.980,00";"R$400.000,00";
2066;17/04/2020;0;3;5;15;30;31;41;55;56;57;58;64;67;71;73;75;81;83;84;99;0;;"R$0,00";5;"R$33.442,06";36;"R$2.902,96";395;"R$264,57";2477;"R$42,19";10868;"R$9,61";0;"R$0,00";"R$553.884,13";"R$3.443.942,50";"R$1.000.000,00";
2067;20/04/2020;3;14;21;41;51;55;56;63;64;77;79;81;82;84;85;89;90;91;92;96;0;;"R$0,00";6;"R$17.503,89";37;"R$1.774,04";415;"R$158,16";7384;"R$8,88";7889;"R$8,32";0;"R$0,00";"R$901.773,88";"R$2.163.110,00";"R$1.300.000,00";
2068;24/04/2020;0;3;14;21;36;37;44;47;49;50;52;56;58;60;61;68;70;73;88;89;0;;"R$0,00";4;"R$49.514,94";43;"R$2.878,78";449;"R$275,69";2791;"R$44,35";12558;"R$9,85";0;"R$0,00";"R$1.557.846,81";"R$4.079.332,50";"R$2.000.000,00";
2069;28/04/2020;2;3;4;7;8;11;16;23;25;30;34;43;49;54;64;65;67;68;81;91;0;;"R$0,00";3;"R$66.112,61";91;"R$1.362,21";573;"R$216,33";3394;"R$36,52";15805;"R$7,84";0;"R$0,00";"R$2.214.840,90";"R$4.085.060,00";"R$2.600.000,00";
2070;02/05/2020;10;12;14;21;30;37;41;42;44;47;48;51;54;58;60;69;76;82;98;99;0;;"R$0,00";3;"R$69.349,61";50;"R$2.600,61";502;"R$259,02";3150;"R$41,27";14045;"R$9,25";0;"R$0,00";"R$2.904.002,69";"R$4.285.072,50";"R$3.300.000,00";
2071;05/05/2020;0;11;23;24;25;28;29;36;38;41;42;60;74;80;85;86;88;90;95;99;0;;"R$0,00";3;"R$70.964,29";48;"R$2.772,05";505;"R$263,48";3107;"R$42,82";13697;"R$9,71";0;"R$0,00";"R$3.609.210,35";"R$4.384.842,50";"R$4.200.000,00";
2072;08/05/2020;10;17;18;19;25;26;43;48;49;53;56;69;74;77;80;83;86;87;90;96;0;;"R$0,00";4;"R$72.577,71";67;"R$2.708,12";550;"R$329,89";3973;"R$45,66";19003;"R$9,54";0;"R$0,00";"R$4.570.865,09";"R$5.979.380,00";"R$5.400.000,00";
2073;12/05/2020;0;5;8;12;14;17;20;24;26;29;30;42;51;59;64;70;71;76;79;92;0;SAO PAULO/SP;"R$0,00";5;"R$58.390,80";106;"R$1.721,43";1079;"R$169,11";5581;"R$32,69";23138;"R$7,88";1;"R$145.977,02";"R$5.391.985,65";"R$6.013.222,50";"R$6.000.000,00";
2074;15/05/2020;4;7;13;16;20;34;45;47;52;54;55;56;58;60;65;72;91;92;95;96;0;;"R$0,00";10;"R$32.376,42";104;"R$1.945,70";1102;"R$183,62";6531;"R$30,98";31618;"R$6,39";0;"R$0,00";"R$6.464.454,43";"R$6.668.400,00";"R$7.200.000,00";
2075;19/05/2020;0;11;12;14;21;25;26;30;35;36;46;53;56;58;60;66;69;78;85;87;0;;"R$0,00";6;"R$61.257,05";96;"R$2.392,86";1058;"R$217,12";6668;"R$34,45";27182;"R$8,45";0;"R$0,00";"R$7.681.938,25";"R$7.570.075,00";"R$8.500.000,00";
2076;22/05/2020;0;3;6;10;16;25;33;34;44;51;52;53;56;67;77;81;83;87;97;99;0;;"R$0,00";8;"R$51.344,26";110;"R$2.333,83";1147;"R$223,81";6787;"R$37,82";29469;"R$8,71";0;"R$0,00";"R$9.042.561,06";"R$8.460.085,00";"R$10.200.000,00";
2077;26/05/2020;11;12;16;17;20;21;22;23;24;25;27;28;39;50;52;62;73;85;92;94;1;IPIAU/BA;"R$10.207.815,43";8;"R$51.789,08";178;"R$1.454,75";1337;"R$193,67";7591;"R$34,11";31302;"R$8,27";0;"R$0,00";"R$207.156,36";"R$8.533.380,00";"R$500.000,00";
2078;29/05/2020;0;5;14;15;22;24;26;28;30;42;43;50;53;55;58;59;68;78;96;99;1;"CAMPO GRANDE/MS; CAMPO GRANDE/MS";"R$824.617,74";4;"R$54.885,46";48;"R$2.858,62";593;"R$231,38";3680;"R$37,28";16231;"R$8,45";1;"R$109.770,93";"R$0,00";"R$4.521.787,50";"R$600.000,00";
2079;02/06/2020;6;31;34;36;39;43;44;45;51;52;54;62;63;64;65;69;72;78;79;84;0;;"R$0,00";15;"R$14.871,84";835;"R$238,53";1219;"R$114,37";6134;"R$22,72";20024;"R$6,96";0;"R$0,00";"R$738.944,65";"R$4.594.612,50";"R$1.200.000,00";
2080;05/06/2020;1;7;9;11;12;20;29;31;39;41;42;54;55;59;67;69;72;73;74;87;0;;"R$0,00";3;"R$88.490,96";71;"R$2.336,91";675;"R$245,80";3961;"R$41,88";17443;"R$9,51";0;"R$0,00";"R$1.618.323,54";"R$5.467.805,00";"R$2.200.000,00";
2081;09/06/2020;0;1;3;4;18;23;29;30;43;48;50;57;63;73;79;80;86;87;94;95;0;;"R$0,00";4;"R$68.536,70";60;"R$2.855,70";520;"R$329,50";3461;"R$49,50";16187;"R$10,58";0;"R$0,00";"R$2.526.434,83";"R$5.646.457,50";"R$3.400.000,00";
2082;12/06/2020;5;13;19;20;25;28;42;44;49;54;55;57;66;68;76;78;84;86;89;90;0;;"R$0,00";7;"R$39.056,74";74;"R$2.309,10";843;"R$202,69";4829;"R$35,38";20724;"R$8,24";0;"R$0,00";"R$3.432.062,95";"R$5.631.017,50";"R$4.300.000,00";
2083;16/06/2020;5;9;12;14;24;29;32;41;44;54;57;66;68;72;74;76;89;90;93;94;1;SAO PAULO/SP;"R$4.296.493,52";10;"R$30.735,31";125;"R$1.536,76";1241;"R$154,79";8064;"R$23,82";25694;"R$7,47";0;"R$0,00";"R$153.676,58";"R$6.330.390,00";"R$700.000,00";
2084;19/06/2020;9;12;14;17;20;23;24;27;34;43;46;47;51;59;65;72;73;78;89;94;0;;"R$0,00";12;"R$19.732,49";101;"R$1.465,29";851;"R$173,90";4994;"R$29,63";20553;"R$7,20";0;"R$0,00";"R$938.042,82";"R$4.877.035,00";"R$1.600.000,00";
2085;23/06/2020;2;8;13;15;25;29;32;35;39;40;42;44;50;54;61;64;65;66;71;73;0;;"R$0,00";3;"R$81.968,65";66;"R$2.328,65";646;"R$237,91";4126;"R$37,24";17625;"R$8,72";0;"R$0,00";"R$1.752.606,22";"R$5.064.795,00";"R$2.500.000,00";
2086;26/06/2020;3;14;19;20;21;23;24;27;29;32;40;47;48;50;53;56;65;69;71;76;0;;"R$0,00";5;"R$51.797,68";132;"R$1.751,81";927;"R$174,61";5724;"R$28,27";24249;"R$6,67";0;"R$0,00";"R$2.610.505,25";"R$5.334.247,50";"R$3.400.000,00";
2087;30/06/2020;1;4;7;9;11;23;24;30;36;37;47;51;52;56;59;65;67;75;82;95;0;;"R$0,00";5;"R$55.438,64";79;"R$2.192,99";756;"R$229,16";4577;"R$37,85";19669;"R$8,80";0;"R$0,00";"R$3.528.707,75";"R$5.709.202,50";"R$4.400.000,00";
2088;03/07/2020;2;4;11;12;14;15;26;28;31;38;39;43;53;67;69;70;75;82;87;94;0;;"R$0,00";7;"R$47.129,30";73;"R$2.824,53";797;"R$258,70";4752;"R$43,39";21011;"R$9,81";0;"R$0,00";"R$4.621.518,54";"R$6.794.882,50";"R$5.600.000,00";
2089;07/07/2020;3;8;15;17;18;23;24;38;39;42;53;59;69;76;77;81;86;88;91;93;0;;"R$0,00";7;"R$48.139,21";73;"R$2.885,05";873;"R$241,24";4969;"R$42,38";22652;"R$9,29";0;"R$0,00";"R$5.737.746,35";"R$6.940.485,00";"R$6.600.000,00";
2090;10/07/2020;4;5;8;16;17;18;20;22;24;25;27;33;40;52;63;81;85;86;91;93;0;;"R$0,00";6;"R$58.961,77";161;"R$1.373,33";1464;"R$151,02";8602;"R$25,70";30788;"R$7,18";0;"R$0,00";"R$6.909.611,57";"R$7.286.427,50";"R$7.800.000,00";
2091;14/07/2020;8;14;22;26;28;31;33;35;42;43;44;49;50;52;53;64;78;89;91;96;0;;"R$0,00";10;"R$35.991,38";124;"R$1.814,08";1174;"R$191,60";6717;"R$33,48";28281;"R$7,95";0;"R$0,00";"R$8.101.826,03";"R$7.412.955,00";"R$9.000.000,00";
2092;17/07/2020;6;9;10;20;28;31;52;53;55;57;59;60;61;63;64;69;71;78;80;98;0;SALVADOR/BA;"R$0,00";11;"R$34.333,58";130;"R$1.815,72";1102;"R$214,19";5917;"R$39,89";25943;"R$9,09";1;"R$188.834,71";"R$9.164.021,15";"R$7.778.657,50";"R$10.000.000,00";
2093;21/07/2020;10;13;17;18;24;31;32;34;39;45;48;49;58;62;64;66;71;76;88;91;0;;"R$0,00";6;"R$64.222,97";114;"R$2.112,60";1065;"R$226,13";6300;"R$38,22";27584;"R$8,73";0;"R$0,00";"R$10.440.452,64";"R$7.936.600,00";"R$11.600.000,00";
2094;24/07/2020;4;24;29;31;35;48;49;54;57;58;64;68;74;82;89;90;92;94;96;97;1;LUZINOPOLIS/TO;"R$11.662.723,83";7;"R$62.083,61";147;"R$1.847,72";1359;"R$199,86";7661;"R$35,45";32168;"R$8,44";0;"R$0,00";"R$217.292,69";"R$8.950.925,00";"R$700.000,00";
2095;28/07/2020;4;5;13;14;15;22;25;34;43;51;52;54;58;60;63;76;84;88;90;97;0;;"R$0,00";3;"R$77.772,17";56;"R$2.603,98";576;"R$253,16";3578;"R$40,75";16094;"R$9,06";0;"R$0,00";"R$990.153,65";"R$4.805.497,50";"R$1.600.000,00";
2096;31/07/2020;2;5;8;14;21;28;33;36;38;46;47;53;60;62;65;71;72;81;82;97;0;;"R$0,00";6;"R$45.121,89";74;"R$2.286,58";669;"R$252,92";4142;"R$40,85";16953;"R$9,98";0;"R$0,00";"R$1.886.951,08";"R$5.576.110,00";"R$2.600.000,00";
2097;04/08/2020;0;8;10;22;33;36;48;49;50;52;54;58;64;66;67;71;86;89;91;98;1;SAO BENTO DO SUL/SC;"R$2.671.545,56";11;"R$25.360,63";124;"R$1.406,09";1026;"R$169,93";6096;"R$28,60";23989;"R$7,26";0;"R$0,00";"R$139.483,50";"R$5.745.735,00";"R$600.000,00";
2098;07/08/2020;0;2;10;13;18;23;25;36;38;41;53;60;62;64;68;71;76;83;93;94;1;CORONEL FABRICIANO/MG;"R$845.656,89";8;"R$31.385,48";75;"R$2.092,37";640;"R$245,19";4115;"R$38,13";17319;"R$9,06";0;"R$0,00";"R$125.541,95";"R$5.171.442,50";"R$700.000,00";
2099;11/08/2020;1;4;19;28;29;31;32;38;40;42;43;46;59;64;80;84;85;86;90;99;0;;"R$0,00";3;"R$74.004,62";40;"R$3.468,97";424;"R$327,26";2681;"R$51,75";12656;"R$10,96";0;"R$0,00";"R$860.962,86";"R$4.572.702,50";"R$1.500.000,00";
2100;14/08/2020;9;11;12;18;26;38;39;42;48;49;63;67;70;72;74;77;82;87;93;97;0;;"R$0,00";5;"R$50.842,66";76;"R$2.090,57";703;"R$226,00";4143;"R$38,34";17793;"R$8,92";0;"R$0,00";"R$1.703.044,42";"R$5.235.897,50";"R$2.400.000,00";
2101;18/08/2020;1;6;8;11;12;13;20;22;23;34;36;39;53;56;60;73;86;88;92;98;0;;"R$0,00";10;"R$25.282,32";50;"R$3.160,29";627;"R$252,01";3994;"R$39,56";17357;"R$9,10";0;"R$0,00";"R$2.540.521,46";"R$5.207.267,50";"R$3.300.000,00";
2102;21/08/2020;0;4;8;11;15;18;27;32;37;39;43;44;59;61;62;70;80;85;90;91;0;;"R$0,00";7;"R$39.494,75";80;"R$2.159,87";597;"R$289,42";3832;"R$45,09";16783;"R$10,29";0;"R$0,00";"R$3.456.305,89";"R$5.694.167,50";"R$4.200.000,00";
2103;25/08/2020;2;13;21;32;35;38;39;49;63;65;71;73;77;78;81;88;92;93;94;98;0;;"R$0,00";2;"R$140.944,33";63;"R$2.796,52";659;"R$267,34";4443;"R$39,65";18924;"R$9,30";0;"R$0,00";"R$4.390.062,10";"R$5.805.912,50";"R$5.200.000,00";
2104;28/08/2020;9;15;19;21;23;24;37;39;46;62;63;64;66;69;74;80;90;91;97;98;0;;"R$0,00";5;"R$66.653,55";80;"R$2.603,65";710;"R$293,36";4543;"R$45,84";19927;"R$10,45";0;"R$0,00";"R$5.494.011,46";"R$6.864.140,00";"R$6.300.000,00";
2105;01/09/2020;7;9;12;13;22;29;35;36;37;39;41;50;52;54;57;81;87;90;92;96;0;;"R$0,00";11;"R$31.053,57";71;"R$3.006,95";747;"R$285,80";4698;"R$45,44";21055;"R$10,13";0;"R$0,00";"R$6.625.526,03";"R$7.035.535,00";"R$7.600.000,00";
2106;04/09/2020;7;10;11;16;22;31;34;36;41;45;48;49;65;78;82;83;84;86;87;94;0;PACO DO LUMIAR/MA;"R$0,00";1;"R$377.858,00";91;"R$2.595,18";877;"R$269,28";5557;"R$42,49";24562;"R$9,61";1;"R$188.929,02";"R$7.688.251,66";"R$7.782.542,50";"R$8.700.000,00";
2107;08/09/2020;4;10;11;12;16;20;24;36;48;55;59;60;64;67;72;75;79;82;88;96;0;;"R$0,00";12;"R$27.040,05";731;"R$396,32";1064;"R$190,60";5552;"R$36,52";23266;"R$8,71";0;"R$0,00";"R$8.763.093,48";"R$6.683.155,00";"R$9.700.000,00";
2108;11/09/2020;1;4;7;9;14;17;18;22;25;30;42;48;50;52;57;59;65;70;71;96;2;"CANAL ELETRONICO; CANAL ELETRONICO";"R$4.955.462,38";13;"R$31.393,67";175;"R$1.457,57";1391;"R$183,37";7944;"R$32,10";31735;"R$8,03";2;"R$102.029,46";"R$0,00";"R$8.405.787,50";"R$600.000,00";
2109;15/09/2020;7;9;15;17;26;27;30;39;43;47;51;53;54;57;73;82;89;94;97;99;1;BARRA DO CHOCA/BA;"R$607.378,69";3;"R$71.985,62";70;"R$1.928,19";656;"R$205,75";3889;"R$34,70";18899;"R$7,14";0;"R$0,00";"R$107.978,45";"R$4.447.950,00";"R$600.000,00";
2110;18/09/2020;2;4;6;8;14;16;26;29;34;54;61;64;68;71;73;77;81;93;94;96;0;;"R$0,00";6;"R$38.268,49";78;"R$1.839,83";634;"R$226,35";3805;"R$37,71";15455;"R$9,28";0;"R$0,00";"R$868.564,59";"R$4.729.175,00";"R$1.600.000,00";
2111;22/09/2020;5;12;15;17;39;42;43;46;51;64;65;72;75;77;82;86;87;94;97;99;1;PARANATINGA/MT;"R$1.528.427,57";8;"R$29.327,25";88;"R$1.666,32";859;"R$170,70";4874;"R$30,08";20300;"R$7,22";0;"R$0,00";"R$117.309,01";"R$4.832.302,50";"R$700.000,00";
2112;25/09/2020;4;17;23;25;31;36;38;40;42;52;56;59;71;78;82;83;84;92;97;98;0;;"R$0,00";3;"R$75.357,11";74;"R$1.909,39";606;"R$233,15";4617;"R$30,60";15333;"R$9,21";0;"R$0,00";"R$866.170,35";"R$4.656.272,50";"R$1.600.000,00";
2113;29/09/2020;9;14;20;25;26;33;35;36;49;50;55;58;59;66;71;75;76;87;94;99;0;;"R$0,00";2;"R$115.934,59";51;"R$2.841,54";472;"R$307,03";3326;"R$43,57";14748;"R$9,82";0;"R$0,00";"R$1.634.237,03";"R$4.775.687,50";"R$2.300.000,00";
2114;02/10/2020;4;5;10;13;23;24;25;29;37;40;43;44;46;49;54;56;65;93;98;99;0;;"R$0,00";0;"R$0,00";78;"R$2.198,21";764;"R$224,42";4724;"R$36,29";21206;"R$8,08";0;"R$0,00";"R$2.542.975,16";"R$5.650.355,00";"R$3.400.000,00";ORDEM DE SORTEIO: 10  23  93  24  54  65  44  56  13  25  05  98  37  04  49  99  46  40  43  29.
2115;06/10/2020;4;7;8;11;15;17;19;20;24;32;36;41;43;44;46;48;60;76;78;86;0;;"R$0,00";12;"R$46.063,32";124;"R$1.403,34";1188;"R$146,47";19222;"R$9,05";25771;"R$6,75";0;"R$0,00";"R$3.465.253,85";"R$5.734.547,50";"R$4.000.000,00";ORDEM DE SORTEIO: 46  20  04  11  60  44  48  07  15  86 19  32  76  43  36  24  08  78  17  41.
2116;09/10/2020;0;2;5;7;14;20;23;39;44;48;50;63;64;78;80;81;82;83;90;94;0;;"R$0,00";6;"R$55.469,12";65;"R$3.200,15";750;"R$277,34";4623;"R$44,99";20754;"R$10,02";0;"R$0,00";"R$4.567.702,68";"R$6.854.810,00";"R$5.300.000,00";ORDEM DE SORTEIO: 63  14  48  20  39  80  90  05  83  02 50  64  78  07  94  81  44  82  00  23.
2117;13/10/2020;5;22;30;34;35;39;44;49;55;58;68;75;76;78;84;85;88;94;95;96;0;;"R$0,00";4;"R$71.939,41";113;"R$1.591,58";902;"R$199,38";4965;"R$36,22";19742;"R$9,10";0;"R$0,00";"R$5.520.899,84";"R$5.926.792,50";"R$6.300.000,00";ORDEM DE SORTEIO: 58 44 30 88 49 68 35 05 84 22 96 94 39 34 95 85 55 76 78 75.
2118;16/10/2020;0;2;10;12;16;19;46;51;52;57;64;71;72;75;80;81;82;84;88;99;1;"SAO MIGUEL/RN; SAO MIGUEL/RN";"R$6.546.468,86";12;"R$30.387,23";129;"R$1.766,70";1131;"R$201,50";6649;"R$34,27";28313;"R$8,04";1;"R$182.323,40";"R$0,00";"R$7.510.437,50";"R$500.000,00";ORDEM DE SORTEIO: 88  19  57  72  10  71  16  51  12  80  75  64  02  84  81  99  00  82  46  52.
2119;20/10/2020;1;4;7;9;12;13;19;23;32;33;43;44;48;64;78;79;82;88;89;91;0;;"R$0,00";5;"R$41.658,05";92;"R$1.415,02";831;"R$156,65";4407;"R$29,53";18050;"R$7,21";0;"R$0,00";"R$689.961,51";"R$4.290.045,00";"R$1.300.000,00";ORDEM DE SORTEIO: 43  33  89  91  19  04  88  07  82  13  48  12  78  32  44  64  01  23  79  09.
2120;23/10/2020;0;1;7;9;10;11;15;24;50;51;52;59;60;64;75;77;78;95;98;99;0;;"R$0,00";11;"R$22.182,56";139;"R$1.567,36";1178;"R$129,46";6193;"R$24,62";23183;"R$6,57";0;"R$0,00";"R$1.498.238,52";"R$5.025.707,50";"R$2.200.000,00";ORDEM DE SORTEIO: 09  75  60  00  01  77  52  64  15  24  78  59  95  99  11  50  98  51  07  10.
2121;27/10/2020;0;2;14;20;23;24;37;38;43;49;54;71;75;76;80;87;90;93;94;98;1;HORIZONTE/CE;"R$2.181.841,84";37;"R$6.569,16";248;"R$875,06";1273;"R$119,33";5689;"R$26,70";19043;"R$7,97";0;"R$0,00";"R$121.529,51";"R$5.006.157,50";"R$700.000,00";ORDEM DE SORTEIO: 24  54  23  49  76  37  75  43  98  20  87  38  00  14  02  80  93  90  94  71.
2122;30/10/2020;3;5;6;8;11;12;16;23;30;32;38;39;47;54;57;64;70;71;74;76;0;;"R$0,00";3;"R$73.045,56";78;"R$1.755,91";655;"R$209,09";3654;"R$37,48";15497;"R$8,83";0;"R$0,00";"R$847.419,70";"R$4.513.442,50";"R$1.600.000,00";ORDEM DE SORTEIO: 47  30  74  64  23  38  71  06  70  12 54  57  39  03  16  05  76  11  08  32
2123;03/11/2020;1;6;14;15;22;31;41;53;54;56;62;65;67;70;71;73;75;78;81;83;1;SAO PAULO/SP;"R$1.422.226,52";1;"R$204.375,76";49;"R$2.606,83";490;"R$260,68";2859;"R$44,67";13951;"R$9,15";0;"R$0,00";"R$102.187,92";"R$4.209.420,00";"R$600.000,00";ORDEM DE SORTEIO: 31  70  53  67  65  41  54  73  83  01  15  75  22  81  14  78  71  62  56  06.
2124;06/11/2020;8;13;19;22;29;32;33;45;47;49;56;57;65;70;75;82;87;89;91;99;0;;"R$0,00";4;"R$58.224,95";77;"R$1.890,42";641;"R$227,08";3934;"R$37,00";16950;"R$8,58";0;"R$0,00";"R$873.668,58";"R$4.796.915,00";"R$1.600.000,00";ORDEM DE SORTEIO:  57  47  19  49  87  99  13  56  29  65  33  91  70  45  82  89  08  75  32  22.
2125;10/11/2020;2;5;9;15;19;25;31;35;41;45;47;49;50;52;55;59;66;67;83;94;0;;"R$0,00";5;"R$48.681,88";101;"R$1.506,25";730;"R$208,39";4598;"R$33,08";22282;"R$6,82";0;"R$0,00";"R$1.679.962,18";"R$5.013.375,00";"R$2.400.000,00";ORDEM DE SORTEIO:  49  94  45  83  41  15  02  25  05  09  31  19  59  47  50  55  66  67  52  35.
2126;13/11/2020;2;4;9;24;26;44;46;52;54;55;56;62;63;65;68;84;90;91;97;98;0;;"R$0,00";3;"R$92.710,81";65;"R$2.674,35";703;"R$247,27";4544;"R$38,25";19261;"R$9,02";0;"R$0,00";"R$2.601.275,89";"R$5.728.547,50";"R$3.300.000,00";ORDEM DE SORTEIO: 63  62  97  54  52  09  68  90  04  24  26  55  84  44  91  65  98  46  56  02
2127;17/11/2020;0;1;2;11;12;29;33;37;40;48;49;50;52;53;61;70;72;75;82;96;0;;"R$0,00";2;"R$131.817,59";73;"R$2.257,15";663;"R$248,52";4067;"R$40,51";17508;"R$9,41";0;"R$0,00";"R$3.474.567,43";"R$5.429.955,00";"R$4.200.000,00";ORDEM DE SORTEIO: 72  01  37  48  50  75  40  52  53  82  49  96  11  61  12  02  33  29  70  00
2128;20/11/2020;3;6;8;20;22;25;28;35;36;43;44;50;54;61;66;70;73;86;96;97;0;;"R$0,00";5;"R$54.357,80";76;"R$2.235,10";611;"R$278,01";3844;"R$44,19";17363;"R$9,78";0;"R$0,00";"R$4.374.868,50";"R$5.597.895,00";"R$5.000.000,00";ORDEM DE SORTEIO: 66  61  73  35  36  54  25  28  22  20  86  03  08  43  96  44  50  70  06  97
2129;24/11/2020;3;5;16;28;30;35;36;41;49;51;53;57;58;68;69;70;72;79;93;96;0;;"R$0,00";5;"R$64.294,45";104;"R$1.931,93";824;"R$243,83";4829;"R$41,60";20901;"R$9,61";0;"R$0,00";"R$5.439.745,37";"R$6.621.195,00";"R$6.300.000,00";ORDEM DE SORTEIO: 16  41  96  05  53  79  58  28  72  36  93  51  57  69  30  49  70  03  68  35
2130;27/11/2020;0;4;16;29;30;32;40;48;50;57;66;70;80;84;85;86;92;93;94;99;1;"SAO PAULO/SP; SAO PAULO/SP";"R$6.462.616,45";6;"R$60.614,59";127;"R$1.789,80";1072;"R$212,03";5497;"R$41,35";27203;"R$8,35";1;"R$181.843,77";"R$0,00";"R$7.490.680,00";"R$500.000,00";ORDEM DE SORTEIO:  92  99  94  50  16  70  29  84  80  40  00  04  85  66  32  93  57  86  30  48.
2131;01/12/2020;2;14;16;20;22;32;33;36;42;45;54;59;60;74;75;76;80;86;87;88;0;;"R$0,00";5;"R$43.548,16";53;"R$2.567,70";502;"R$271,09";3379;"R$40,27";17832;"R$7,63";0;"R$0,00";"R$721.266,38";"R$4.484.692,50";"R$1.400.000,00";ORDEM DE SORTEIO: 74  87  32  14  20  02  59  16  42  22   54  75  36  86  80  76  88  33  60  45
2132;04/12/2020;3;4;9;13;19;28;30;31;36;58;62;71;73;74;78;89;90;95;97;98;0;SAO JOAO DE MERITI/RJ;"R$0,00";2;"R$131.436,46";77;"R$2.133,71";674;"R$243,76";3986;"R$41,21";16716;"R$9,82";1;"R$131.436,48";"R$1.460.596,44";"R$5.414.255,00";"R$2.100.000,00";ORDEM DE SORTEIO: 95  73  13  31  78  03  58  71  04  09   19  74  98  97  30  90  28  36  62  89
2133;08/12/2020;2;4;7;10;12;13;21;22;25;27;41;47;53;68;75;79;81;83;86;91;0;BRAGANEY/PR;"R$0,00";7;"R$35.543,25";77;"R$2.019,50";786;"R$197,83";4458;"R$34,88";18897;"R$8,22";1;"R$124.401,42";"R$2.160.354,26";"R$5.124.460,00";"R$2.800.000,00";ORDEM DE SORTEIO: 79  86  02  12  83  53  27  21  22  04  47  41  68  10  07  75  25  91  81  13
2134;11/12/2020;0;1;2;14;17;20;28;29;30;33;38;42;52;61;64;66;81;84;88;97;0;CANAL ELETRONICO;"R$0,00";6;"R$48.619,97";79;"R$2.307,91";719;"R$253,58";4552;"R$40,05";20001;"R$9,11";1;"R$145.859,94";"R$2.980.816,30";"R$6.008.400,00";"R$3.900.000,00";ORDEM DE SORTEIO:  33  38  20  01  42  61  17  52  66  64  84  81  29  28  97  88  00  02  14  30.
2135;15/12/2020;2;23;33;35;40;42;49;53;55;57;59;62;63;65;68;73;77;87;93;94;0;;"R$0,00";9;"R$31.775,38";143;"R$1.785,57";1231;"R$145,19";6553;"R$27,27";27166;"R$6,57";0;"R$0,00";"R$3.928.119,90";"R$5.890.147,50";"R$4.800.000,00";ORDEM DE SORTEIO: 68  94  57  63  55  42  65  53  33  59  77  35  40  23  02  62  49  87  73  93.
2136;18/12/2020;1;2;3;8;9;10;16;22;30;38;44;51;55;62;65;67;70;77;81;99;0;;"R$0,00";11;"R$28.575,61";131;"R$1.499,68";1143;"R$171,87";6479;"R$30,32";26595;"R$7,38";0;"R$0,00";"R$4.969.343,73";"R$6.474.125,00";"R$5.700.000,00";ORDEM DE SORTEIO: 55  77  99  44  03  08  30  51  10  16 65  09  81  02  22  67  62  38  70  01
2137;22/12/2020;7;8;13;29;31;32;34;48;63;64;66;70;72;76;78;79;82;84;86;99;0;;"R$0,00";5;"R$68.559,31";95;"R$2.255,24";907;"R$236,21";5668;"R$37,79";24440;"R$8,76";0;"R$0,00";"R$6.104.857,29";"R$7.060.400,00";"R$7.000.000,00";ORDEM DE SORTEIO: 66  48  78  76  72  63  82  84  34  07  86  29  31  13  70  32  99  64  08  79
2138;26/12/2020;6;7;8;18;19;25;28;29;30;39;50;51;54;57;74;76;82;92;94;98;0;IPATINGA/MG;"R$0,00";0;"R$0,00";71;"R$2.763,75";717;"R$273,67";4746;"R$41,34";20377;"R$9,62";1;"R$156.981,14";"R$6.987.876,07";"R$6.466.515,00";"R$7.700.000,00";ORDEM DE SORTEIO: 28  76  06  94  92  50  57  51  54  19  18  74  07  30  82  39  98  08  29  25.
2139;29/12/2020;2;7;17;18;21;22;25;29;31;33;42;45;47;52;61;64;65;73;93;97;0;;"R$0,00";14;"R$50.511,28";187;"R$1.877,36";2030;"R$121,05";8958;"R$27,43";33744;"R$7,28";0;"R$0,00";"R$8.290.336,84";"R$8.098.445,00";"R$9.500.000,00";ORDEM DE SORTEIO:  97  52  18  07  25  21  17  29  61  31  47  45  93  02  65  22  64  42  73  33.
2140;02/01/2021;5;11;16;17;21;23;24;30;33;39;40;47;48;50;52;78;85;86;89;98;1;"CANAL ELETRONICO; CANAL ELETRONICO";"R$9.402.869,66";6;"R$65.927,87";90;"R$2.746,99";887;"R$278,72";5339;"R$46,30";24295;"R$10,17";1;"R$197.783,63";"R$0,00";"R$8.147.290,00";"R$500.000,00";ORDEM DE SORTEIO: 98  50  47  78  30  85  16  48  21  40  05  24  11  52  23  89  86  33  17  39
2141;05/01/2021;5;13;16;18;25;31;40;45;47;49;52;54;55;64;65;67;71;77;92;95;1;SAO PAULO/SP;"R$620.456,32";4;"R$55.151,67";76;"R$1.814,20";755;"R$182,62";4295;"R$32,10";17635;"R$7,81";0;"R$0,00";"R$110.303,37";"R$4.543.720,00";"R$700.000,00";ORDEM DE SORTEIO: 47  67  52  49  18  25  55  40  64  05  77  95  71  13  45  54  92  16  65  31
2142;08/01/2021;5;7;28;32;33;34;35;40;41;45;55;59;64;72;73;79;80;81;87;88;0;;"R$0,00";3;"R$87.149,99";49;"R$3.334,83";523;"R$312,44";3354;"R$48,71";16179;"R$10,09";0;"R$0,00";"R$976.356,41";"R$5.384.947,50";"R$1.700.000,00";ORDEM DE SORTEIO: 07  87  59  80  81  45  05  79  88  73  40  34  41  35  64  33  32  28  55  72
2143;12/01/2021;2;13;16;29;32;41;48;50;52;58;63;66;70;80;82;83;85;92;96;99;0;;"R$0,00";6;"R$45.970,92";112;"R$1.539,21";871;"R$197,92";4816;"R$35,79";19661;"R$8,76";0;"R$0,00";"R$1.890.028,35";"R$5.681.032,50";"R$2.700.000,00";ORDEM DE SORTEIO: 96  52  63  80  70  66  29  83  41  32  48  58  85  99  16  13  82  50  02  92.
2144;15/01/2021;11;13;16;19;22;25;29;31;33;35;37;47;50;64;66;83;86;87;93;97;0;;"R$0,00";22;"R$14.081,36";209;"R$1.323,43";1612;"R$120,11";8740;"R$22,15";33299;"R$5,81";0;"R$0,00";"R$2.916.207,47";"R$6.380.580,00";"R$3.700.000,00";ORDEM DE SORTEIO: 13  16  64  29  31  33  47  50  19  83  93  97  22  25  66  35  86  87  11  37
2145;19/01/2021;8;12;16;18;22;23;28;29;30;32;34;35;52;66;68;70;73;75;82;98;0;;"R$0,00";7;"R$46.306,73";133;"R$1.523,25";1282;"R$158,02";8130;"R$24,91";35468;"R$5,71";0;"R$0,00";"R$3.989.944,79";"R$6.676.287,50";"R$4.800.000,00";ORDEM DE SORTEIO: 70  98  22  12  73  52  18  68  23  66  34  35  32  08  16  30  28  75  29  82
2146;22/01/2021;1;9;38;42;43;44;45;46;49;51;55;57;65;67;75;83;85;86;88;97;0;;"R$0,00";7;"R$51.819,04";138;"R$1.642,81";1396;"R$162,39";8464;"R$26,78";31732;"R$7,14";0;"R$0,00";"R$5.191.498,96";"R$7.471.027,50";"R$6.300.000,00";ORDEM DE SORTEIO: 88  86  01  51  43  67  46  44  49  97  83  55  85  57  38  45  65  42  09  75.
2147;26/01/2021;2;19;24;36;41;44;45;46;61;62;64;67;72;73;76;78;87;88;93;95;0;;"R$0,00";10;"R$37.802,13";115;"R$2.054,46";991;"R$238,40";6500;"R$36,34";26826;"R$8,80";0;"R$0,00";"R$6.443.694,40";"R$7.785.905,00";"R$7.500.000,00";ORDEM DE SORTEIO: 64  02  78  87  88  45  24  41  95  76  19  61  36  44  72  46  93  67  62  73.
2148;29/01/2021;0;1;3;23;24;26;32;41;43;44;46;49;58;59;69;71;80;83;84;95;1;"SANTA ROSA DO PIAUI/PI; SANTA ROSA DO PIAUI/PI; JOINVILLE/SC";"R$7.617.251,84";32;"R$13.039,53";455;"R$818,80";1591;"R$163,91";6881;"R$37,90";27730;"R$9,40";2;"R$104.316,23";"R$0,00";"R$8.594.185,00";"R$500.000,00";ORDEM DE SORTEIO:  71  32  43  41  83  26  46  24  59  44  69  58  23  03  01  49  80  00  95  84.
2149;02/02/2021;11;24;33;39;40;42;47;53;57;58;63;65;67;68;75;85;89;91;93;95;0;;"R$0,00";8;"R$30.339,82";98;"R$1.547,95";874;"R$173,56";5122;"R$29,61";24535;"R$6,18";0;"R$0,00";"R$804.005,40";"R$4.999.147,50";"R$1.500.000,00";ORDEM DE SORTEIO: 63 33 42 75 40 68 67 89 24 85 11 57 53 39 47 95 91 93 65 58.
2150;05/02/2021;1;2;13;15;16;19;30;45;46;54;56;59;61;65;72;75;81;82;83;86;0;;"R$0,00";10;"R$29.240,33";79;"R$2.313,32";712;"R$256,67";4470;"R$40,88";20141;"R$9,07";0;"R$0,00";"R$1.772.591,45";"R$6.022.477,50";"R$2.700.000,00";ORDEM DE SORTEIO:  46  01  83  59  19  13  54  15  81  16  45  72  82  86  65  61  02  30  75  56.
2151;09/02/2021;0;4;5;11;24;27;30;31;34;46;50;53;61;64;70;80;83;86;90;96;0;;"R$0,00";5;"R$62.576,32";109;"R$1.794,05";964;"R$202,85";5079;"R$38,50";21159;"R$9,24";0;"R$0,00";"R$2.809.011,73";"R$6.444.257,50";"R$3.800.000,00";ORDEM DE SORTEIO:  00  64  11  30  90  53  34  46  27  50  31  96  61  80  83  05  70  04  24  86.
2152;12/02/2021;2;6;9;27;32;37;45;50;54;62;66;71;73;74;76;82;84;88;90;98;0;LAURO DE FREITAS/BA;"R$0,00";4;"R$85.932,76";102;"R$2.106,20";922;"R$233,00";5483;"R$39,18";23197;"R$9,26";1;"R$171.865,54";"R$3.775.755,30";"R$7.079.647,50";"R$4.500.000,00";ORDEM DE SORTEIO:  09  84  74  76  54  98  71  82  90  02  06  66  50  45  32  88  62  73  27  37.
2153;17/02/2021;2;5;13;14;20;28;30;31;40;49;53;59;62;63;66;70;73;80;88;89;0;;"R$0,00";5;"R$59.370,89";73;"R$2.541,56";749;"R$247,70";4630;"R$40,07";20289;"R$9,14";0;"R$0,00";"R$4.759.085,69";"R$6.114.155,00";"R$5.500.000,00";ORDEM DE SORTEIO:  62  66  20  05  63  49  89  73  31  59  40  88  70  30  02  28  14  13  53  80.
2154;19/02/2021;0;7;8;11;12;20;21;34;42;59;60;65;66;73;77;83;84;86;95;99;0;;"R$0,00";7;"R$45.745,26";95;"R$2.106,69";731;"R$273,78";4510;"R$44,37";19822;"R$10,09";0;"R$0,00";"R$5.819.803,94";"R$6.595.337,50";"R$6.500.000,00";ORDEM DE SORTEIO: 99  65  07  60  21  73  83  20  84  12 08  00  59  66  42  11  95  77  34  86.
2155;23/02/2021;2;5;8;9;11;13;26;32;40;43;44;55;66;74;78;81;83;84;90;99;0;;"R$0,00";6;"R$60.584,64";104;"R$2.184,54";900;"R$252,43";5553;"R$40,91";25626;"R$8,86";0;"R$0,00";"R$7.023.923,72";"R$7.486.980,00";"R$8.000.000,00";ORDEM DE SORTEIO:  84  05  99  32  83  74  81  11  40  66  08  55  09  02  26  78  44  13  90  43.
2156;26/02/2021;2;9;14;33;34;36;39;49;50;52;53;54;62;66;74;75;85;92;93;99;0;;"R$0,00";8;"R$50.344,36";113;"R$2.227,63";1047;"R$240,42";6322;"R$39,81";27828;"R$9,04";0;"R$0,00";"R$8.358.049,23";"R$8.295.330,00";"R$9.500.000,00";ORDEM DE SORTEIO:  50 39 34 52 99 49 02 66 36 14 92 53 62 74 93 85 09 75 54 33.
2157;02/03/2021;0;4;8;10;17;19;20;21;30;34;41;48;60;62;72;79;88;91;95;96;1;CANAL ELETRONICO;"R$9.576.081,48";7;"R$61.868,31";127;"R$2.131,29";1384;"R$195,57";8415;"R$32,16";33960;"R$7,97";0;"R$0,00";"R$216.539,10";"R$8.919.882,50";"R$800.000,00";ORDEM DE SORTEIO: 96  72  21  17  62  88  48  34  08  19  91  30  20  04  95  60  79  41  00  10
2158;05/03/2021;0;4;5;6;7;9;21;22;26;27;38;44;45;61;68;73;83;91;96;99;0;;"R$0,00";3;"R$87.247,50";52;"R$3.145,94";766;"R$213,56";4115;"R$39,75";17738;"R$9,22";0;"R$0,00";"R$1.083.561,14";"R$5.390.972,50";"R$2.000.000,00";ORDEM DE SORTEIO: 73  22  99  96  26  68  38  44  45  00  06  61  07  21  05  04  91  09  83  27
2159;09/03/2021;0;1;11;12;16;18;22;28;29;30;31;34;40;42;52;56;72;76;83;89;0;;"R$0,00";3;"R$88.127,91";111;"R$1.488,65";921;"R$179,41";5046;"R$32,74";20894;"R$7,90";0;"R$0,00";"R$1.959.332,25";"R$5.445.372,50";"R$2.800.000,00";ORDEM DE SORTEIO:  31  11  34  52  18  76  56  16  40  42  83  29  89  30  22  00  72  28  12  01.
2160;12/03/2021;1;9;15;24;25;31;34;35;37;40;41;42;48;56;62;64;65;69;74;79;0;;"R$0,00";3;"R$98.055,98";77;"R$2.387,73";774;"R$237,53";4875;"R$37,71";21369;"R$8,60";0;"R$0,00";"R$2.933.763,61";"R$6.058.822,50";"R$3.800.000,00";ORDEM DE SORTEIO:  79  40  56  62  42  09  31  41  37  15  25  34  74  35  64  01  65  48  69  24.
2161;16/03/2021;20;21;31;40;42;43;44;46;47;51;53;54;62;63;64;68;76;77;84;86;3;"MACEIO/AL; MACEIO/AL; CAMPO GRANDE/MS; TAUBATE/SP; TAUBATE/SP";"R$1.247.816,76";9;"R$31.987,62";118;"R$1.524,84";1092;"R$164,77";6917;"R$26,01";23324;"R$7,71";2;"R$71.972,16";"R$0,00";"R$5.929.490,00";"R$500.000,00";ORDEM DE SORTEIO:  51  47  31  20  84  21  44  43  54  68  42  77  64  76  53  40  46  86  62  63.
2162;19/03/2021;7;11;21;32;34;35;36;37;45;49;51;58;65;67;70;75;86;87;93;98;0;;"R$0,00";1;"R$219.976,85";55;"R$2.499,74";502;"R$273,87";3262;"R$42,14";14791;"R$9,29";0;"R$0,00";"R$728.673,34";"R$4.530.747,50";"R$1.400.000,00";ORDEM DE SORTEIO: 35 65 07 70 75 45 98 34 87 32 86 36 11 21 58 67 37 49 51 93
2163;23/03/2021;0;2;17;20;23;28;34;45;46;49;50;52;57;62;72;81;86;94;95;99;0;;"R$0,00";4;"R$57.269,69";68;"R$2.105,51";573;"R$249,86";3393;"R$42,19";14792;"R$9,67";0;"R$0,00";"R$1.487.496,79";"R$4.718.215,00";"R$2.200.000,00";ORDEM DE SORTEIO: 57  72  00  20  17  23  34  94  49  28  95  46  02  81  45  99  50  52  86  62
2164;26/03/2021;2;6;7;12;15;19;21;24;28;47;48;55;60;71;78;84;86;89;91;93;0;;"R$0,00";3;"R$82.752,67";76;"R$2.041,60";624;"R$248,65";3870;"R$40,09";16527;"R$9,38";0;"R$0,00";"R$2.309.851,53";"R$5.113.240,00";"R$2.900.000,00";Ordem de Sorteio: 21  24  89  71  28  91  19  12  86  15  48  47  84  55  02  06  78  93  07  60
2165;30/03/2021;2;10;11;19;21;34;35;37;42;48;54;55;58;71;74;77;79;82;91;92;0;;"R$0,00";6;"R$40.914,53";87;"R$1.763,56";713;"R$215,18";4307;"R$35,62";19298;"R$7,95";0;"R$0,00";"R$3.123.027,79";"R$5.056.170,00";"R$3.700.000,00";ORDEM DE SORTEIO: 77  54  55  92  91  19  21  02  11  74  82  71  37  42  10  35  34  48  58  79
2166;03/04/2021;0;3;6;9;13;14;19;21;28;29;40;45;54;56;69;75;76;89;90;94;0;;"R$0,00";4;"R$64.719,85";64;"R$2.528,12";610;"R$265,24";3636;"R$44,49";16198;"R$9,98";0;"R$0,00";"R$3.980.565,78";"R$5.332.002,50";"R$4.700.000,00";ORDEM DE SORTEIO: 56  06  89  19  29  94  00  76  69  40  28  75  21  90  45  54  14  13  03  09
2167;06/04/2021;2;7;18;26;27;37;38;39;43;47;51;54;57;61;67;71;77;82;88;99;1;"SAO FRANCISCO DO SUL/SC; SAO FRANCISCO DO SUL/SC";"R$4.786.831,47";10;"R$28.667,22";89;"R$2.013,15";859;"R$208,57";5022;"R$35,67";20881;"R$8,58";1;"R$143.336,15";"R$0,00";"R$5.904.437,50";"R$500.000,00";ORDEM DE SORTEIO: 57 38 82 88 67 43 37 18 71 26 27 54 61 51 47 77 07 39 02 99.
2168;09/04/2021;4;7;9;11;26;32;34;37;49;59;66;68;73;76;79;83;88;92;96;99;0;BETIM/MG;"R$0,00";9;"R$26.227,27";109;"R$1.353,48";935;"R$157,78";4874;"R$30,26";19101;"R$7,72";1;"R$118.022,71";"R$663.877,63";"R$4.861.702,50";"R$1.300.000,00";ORDEM DE SORTEIO: 49 88 76 09 32 37 83 92 59 26 68 07 11 04 66 73 34 99 79 96.
2169;13/04/2021;5;7;8;22;28;35;45;51;53;58;61;66;68;70;75;80;81;87;98;99;0;;"R$0,00";8;"R$30.239,31";66;"R$2.290,86";652;"R$231,89";3836;"R$39,41";15946;"R$9,48";0;"R$0,00";"R$1.465.219,31";"R$4.982.585,00";"R$2.200.000,00";ORDEM DE SORTEIO: 28 07 53 68 05 61 81 70 45 66 87 58 80 98 75 35 99 51 08 22.
2170;16/04/2021;8;11;13;31;38;48;50;51;57;60;63;74;76;79;83;85;91;92;93;97;0;;"R$0,00";5;"R$54.504,79";66;"R$2.580,72";679;"R$250,85";4374;"R$38,94";18832;"R$9,04";0;"R$0,00";"R$2.367.954,92";"R$5.613.032,50";"R$3.200.000,00";ORDEM DE SORTEIO: 74 79 63 91 13 85 83 93 76 48 50 57 60 31 08 97 51 92 11 38.
2171;20/04/2021;3;12;14;17;19;20;23;27;35;37;47;51;64;67;72;76;81;83;94;99;0;;"R$0,00";5;"R$58.274,13";89;"R$2.046,15";876;"R$207,88";5453;"R$33,39";23195;"R$7,85";0;"R$0,00";"R$3.333.120,12";"R$6.001.207,50";"R$4.000.000,00";ORDEM DE SORTEIO: 99  37  76  20  72  81  23  51  94  17 03  27  64  35  14  67  19  47  12  83
2172;23/04/2021;2;3;4;8;9;13;16;20;25;29;30;32;38;49;51;53;54;55;69;82;0;;"R$0,00";9;"R$34.287,37";198;"R$1.391,53";1409;"R$136,88";7176;"R$26,87";27067;"R$7,12";0;"R$0,00";"R$4.355.312,32";"R$6.355.790,00";"R$5.200.000,00";ORDEM DE SORTEIO: 29  30  09  54  25  69  55  04  49  82  38  53  16  03  32  51  08  13  02  20
2173;27/04/2021;0;4;17;23;24;27;36;44;45;49;53;64;65;66;67;77;80;82;97;98;0;;"R$0,00";10;"R$33.994,45";98;"R$2.168,02";964;"R$220,39";5906;"R$35,97";27401;"R$7,75";0;"R$0,00";"R$5.481.378,40";"R$7.001.657,50";"R$6.500.000,00";ORDEM DE SORTEIO: 04 45 82 80 23 44 36 66 64 97 27 77 98 00 67 49 24 65 17 53.
2174;30/04/2021;10;28;32;36;43;44;45;46;54;59;64;66;71;73;74;80;82;86;94;95;0;;"R$0,00";8;"R$46.374,99";127;"R$1.825,79";1129;"R$205,38";7148;"R$32,43";30355;"R$7,63";0;"R$0,00";"R$6.710.315,62";"R$7.641.290,00";"R$7.700.000,00";ORDEM DE SORTEIO: 74 95 59 86 43 45 64 94 54 66 32 10 46 28 36 73 80 71 44 82.
2175;04/05/2021;1;5;6;19;20;22;26;28;31;37;40;46;54;55;57;59;66;75;87;92;0;CAPAO BONITO/SP;"R$0,00";8;"R$46.005,90";126;"R$1.825,63";1173;"R$196,10";6714;"R$34,26";28547;"R$8,05";1;"R$184.023,63";"R$7.745.448,43";"R$7.580.475,00";"R$9.000.000,00";ORDEM DE SORTEIO:   19  37  54  46  01  57  66  05  40  92  22  87  28  31  55  20  06  59  75  26.
2176;07/05/2021;10;14;20;23;25;29;38;40;42;43;57;60;63;65;66;68;75;89;93;96;1;"BELO HORIZONTE/MG; BELO HORIZONTE/MG";"R$9.163.623,63";14;"R$36.017,15";179;"R$1.760,62";1298;"R$242,79";8068;"R$39,06";34226;"R$9,20";1;"R$252.120,06";"R$0,00";"R$10.385.567,50";"R$500.000,00";ORDEM DE SORTEIO:  20  75  93  38  57  29  68  65  43  63  40  96  10  66  60  14  23  42  25  89.
2177;11/05/2021;6;7;8;24;29;31;34;36;43;50;51;52;57;65;68;87;88;91;96;97;0;;"R$0,00";5;"R$47.385,47";53;"R$2.793,96";467;"R$317,08";2933;"R$50,48";13543;"R$10,93";0;"R$0,00";"R$784.821,80";"R$4.879.867,50";"R$1.600.000,00";ORDEM DE SORTEIO: 36  51  43  31  34  50  65  87  97  29  52  91  88  24  96  68  08  57  07  06
2178;14/05/2021;2;15;20;23;30;34;39;40;54;56;62;75;81;83;86;87;89;90;91;95;0;;"R$0,00";5;"R$54.186,92";74;"R$2.288,30";628;"R$269,64";3962;"R$42,73";17236;"R$9,82";0;"R$0,00";"R$1.682.292,70";"R$5.580.297,50";"R$2.400.000,00";ORDEM DE SORTEIO: 02  20  90  15  91  56  54  87  95  62  81  40  34  75  83  23  89  39  86  30
2179;18/05/2021;1;3;6;13;18;20;22;23;29;35;39;40;45;59;65;80;82;85;95;98;0;;"R$0,00";6;"R$45.100,56";96;"R$1.761,74";716;"R$236,21";4172;"R$40,53";19574;"R$8,64";0;"R$0,00";"R$2.578.666,35";"R$5.573.475,00";"R$3.300.000,00";ORDEM DE SORTEIO: 85  18  45  22  03  29  40  95  23  82  39  35  06  59  65  80  13  01  98  20
2180;21/05/2021;7;8;13;15;30;34;39;44;46;53;54;56;63;74;76;85;87;89;91;95;0;CANDIDO MOTA/SP;"R$0,00";7;"R$43.007,76";127;"R$1.481,57";1135;"R$165,77";5978;"R$31,47";24227;"R$7,76";1;"R$150.527,18";"R$3.425.381,62";"R$6.200.657,50";"R$4.300.000,00";ORDEM DE SORTEIO: 89  56  74  53  87  76  34  54  46  39  85  15  30  08  91  95  63  13  07  44
2181;25/05/2021;1;2;7;15;19;20;21;30;37;39;46;47;49;57;60;67;73;81;84;88;0;;"R$0,00";5;"R$62.179,11";73;"R$2.661,78";735;"R$264,36";4572;"R$42,49";20530;"R$9,46";0;"R$0,00";"R$4.455.223,20";"R$6.403.352,50";"R$5.300.000,00";ORDEM DE SORTEIO: 02  57  21  19  81  20  73  49  67  47  37  88  15  39  46  30  84  07  01  60
2182;28/05/2021;0;15;17;18;36;38;42;45;48;52;56;60;66;67;71;75;76;85;89;92;2;"RIBEIRAO DAS NEVES/MG; RIBEIRAO DAS NEVES/MG; VISCONDE DO RIO BRANCO/MG";"R$2.701.322,29";5;"R$67.372,19";98;"R$2.148,35";887;"R$237,35";5280;"R$39,87";23391;"R$9,00";1;"R$168.430,49";"R$0,00";"R$6.938.147,50";"R$500.000,00";ORDEM DE SORTEIO: 36 15 92 75 56 66 76 17 00 45 18 60 38 67 52 85 89 71 42 48
2183;01/06/2021;2;3;5;8;13;15;18;29;40;52;56;65;68;77;78;80;81;86;89;98;0;;"R$0,00";5;"R$45.359,32";154;"R$1.314,91";1409;"R$100,60";4814;"R$29,44";17822;"R$7,95";0;"R$0,00";"R$751.263,72";"R$4.671.210,00";"R$1.200.000,00";ORDEM DE SORTEIO: 13 08 80 18 29 03 05 65 89 98 40 15 81 52 77 86 68 56 78 02.
2184;04/06/2021;3;7;10;14;17;24;30;32;45;48;55;58;60;62;83;87;92;94;97;99;0;;"R$0,00";6;"R$41.499,09";77;"R$2.021,06";650;"R$239,41";3882;"R$40,08";16190;"R$9,61";0;"R$0,00";"R$1.576.058,22";"R$5.128.410,00";"R$2.100.000,00";ORDEM DE SORTEIO: 14  58  30  32  48  97  17  87  92  55 07  99  03  83  24  94  45  10  62  60.
2185;08/06/2021;3;4;11;13;21;23;27;30;35;37;51;56;63;65;67;76;81;84;93;94;1;ALECRIM/RS;"R$2.353.232,77";13;"R$21.256,06";92;"R$1.877,24";762;"R$226,64";4795;"R$36,01";20053;"R$8,61";0;"R$0,00";"R$138.164,39";"R$5.691.397,50";"R$600.000,00";ORDEM DE SORTEIO:  65  03  23  76  35  04  94  93  37  21  63  30  11  81  56  27  51  13  84  67.
2186;11/06/2021;7;8;9;13;17;23;26;37;39;40;42;43;45;53;55;58;72;77;82;87;1;"JOINVILLE/SC; JOINVILLE/SC";"R$813.272,44";5;"R$48.007,68";94;"R$1.596,00";830;"R$180,75";4941;"R$30,36";20574;"R$7,29";1;"R$120.019,23";"R$0,00";"R$4.943.945,00";"R$500.000,00";ORDEM DE SORTEIO:  09  43  40  45  17  55  53  58  42  82  39  07  72  23  87  37  26  13  77  08.
2187;15/06/2021;0;3;7;12;20;25;31;35;40;42;44;49;69;74;77;87;92;95;98;99;0;;"R$0,00";3;"R$71.905,07";91;"R$1.481,56";607;"R$222,11";3568;"R$37,78";15659;"R$8,60";0;"R$0,00";"R$714.556,63";"R$4.442.972,50";"R$1.400.000,00";ORDEM DE SORTEIO:  99  03  87  40  92  42  74  98  49  12  00  95  35  77  20  69  25  07  31  44.
2188;18/06/2021;4;11;14;20;24;26;29;30;36;43;46;62;63;65;67;68;71;79;82;91;0;;"R$0,00";9;"R$28.609,21";68;"R$2.366,57";587;"R$274,15";3692;"R$43,58";16681;"R$9,64";0;"R$0,00";"R$1.567.468,79";"R$5.303.240,00";"R$2.300.000,00";ORDEM DE SORTEIO: 46  36  24  14  30  63  29  26  82  91  11  71  62  43  68  79  67  04  20  65
2189;22/06/2021;7;16;33;34;38;43;44;54;55;59;67;74;78;79;81;91;95;96;97;98;0;;"R$0,00";2;"R$124.015,71";68;"R$2.279,70";564;"R$274,85";3614;"R$42,89";16714;"R$9,27";0;"R$0,00";"R$2.389.072,85";"R$5.108.572,50";"R$3.000.000,00";ORDEM DE SORTEIO:  91  97  74  43  33  07  79  55  54  38  34  78  44  81  16  98  59  67  96  95.
2190;25/06/2021;9;20;25;34;35;37;40;42;47;51;59;62;63;65;68;80;81;82;91;98;0;;"R$0,00";4;"R$67.057,62";80;"R$2.095,55";782;"R$214,37";4991;"R$33,58";22256;"R$7,53";0;"R$0,00";"R$3.277.586,40";"R$5.524.602,50";"R$4.000.000,00";ORDEM DE SORTEIO:  20  59  09  47  81  37  65  82  35  25  51  98  34  40  80  42  68  91  62  63.
2191;29/06/2021;4;12;24;25;29;30;34;40;56;60;67;69;72;74;83;88;94;97;98;99;1;MONTENEGRO/RS;"R$4.063.182,48";8;"R$34.915,38";85;"R$2.053,85";648;"R$269,40";4217;"R$41,39";19189;"R$9,09";0;"R$0,00";"R$139.661,56";"R$5.753.070,00";"R$700.000,00";ORDEM DE SORTEIO: 12  30  69  72  83  60  56  34  67  98  94  25  40  99  24  88  04  74  29  97
2192;02/07/2021;3;5;8;11;28;30;37;38;40;42;46;51;61;63;65;75;86;90;92;94;0;;"R$0,00";6;"R$39.419,41";65;"R$2.274,20";518;"R$285,37";3374;"R$43,81";14550;"R$10,15";0;"R$0,00";"R$923.122,34";"R$4.871.405,00";"R$1.600.000,00";ORDEM DE SORTEIO: 75  38  65  90  37  30  63  92  28  05  61  51  86  03  46  08  94  42  40  11
2193;06/07/2021;2;4;7;12;17;19;33;40;43;44;46;48;52;63;67;71;72;85;95;96;0;;"R$0,00";5;"R$52.173,78";51;"R$3.196,93";577;"R$282,57";3927;"R$41,51";17487;"R$9,32";0;"R$0,00";"R$1.787.250,67";"R$5.372.980,00";"R$2.500.000,00";ORDEM DE SORTEIO: 17  07  96  72  33  19  40  48  44  43  95  52  04  71  02  85  63  12  67  46
2194;09/07/2021;7;10;14;24;28;32;33;36;40;53;56;60;68;73;79;80;81;93;95;98;0;GOIANIA/GO;"R$0,00";7;"R$39.899,62";91;"R$1.918,25";758;"R$230,29";4921;"R$35,47";18249;"R$9,56";1;"R$139.648,69";"R$2.572.774,39";"R$5.752.540,00";"R$3.400.000,00";ORDEM DE SORTEIO:  68  95  32  40  28  07  36  33  93  10  80  53  14  98  81  24  56  79  73  60.
2195;13/07/2021;6;18;19;23;31;40;51;53;54;64;69;74;79;84;88;92;95;96;97;99;0;;"R$0,00";4;"R$74.394,90";62;"R$2.999,80";630;"R$295,21";3885;"R$47,87";18007;"R$10,32";0;"R$0,00";"R$3.558.506,75";"R$6.129.090,00";"R$4.400.000,00";ORDEM DE SORTEIO: 97  54  79  06  18  96  40  19  51  64  53  92  95  31  84  23  69  74  88  99
2196;16/07/2021;9;13;16;22;23;31;37;38;42;51;57;60;62;63;67;70;85;90;92;93;1;"SANTA ROSA DE VITERBO/SP; SANTA ROSA DE VITERBO/SP";"R$4.478.544,24";6;"R$54.520,74";79;"R$2.588,01";671;"R$304,69";4316;"R$47,37";19503;"R$10,48";1;"R$163.562,25";"R$0,00";"R$6.737.610,00";"R$500.000,00";ORDEM DE SORTEIO: 70  51  85  67  23  22  63  09  62  92  37  13  38  93  16  31  90  60  42  57
2197;20/07/2021;1;2;5;6;17;20;22;26;28;31;33;42;46;57;58;81;83;92;98;99;0;;"R$0,00";4;"R$54.000,59";91;"R$1.483,54";716;"R$188,54";4035;"R$33,45";16403;"R$8,23";0;"R$0,00";"R$715.507,92";"R$4.448.887,50";"R$1.300.000,00";ORDEM DE SORTEIO: 17  92  57  33  26  05  99  46  81  06  28  98  20  02  58  22  31  83  42  01
2198;23/07/2021;7;16;17;22;24;26;31;35;38;41;46;48;55;57;62;71;77;90;97;98;0;;"R$0,00";1;"R$247.165,73";86;"R$1.796,26";741;"R$208,47";4821;"R$32,04";22421;"R$6,88";0;"R$0,00";"R$1.534.244,41";"R$5.090.742,50";"R$2.200.000,00";ORDEM DE SORTEIO: 46  17  57  22  07  35  31  16  24  98  62  26  97  77  41  48  38  90  55  71
2199;27/07/2021;10;16;24;28;30;31;32;41;43;46;52;58;62;71;78;80;83;87;88;94;0;;"R$0,00";9;"R$28.512,34";65;"R$2.467,41";628;"R$255,38";3949;"R$40,61";17324;"R$9,25";0;"R$0,00";"R$2.384.268,49";"R$5.285.282,50";"R$3.200.000,00";ORDEM DE SORTEIO:  46  71  43  31  88  87  30  58  10  78  80  83  32  24  52  16  28  62  41  94.
2200;30/07/2021;14;17;20;22;30;32;34;60;64;66;71;75;76;77;87;90;91;93;94;97;0;;"R$0,00";4;"R$75.501,00";77;"R$2.451,33";737;"R$256,10";4523;"R$41,73";19896;"R$9,48";0;"R$0,00";"R$3.384.656,76";"R$6.220.217,50";"R$4.000.000,00";ORDEM DE SORTEIO: 17  22  71  93  64  77  60  32  90  91 94  97  14  34  20  87  75  76  66  30.
2201;03/08/2021;6;17;19;24;27;30;35;38;42;46;48;49;61;68;74;75;79;80;92;97;1;"CAMPO GRANDE/MS; CAMPO GRANDE/MS";"R$4.271.277,12";3;"R$105.080,93";82;"R$2.402,77";789;"R$249,71";4828;"R$40,80";21487;"R$9,16";1;"R$157.621,43";"R$0,00";"R$6.492.890,00";"R$600.000,00";ORDEM DE SORTEIO: 30  92  06  17  80  48  42  68  74  19  35  46  61  27  49  97  79  24  38  75.
2202;06/08/2021;1;4;14;15;19;21;28;32;33;35;47;53;65;68;74;75;79;81;84;93;0;;"R$0,00";4;"R$59.915,69";63;"R$2.377,61";679;"R$220,60";3935;"R$38,06";17463;"R$8,57";0;"R$0,00";"R$793.882,87";"R$4.936.207,50";"R$1.500.000,00";ORDEM DE SORTEIO:  35  47  68  75  01  19  79  84  14  28  81  21  65  33  53  74  15  93  04  32
2203;10/08/2021;1;4;14;16;20;26;34;50;51;52;54;62;72;76;77;84;94;97;98;99;0;;"R$0,00";0;"R$0,00";53;"R$2.804,42";628;"R$236,67";3520;"R$42,22";18186;"R$8,17";0;"R$0,00";"R$1.581.644,60";"R$4.898.147,50";"R$2.300.000,00";"ORDEM DE SORTEIO: 72  50  98  14  62  54  52  84  77  34  16  94  01  97  20  26  99  51  76  04.ACUMULADO PRÓXIMO SORTEIO 19 ACERTOS: R$ 237.814,86."
2204;13/08/2021;1;4;13;27;35;36;38;46;54;55;56;59;60;63;69;74;78;81;82;99;0;VITORIA/ES;"R$0,00";5;"R$102.760,70";74;"R$2.330,98";578;"R$298,43";4016;"R$42,95";17823;"R$9,67";1;"R$137.994,34";"R$2.357.862,60";"R$5.684.392,50";"R$3.200.000,00";ORDEM DE SORTEIO:  04  01  54  69  99  55  38  27  13  63  46  78  56  81  36  60  74  59  82  35.
2205;17/08/2021;12;19;22;25;30;35;38;40;51;52;54;55;61;62;67;69;71;78;83;94;0;;"R$0,00";5;"R$54.953,63";66;"R$2.601,97";651;"R$263,79";4245;"R$40,45";18350;"R$9,35";0;"R$0,00";"R$3.268.032,11";"R$5.659.255,00";"R$4.000.000,00";ORDEM DE SORTEIO: 94  55  51  40  62  30  38  22  78  69  61  12  54  67  52  71  19  35  25  83
2206;20/08/2021;1;6;21;27;31;35;40;42;45;50;53;54;62;66;67;82;91;92;94;95;2;"CANAL ELETRONICO; ILHEUS/BA; ILHEUS/BA";"R$2.064.001,27";3;"R$101.922,42";72;"R$2.654,23";655;"R$291,76";4235;"R$45,12";18791;"R$10,17";1;"R$152.883,65";"R$0,00";"R$6.297.727,50";"R$600.000,00";ORDEM DE SORTEIO:  62  31  82  40  95  92  66  21  01  50  45  54  06  35  67  91  94  53  42  27.
2207;24/08/2021;9;12;22;31;34;43;46;48;49;50;62;65;66;69;70;74;85;90;97;99;0;;"R$0,00";5;"R$40.583,13";56;"R$2.264,69";490;"R$258,82";2947;"R$43,03";13640;"R$9,29";0;"R$0,00";"R$672.158,22";"R$4.179.347,50";"R$1.300.000,00";ORDEM DE SORTEIO: 70  49  66  46  48  43  09  99  12  34 31  69  85  62  22  90  74  97  50  65.
2208;27/08/2021;3;9;11;14;17;18;20;22;24;29;35;50;56;57;62;73;76;82;86;99;0;;"R$0,00";7;"R$32.562,81";87;"R$1.637,50";723;"R$197,04";4127;"R$34,51";17341;"R$8,21";0;"R$0,00";"R$1.427.208,23";"R$4.694.752,50";"R$2.100.000,00";ORDEM DE SORTEIO: 14  09  17  86  18  82  62  22  11  50 56  20  76  24  29  57  73  03  99  35.
2209;31/08/2021;4;8;17;19;24;26;36;38;49;55;56;66;69;70;75;77;80;84;95;96;0;;"R$0,00";5;"R$51.619,61";83;"R$1.943,51";759;"R$212,53";4436;"R$36,36";18920;"R$8,52";0;"R$0,00";"R$2.282.158,09";"R$5.315.910,00";"R$3.100.000,00";ORDEM DE SORTEIO:  04  38  66  84  75  69  55  77  96  56  36  24  80  26  19  08  49  95  70  17
2210;03/09/2021;1;18;23;33;34;44;48;54;61;63;64;72;73;78;79;87;88;90;97;99;1;TERRA BOA/PR;"R$3.190.534,32";10;"R$32.297,82";138;"R$1.462,77";1124;"R$179,59";5854;"R$34,48";24010;"R$8,40";0;"R$0,00";"R$161.489,14";"R$6.652.212,50";"R$700.000,00";ORDEM DE SORTEIO: 78  54  01  48  33  90  88  61  18  64  73  34  44  79  99  87  97  63  23  72
2211;08/09/2021;0;8;20;22;25;26;28;41;46;47;54;57;64;72;81;85;86;90;92;98;0;;"R$0,00";3;"R$64.172,92";43;"R$2.798,24";367;"R$327,85";2558;"R$47,03";11693;"R$10,29";0;"R$0,00";"R$799.207,53";"R$3.965.207,50";"R$1.400.000,00";ORDEM DE SORTEIO:  41  08  20  54  47  85  64  22  92  98  72  25  90  00  81  86  46  28  57  26.
2212;10/09/2021;4;5;23;30;48;58;60;61;62;63;64;76;82;83;84;85;86;89;92;98;0;;"R$0,00";5;"R$42.321,44";63;"R$2.099,28";601;"R$220,05";3407;"R$38,81";24056;"R$5,49";0;"R$0,00";"R$1.500.156,45";"R$4.358.362,50";"R$2.200.000,00";ORDEM DE SORTEIO:  76  30  61  86  98  64  23  82  04  48  83  85  84  89  92  58  60  05  63  62.
2213;14/09/2021;5;8;19;29;31;33;43;44;47;50;53;60;64;68;75;76;83;85;87;95;0;;"R$0,00";3;"R$83.453,44";59;"R$2.652,12";663;"R$236,01";3710;"R$42,17";16646;"R$9,40";0;"R$0,00";"R$2.329.475,07";"R$5.156.540,00";"R$3.000.000,00";ORDEM DE SORTEIO: 53  68  64  29  75  50  08  87  76  47 19  95  44  33  60  05  83  43  31  85.
2214;17/09/2021;7;17;19;21;24;26;31;38;43;46;47;51;53;65;67;70;76;78;86;90;0;;"R$0,00";6;"R$47.757,39";91;"R$1.968,03";836;"R$214,22";5006;"R$35,77";21081;"R$8,49";0;"R$0,00";"R$3.278.653,13";"R$5.901.802,50";"R$4.300.000,00";ORDEM DE SORTEIO78  65  19  43  76  51  38  70  90  21 53  07  67  47  24  17  31  86  46  26
2215;21/09/2021;0;1;6;11;19;20;22;26;31;32;35;42;44;45;53;63;68;83;87;92;0;;"R$0,00";6;"R$54.872,12";128;"R$1.607,58";1027;"R$200,36";6241;"R$32,97";26630;"R$7,72";0;"R$0,00";"R$4.369.236,42";"R$6.781.032,50";"R$5.500.000,00";ORDEM DE SORTEIO:68  11  32  31  35  26  44  06  63  87 92  19  83  42  20  01  53  22  00  45
2216;24/09/2021;13;14;23;24;28;30;42;47;49;55;61;62;67;69;73;75;76;79;81;90;0;;"R$0,00";11;"R$34.603,28";112;"R$2.124,08";1062;"R$224,00";6327;"R$37,60";26753;"R$8,89";0;"R$0,00";"R$5.630.093,28";"R$7.839.760,00";"R$6.700.000,00";Ordem sorteio  55  13  81  76  42  23  61  90  69  79                         14  24  30  49  28  75  62  67  73  47
2217;28/09/2021;3;5;8;9;13;15;23;26;38;44;48;55;59;67;70;73;84;85;86;90;0;;"R$0,00";13;"R$29.558,53";115;"R$2.088,38";1019;"R$235,68";6352;"R$37,80";27819;"R$8,63";0;"R$0,00";"R$6.902.957,60";"R$7.914.420,00";"R$8.000.000,00";Ordem de sorteio: 84  90  85  23  55  73  26  03  67  70 59  09  08  05  38  86  44  15  48  13.
2218;01/10/2021;12;13;15;22;24;27;33;34;38;39;42;45;57;60;70;71;72;84;86;87;0;;"R$0,00";3;"R$146.129,46";152;"R$1.802,58";1229;"R$222,93";7597;"R$36,06";31129;"R$8,80";0;"R$0,00";"R$8.355.119,15";"R$9.029.255,00";"R$9.600.000,00";ORDEM DE SORTEIO: 24  15  57  45  42  87  60  27  12  84  13  72  33  86  39  70  71  34  22  38
2219;04/10/2021;4;6;10;13;14;18;22;24;28;47;53;60;62;67;72;85;89;91;93;95;1;SAO PAULO/SP;"R$9.175.054,10";7;"R$41.647,49";87;"R$2.094,34";823;"R$221,39";4827;"R$37,74";20569;"R$8,85";0;"R$0,00";"R$145.766,24";"R$6.004.540,00";"R$600.000,00";ORDEM DE SORTEIO:  72  10  85  89  14  91  47  95  93  22  06  04  24  13  67  53  60  62  28  18.
2220;06/10/2021;8;9;19;22;27;29;30;36;51;56;65;76;79;82;84;88;92;93;95;96;0;;"R$0,00";4;"R$59.167,96";59;"R$2.507,12";568;"R$260,42";3408;"R$43,40";14897;"R$9,92";0;"R$0,00";"R$929.741,67";"R$4.874.605,00";"R$1.500.000,00";ORDEM DE SORTEIO: 27  79  65  22  29  19  76  51  96  88  08  93  82  09  92  56  30  84  95  36
2221;08/10/2021;14;26;31;36;41;42;44;45;47;49;58;60;62;72;80;82;83;86;95;97;1;"CANAL ELETRONICO; CANAL ELETRONICO";"R$1.590.796,07";6;"R$39.173,59";90;"R$1.632,24";694;"R$211,67";3908;"R$37,58";17149;"R$8,56";1;"R$117.520,82";"R$0,00";"R$4.841.027,50";"R$400.000,00";ORDEM DE SORTEIO: 14  49  31  86  47  72  83  42  97  26 44  62  60  36  41  82  58  80  45  95.
2222;11/10/2021;4;6;8;15;26;27;37;41;49;51;60;63;67;70;73;83;86;87;92;97;0;;"R$0,00";2;"R$82.925,78";36;"R$2.879,37";401;"R$258,49";2688;"R$38,56";11540;"R$8,98";0;"R$0,00";"R$549.383,35";"R$3.415.957,50";"R$950.000,00";Ordem de sorteio: 87  73  15  51  49  86  63  97  70  04 92  06  60  67  08  37  26  41  83  27.
2223;13/10/2021;0;3;12;20;31;33;37;46;47;48;53;61;62;64;74;75;78;89;90;92;0;;"R$0,00";3;"R$49.924,45";27;"R$3.466,98";311;"R$300,99";2302;"R$40,66";10265;"R$9,11";0;"R$0,00";"R$1.045.507,52";"R$3.084.802,50";"R$1.500.000,00";Ordem de sorteio: 74  37  47  90  92  00  78  33  89  53 12  75  03  31  62  61  20  64  48  46.
2224;15/10/2021;1;14;15;28;32;37;45;49;55;63;65;68;71;76;82;87;90;92;97;98;0;;"R$0,00";4;"R$55.535,41";65;"R$2.135,98";559;"R$248,36";3302;"R$42,04";14860;"R$9,34";0;"R$0,00";"R$1.781.351,79";"R$4.575.335,00";"R$2.300.000,00";Ordem de sorteio: 15  01  71  98  68  49  28  87  37  97 82  76  45  65  55  90  32  14  92  63.
2225;18/10/2021;2;4;6;8;20;24;31;33;35;38;44;46;59;64;67;75;81;84;93;97;1;MARATAIZES/ES;"R$2.290.067,88";10;"R$18.087,68";156;"R$1.035,23";998;"R$113,27";6301;"R$17,94";16939;"R$6,67";0;"R$0,00";"R$90.438,44";"R$3.725.425,00";"R$600.000,00";ORDEM DE SORTEIO: 24  06  08  46  44  35  67  75  81  97 93  31  38  84  20  33  02  59  64  04.
2226;20/10/2021;9;10;14;18;23;28;41;46;53;56;61;62;66;67;74;77;82;83;87;91;1;ILOPOLIS/RS;"R$583.419,58";3;"R$58.427,39";46;"R$2.381,55";451;"R$242,90";2591;"R$42,28";11557;"R$9,47";0;"R$0,00";"R$87.641,12";"R$3.610.195,00";"R$600.000,00";Ordem sorteio     62  14  18  56  53  82  74  46  91  67                            77  61  87  83  10  66  41  28  09  23
2227;22/10/2021;2;4;6;12;25;31;33;36;39;46;49;51;57;62;64;80;85;86;94;95;0;;"R$0,00";5;"R$37.622,51";60;"R$1.959,51";423;"R$277,94";2906;"R$40,45";12269;"R$9,58";0;"R$0,00";"R$710.763,93";"R$3.874.455,00";"R$1.200.000,00";ORDEM DE SORTEIO:  31  86  85  25  62  12  80  04  06  94  64  57  95  49  33  51  02  36  39  46.
2228;25/10/2021;3;4;10;20;23;31;33;34;37;39;46;47;49;51;59;67;89;92;93;95;0;;"R$0,00";3;"R$56.230,50";72;"R$1.464,33";588;"R$179,30";3470;"R$30,38";13795;"R$7,64";0;"R$0,00";"R$1.269.554,53";"R$3.474.450,00";"R$1.800.000,00";Ordem sorteio          39  93  31  49  92  46  67  34  95  33                       04  59  51  37  20  10  03  89  23  47
2229;27/10/2021;5;7;23;25;29;32;34;39;42;53;54;68;69;70;76;78;81;85;86;89;0;;"R$0,00";4;"R$48.927,52";71;"R$1.722,80";570;"R$214,59";3315;"R$36,89";14081;"R$8,68";0;"R$0,00";"R$1.917.844,18";"R$4.030.937,50";"R$2.400.000,00";Ordem de sorteio: 32  29  68  85  78  81  39  86  23  25 54  05  69  42  53  07  89  76  34  70.
2230;29/10/2021;2;11;22;37;40;43;44;47;55;62;65;66;68;70;71;76;84;85;93;99;1;"CANAL ELETRONICO; CANAL ELETRONICO";"R$2.574.312,47";4;"R$58.352,74";79;"R$1.846,60";609;"R$239,54";3675;"R$39,69";15948;"R$9,14";1;"R$116.705,49";"R$0,00";"R$4.807.442,50";"R$500.000,00";Ordem sorteio          93  71  22  76  99  85  66  44  02  84                       11  47  43  68  37  55  70  40  65  62
2231;01/11/2021;6;9;12;15;19;25;26;31;33;36;37;41;44;46;52;54;61;68;71;90;0;;"R$0,00";5;"R$33.119,43";67;"R$1.544,75";495;"R$209,08";2799;"R$36,97";11861;"R$8,72";0;"R$0,00";"R$548.540,59";"R$3.410.717,50";"R$1.000.000,00";ORDEM DE SORTEIO:  19  90  71  09  12  36  25  06  31  46  52  41  54  37  15  61  44  26  68  33.
2232;03/11/2021;1;12;16;20;21;30;31;33;35;46;47;48;58;60;61;68;77;78;80;96;0;;"R$0,00";3;"R$49.888,03";32;"R$2.923,13";397;"R$235,61";2545;"R$36,75";10324;"R$9,06";0;"R$0,00";"R$1.044.302,89";"R$3.082.552,50";"R$1.500.000,00";ORDEM DE SORTEIO:  12  58  16  77  35  96  01  46  21  30  68  48  60  61  31  20  33  47  80  78.
2233;05/11/2021;1;5;6;9;15;17;25;37;41;50;60;68;70;74;75;79;87;93;96;97;0;;"R$0,00";3;"R$73.963,83";54;"R$2.568,19";467;"R$296,96";3144;"R$44,11";13919;"R$9,96";0;"R$0,00";"R$1.779.318,51";"R$4.570.182,50";"R$2.400.000,00";Ordem de sorteio: 50  09  25  87  93  41  15  05  17  01  97  75  60  70  06  68  37  74  96  79
2234;08/11/2021;2;17;26;28;30;38;48;53;54;61;63;65;66;72;74;75;77;79;81;90;0;;"R$0,00";8;"R$25.454,10";93;"R$1.368,50";680;"R$187,16";4133;"R$30,79";16026;"R$7,94";0;"R$0,00";"R$2.453.852,15";"R$4.194.117,50";"R$3.000.000,00";ORDEM DE SORTEIO:  02  90  30  17  26  75  77  28  54  74  61  48  72  38  66  81  65  53  63  79.
2235;10/11/2021;18;20;24;31;32;37;40;47;49;50;57;64;68;70;71;75;76;88;90;91;0;BOM JESUS DO ITABAPOANA/RJ;"R$0,00";7;"R$33.269,96";82;"R$1.775,08";733;"R$198,57";4035;"R$36,07";17477;"R$8,32";1;"R$116.444,90";"R$3.108.854,55";"R$4.796.707,50";"R$3.800.000,00";Ordem sorteio          64  20  37  31  57  18  88  50  68  70                                 91  75  76  47  40  90  32  24  71  49
2236;12/11/2021;1;2;5;8;9;14;20;22;24;39;40;53;59;61;62;79;82;83;94;96;0;LUCAS DO RIO VERDE/MT;"R$0,00";7;"R$37.147,12";58;"R$2.802,05";660;"R$246,24";4040;"R$40,22";18400;"R$8,83";1;"R$130.014,93";"R$3.840.188,43";"R$5.355.697,50";"R$4.600.000,00";Ordem sorteio          39  09  24  02  83  08  20  61  22  79                       59  40  62  14  05  96  82  53  01  94
2237;17/11/2021;2;6;13;22;24;27;29;40;41;45;47;51;69;76;77;78;79;80;83;93;0;;"R$0,00";2;"R$166.658,57";81;"R$2.571,90";779;"R$267,42";4725;"R$44,08";21675;"R$9,61";0;"R$0,00";"R$4.944.301,42";"R$6.865.157,50";"R$6.000.000,00";ORDEM DE SORTEIO:  02  45  29  77  76  78  69  51  13  93  47  40  79  22  06  24  41  83  80  27.
2238;19/11/2021;4;5;8;11;17;21;27;30;32;33;54;60;61;63;67;70;80;93;96;99;0;;"R$0,00";5;"R$62.652,52";79;"R$2.478,35";833;"R$235,04";5055;"R$38,73";21170;"R$9,24";0;"R$0,00";"R$5.981.983,80";"R$6.452.105,00";"R$6.700.000,00";Ordem de sorteio: 60  63  70  21  33  05  08  96  30  54 27  99  93  32  11  67  80  61  17  04
2239;22/11/2021;11;13;19;22;27;28;49;53;56;63;65;66;71;76;77;78;81;89;90;98;0;CANAL ELETRONICO;"R$0,00";4;"R$70.920,09";83;"R$2.136,15";690;"R$256,95";4282;"R$41,40";19058;"R$9,30";1;"R$141.840,19";"R$6.779.834,79";"R$5.842.815,00";"R$7.600.000,00";ORDEM DE SORTEIO:  65  27  56  53  90  19  71  77  49  63  89  11  78  98  28  81  76  66  13  22.
2240;24/11/2021;4;8;10;14;15;23;25;26;34;38;43;47;54;59;74;77;80;86;90;93;0;;"R$0,00";9;"R$35.471,42";109;"R$1.830,52";909;"R$219,50";5380;"R$37,08";23069;"R$8,64";0;"R$0,00";"R$7.837.326,43";"R$6.575.275,00";"R$9.000.000,00";ORDEM DE SORTEIO:  38  74  86  25  34  80  47  26  43  93  14  10  04  23  77  08  15  90  59  54.
2241;26/11/2021;2;4;17;23;36;38;45;46;55;57;59;61;71;74;75;82;86;87;89;90;0;;"R$0,00";10;"R$36.126,40";94;"R$2.402,02";874;"R$258,34";5745;"R$39,30";25268;"R$8,93";0;"R$0,00";"R$9.034.013,52";"R$7.440.765,00";"R$10.000.000,00";ORDEM DE SORTEIO:  45  75  55  89  36  57  90  02  17  86  82  46  04  87  59  23  71  38  74  61.
2242;29/11/2021;4;6;7;10;28;31;33;38;47;50;55;59;69;70;71;74;85;87;88;94;0;;"R$0,00";4;"R$84.503,54";109;"R$1.938,16";914;"R$231,13";6295;"R$33,55";22456;"R$9,40";0;"R$0,00";"R$10.153.685,47";"R$6.961.900,00";"R$11.000.000,00";Ordem sorteio          88  71  06  07  70  33  59  31  50  10                       47  55  94  87  28  04  38  85  69  74
2243;01/12/2021;4;6;9;17;20;21;24;26;27;33;34;35;36;59;61;64;69;74;86;89;0;;"R$0,00";9;"R$43.346,70";157;"R$1.553,02";1119;"R$217,89";6978;"R$34,94";29508;"R$8,26";0;"R$0,00";"R$11.445.958,97";"R$8.035.102,50";"R$12.500.000,00";Ordem sorteio          21  89  74  17  35  06  64  27  24  61                       20  36  04  69  86  33  26  59  34  09
2244;03/12/2021;3;10;14;18;19;26;29;37;41;42;45;51;71;76;77;80;90;92;97;98;1;SAO PAULO/SP;"R$12.751.132,20";9;"R$51.562,40";117;"R$2.478,96";1080;"R$268,55";6951;"R$41,72";30182;"R$9,60";0;"R$0,00";"R$0,00";"R$9.558.032,50";"R$700.000,00";Ordem sorteio          51  92  14  71  42  45  18  77  26  98                       90  97  03  10  80  37  29  76  41  19
2245;06/12/2021;7;11;12;14;17;27;39;40;55;56;59;62;64;68;78;80;82;83;90;99;0;;"R$0,00";1;"R$175.111,65";42;"R$2.605,83";334;"R$327,67";2203;"R$49,67";10294;"R$10,63";0;"R$0,00";"R$812.088,17";"R$3.606.682,50";"R$1.400.000,00";Ordem sorteio          12  07  68  27  14  55  59  64  80  11                         39  83  17  99  82  62  56  40  78  90
2246;08/12/2021;10;11;13;17;27;28;29;30;31;36;39;47;51;63;67;82;85;92;95;97;0;;"R$0,00";1;"R$189.534,27";57;"R$2.078,23";517;"R$229,12";3113;"R$38,05";13556;"R$8,73";0;"R$0,00";"R$1.439.920,42";"R$3.903.737,50";"R$1.900.000,00";ORDEM DE SORTEIO:  28  67  27  51  11  30  47  82  10  13 36  31  92  29  17  85  95  39  63  97.
2247;10/12/2021;5;7;10;11;14;18;20;25;35;41;42;46;47;54;59;62;69;77;85;94;0;;"R$0,00";4;"R$55.924,59";96;"R$1.456,37";669;"R$208,98";3923;"R$35,63";16925;"R$8,26";0;"R$0,00";"R$2.180.921,27";"R$4.607.397,50";"R$2.800.000,00";Ordem de sorteio: 46  47  25  18  94  69  20  85  11  54  42  05  41  77  14  35  62  10  07  59
2248;13/12/2021;0;12;13;19;22;25;32;44;45;47;53;67;71;75;76;83;84;93;94;99;0;;"R$0,00";2;"R$102.202,87";65;"R$1.965,44";544;"R$234,84";3439;"R$37,14";14862;"R$8,59";0;"R$0,00";"R$2.858.015,30";"R$4.210.037,50";"R$3.500.000,00";ORDEM DE SORTEIO:  76  12  93  00  32  13  53  99  67  71  19  84  75  47  94  44  83  45  25  22
2249;15/12/2021;5;10;12;15;18;28;30;32;34;35;42;44;46;47;51;52;70;87;89;95;0;;"R$0,00";4;"R$60.773,27";65;"R$2.337,44";685;"R$221,80";5062;"R$30,01";17236;"R$8,81";0;"R$0,00";"R$3.663.261,11";"R$5.006.860,00";"R$4.500.000,00";ORDEM DE SORTEIO:  18  42  12  44  32  28  30  52  87  34  47  10  46  05  89  35  51  70  15  95.
2250;17/12/2021;0;4;5;8;23;24;31;32;33;34;35;38;43;48;58;63;74;84;85;96;0;DUQUE DE CAXIAS/RJ;"R$0,00";9;"R$29.648,11";116;"R$1.437,68";926;"R$180,09";4970;"R$33,55";20379;"R$8,18";1;"R$133.416,48";"R$4.413.728,72";"R$5.495.817,50";"R$5.000.000,00";ORDEM DE SORTEIO:  85  48  32  08  58  38  04  43  31  34  00  05  74  23  35  84  96  33  63  24.
2251;20/12/2021;0;2;7;15;25;35;42;45;48;50;57;60;61;65;77;78;82;87;90;95;0;;"R$0,00";20;"R$13.051,60";104;"R$1.568,70";712;"R$229,13";3995;"R$40,83";16924;"R$9,63";0;"R$0,00";"R$5.278.397,44";"R$5.376.340,00";"R$6.100.000,00";Ordem sorteio          45  25  15  87  50  82  60  02  95  42                                 61  48  77  90  00  65  78  35  57  07
2252;22/12/2021;0;4;5;20;23;24;25;26;27;28;29;36;38;50;51;53;62;64;76;79;0;;"R$0,00";6;"R$51.198,51";89;"R$2.157,24";826;"R$232,43";5488;"R$34,98";22718;"R$8,45";0;"R$0,00";"R$6.295.967,82";"R$6.327.052,50";"R$7.200.000,00";ORDEM DE SORTEIO: 26  00  79  23  28  04  76  29  27  51 38  05  25  50  62  36  24  20  64  53.
2253;24/12/2021;1;6;7;27;31;36;43;49;50;51;64;66;72;74;78;79;87;88;95;97;0;;"R$0,00";5;"R$60.018,14";79;"R$2.374,14";811;"R$231,26";4719;"R$39,74";19926;"R$9,41";0;"R$0,00";"R$7.290.018,24";"R$6.180.810,00";"R$8.200.000,00";ORDEM DE SORTEIO: 50  01  27  43  87  64  49  74  51  66  95  79  31  72  36  97  06  07  78  88
2254;27/12/2021;5;10;11;14;18;20;23;24;31;32;36;42;44;51;53;61;78;82;83;93;2;"JABOTICABAL/SP; POTIRENDABA/SP; POTIRENDABA/SP";"R$4.068.859,72";9;"R$33.489,43";172;"R$1.564,60";1274;"R$147,86";6848;"R$27,50";27107;"R$6,94";1;"R$150.702,45";"R$0,00";"R$6.207.877,50";"R$400.000,00";ORDEM DE SORTEIO:  53  23  51  05  20  42  11  44  10  32  83  36  18  93  31  82  78  14  24  61.
2255;29/12/2021;5;7;10;11;13;14;18;19;31;38;60;63;67;71;83;84;90;93;94;98;1;INDEPENDENCIA/RS;"R$526.278,80";7;"R$26.731,63";108;"R$1.546,96";840;"R$139,22";4457;"R$26,23";16682;"R$7,01";0;"R$0,00";"R$93.560,70";"R$3.854.040,00";"R$600.000,00";ORDEM DE SORTEIO:  71  63  84  11  98  18  10  07  94  67  93  60  31  38  14  83  90  05  13  19.
2256;31/12/2021;4;13;16;22;27;30;31;43;47;52;59;61;63;66;70;71;83;86;87;90;0;CAMPINAS/SP;"R$0,00";9;"R$20.424,67";87;"R$1.886,51";601;"R$191,16";3362;"R$34,17";13633;"R$8,42";1;"R$91.911,03";"R$610.560,06";"R$3.786.085,00";"R$1.200.000,00";ORDEM DE SORTEIO:  66  86  31  47  52  63  13  04  83  59  30  70  16  61  90  71  27  43  22  87.
2257;03/01/2022;3;5;12;19;29;35;36;40;51;57;58;59;65;69;70;74;75;76;89;95;0;;"R$0,00";4;"R$39.466,01";40;"R$2.466,63";368;"R$268,11";2195;"R$44,94";10123;"R$9,74";0;"R$0,00";"R$1.133.484,69";"R$3.251.442,50";"R$1.500.000,00";ORDEM DE SORTEIO: 19  89  69  70  35  74  05  57  12  95  36  59  29  76  58  51  65  75  03  40
2258;05/01/2022;1;2;12;23;25;31;38;43;44;50;54;57;65;66;69;74;76;84;86;94;0;;"R$0,00";5;"R$42.289,96";77;"R$1.716,31";656;"R$201,45";3629;"R$36,41";15041;"R$8,78";0;"R$0,00";"R$1.833.912,12";"R$4.355.120,00";"R$2.500.000,00";ORDEM DE SORTEIO:  94  74  02  84  57  65  23  69  25  38  86  43  31  54  12  01  44  66  76  50.
2259;07/01/2022;2;14;19;20;23;37;38;40;45;50;56;59;62;64;67;78;85;90;94;98;0;;"R$0,00";4;"R$63.220,20";77;"R$2.052,61";661;"R$239,10";4213;"R$37,51";19344;"R$8,17";0;"R$0,00";"R$2.671.579,73";"R$5.208.452,50";"R$3.500.000,00";ORDEM DE SORTEIO:  59  45  78  94  38  14  67  37  64  02  85  20  40  19  62  98  50  56  23  90.
2260;10/01/2022;1;3;5;13;23;43;53;55;56;65;67;74;78;81;83;85;90;91;93;99;1;"CANAL ELETRONICO; CANAL ELETRONICO";"R$3.342.893,32";19;"R$12.562,60";120;"R$1.775,96";959;"R$155,55";8057;"R$18,51";21183;"R$7,04";1;"R$119.344,67";"R$0,00";"R$4.916.157,50";"R$500.000,00";ORDEM DE SORTEIO:  91  55  93  83  65  13  67  99  81  78  01  03  74  43  23  53  56  05  90  85.
2261;12/01/2022;3;10;14;19;26;29;40;50;54;66;68;72;78;79;84;86;91;93;94;99;0;;"R$0,00";0;"R$0,00";41;"R$2.724,52";408;"R$273,78";2644;"R$42,24";12436;"R$8,98";0;"R$0,00";"R$592.038,68";"R$3.681.180,00";"R$1.200.000,00";"ORDEM DE SORTEIO: 78  91  19  40  50  26  10  68  72  79  93  66  29  86  84  14  99  03  94  54 //TOTAL LÍQUIDO ACUMULADO PARA DEZENOVE PONTOS: R$ 178.728,65."
2262;14/01/2022;1;4;16;21;22;28;42;44;45;48;55;59;60;61;66;70;76;92;94;97;0;;"R$0,00";2;"R$197.233,03";55;"R$2.451,57";473;"R$285,06";3012;"R$44,76";13373;"R$10,08";0;"R$0,00";"R$1.306.668,87";"R$4.443.430,00";"R$2.000.000,00";Ordem sorteio          94  44  48  21  16  28  45  70  55  60                       22  76  01  61  04  97  92  59  66  42
2263;17/01/2022;2;7;8;17;18;19;33;36;41;43;44;47;48;62;69;72;87;93;98;99;1;BELEM/PA;"R$1.867.950,51";6;"R$33.261,13";64;"R$1.948,90";595;"R$209,62";3214;"R$38,80";13930;"R$8,95";0;"R$0,00";"R$99.783,42";"R$4.110.372,50";"R$700.000,00";Ordem sorteio          43  93  02  18  99  33  19  47  44  87                       17  41  48  69  08  07  98  62  36  72
2264;19/01/2022;1;3;4;8;12;16;19;24;38;47;48;52;62;65;66;67;77;82;85;86;1;BELO HORIZONTE/MG;"R$571.580,50";1;"R$167.750,08";56;"R$1.872,21";425;"R$246,69";3121;"R$33,59";13388;"R$7,83";0;"R$0,00";"R$83.875,06";"R$3.455.060,00";"R$600.000,00";ORDEM DE SORTEIO: 04  47  24  66  62  82  52  12  19  38  77  48  67  85  03  16  08  01  65  86
2265;21/01/2022;2;3;4;7;11;24;31;36;37;47;49;58;59;60;71;78;79;83;87;99;0;;"R$0,00";1;"R$177.754,94";38;"R$2.923,60";422;"R$263,26";2493;"R$44,56";11727;"R$9,47";0;"R$0,00";"R$672.688,33";"R$3.661.125,00";"R$1.200.000,00";ORDEM DE SORTEIO: 36  99  11  04  47  78  60  07  59  37  87  49  24  79  58  03  71  83  02  31
2266;24/01/2022;8;10;19;32;35;38;46;47;50;54;55;57;69;71;73;75;80;81;82;83;0;;"R$0,00";3;"R$57.926,75";52;"R$2.088,71";449;"R$241,89";2691;"R$40,36";12075;"R$8,99";0;"R$0,00";"R$1.248.335,36";"R$3.579.260,00";"R$1.800.000,00";ORDEM DE SORTEIO:  81  54  46  83  55  08  38  75  73  50  10  47  69  82  71  57  35  19  32  80.
2267;26/01/2022;3;10;11;27;30;45;46;49;52;54;62;64;67;72;75;77;83;85;89;91;0;;"R$0,00";2;"R$92.960,45";49;"R$2.371,44";448;"R$259,37";2892;"R$40,18";12739;"R$9,12";0;"R$0,00";"R$1.864.198,36";"R$3.829.315,00";"R$2.500.000,00";ORDEM DE SORTEIO:  85  52  83  30  46  10  54  64  75  67  11  77  03  72  49  27  62  91  45  89.
2268;28/01/2022;0;1;7;10;18;29;31;39;42;43;53;56;60;67;79;81;83;89;93;98;1;BRASILIA/DF;"R$2.476.130,73";5;"R$43.515,19";57;"R$2.385,70";635;"R$214,14";3491;"R$38,95";15034;"R$9,04";0;"R$0,00";"R$108.788,00";"R$4.481.297,50";"R$600.000,00";Ordem sorteio          53  43  93  00  10  67  89  29  01  39                        81  83  56  07  42  60  98  18  31  79
2269;31/01/2022;3;16;21;24;36;37;39;42;47;48;56;64;72;80;84;87;91;92;93;94;0;;"R$0,00";2;"R$80.508,14";32;"R$3.144,85";362;"R$277,99";2439;"R$41,26";10354;"R$9,71";0;"R$0,00";"R$642.154,42";"R$3.316.367,50";"R$1.200.000,00";ORDEM DE SORTEIO:  72  87  80  91  16  48  36  39  93  37  42  94  24  92  64  47  56  84  21  03.
2270;02/02/2022;3;6;18;38;43;50;53;58;64;65;66;67;71;80;82;87;89;90;93;96;0;;"R$0,00";2;"R$93.598,12";45;"R$2.599,95";370;"R$316,20";2546;"R$45,95";12404;"R$9,43";0;"R$0,00";"R$1.262.241,97";"R$3.855.582,50";"R$1.900.000,00";Ordem sorteio          90  65  87  06  03  38  89  64  18  50                       80  71  96  66  58  93  82  43  53  67
2271;04/02/2022;7;10;11;18;27;32;33;37;43;48;57;62;65;68;74;76;77;82;93;99;0;FEIRA DE SANTANA/BA;"R$0,00";6;"R$38.325,37";84;"R$1.710,96";825;"R$174,20";4388;"R$32,75";18403;"R$7,80";1;"R$114.976,13";"R$1.908.982,60";"R$4.736.205,00";"R$2.600.000,00";ORDEM DE SORTEIO:  43  18  74  93  99  48  77  10  65  82  33  32  27  57  07  11  62  68  76  37.
2272;07/02/2022;0;10;17;19;26;31;32;37;38;42;46;53;56;58;67;75;78;88;93;97;0;;"R$0,00";6;"R$37.249,83";113;"R$1.765,95";863;"R$161,86";4881;"R$28,61";19090;"R$7,31";0;"R$0,00";"R$2.649.322,83";"R$4.603.290,00";"R$3.400.000,00";ORDEM DE SORTEIO:  58  32  78  31  46  42  75  00  26  37  67  56  17  88  97  53  10  93  38  19.
2273;09/02/2022;20;38;43;46;55;56;59;61;67;71;75;76;82;85;87;90;91;92;94;98;0;BRASILIA/DF;"R$0,00";16;"R$15.302,43";158;"R$1.383,58";1222;"R$125,22";13970;"R$10,95";21568;"R$7,09";1;"R$122.419,46";"R$3.337.932,17";"R$5.042.817,50";"R$4.200.000,00";ORDEM DE SORTEIO:  46  67  82  56  92  20  94  55  61  87  90  59  98  76  38  75  91  85  43  71.
2274;11/02/2022;0;6;10;11;13;16;27;33;36;40;42;46;52;55;59;61;62;63;85;94;0;;"R$0,00";4;"R$71.504,11";84;"R$2.128,10";757;"R$236,14";4605;"R$38,81";20119;"R$8,88";0;"R$0,00";"R$4.285.361,61";"R$5.890.930,00";"R$5.000.000,00";Ordem sorteio          63  55  27  46  36  13  42  40  00  11                       85  94  61  62  16  59  06  33  52  10
2275;14/02/2022;5;9;24;29;32;35;46;47;51;53;54;56;60;63;73;75;77;80;81;92;0;;"R$0,00";1;"R$283.443,79";80;"R$2.214,41";823;"R$215,25";4917;"R$36,02";21147;"R$8,37";0;"R$0,00";"R$5.224.269,16";"R$5.837.942,50";"R$6.000.000,00";ORDEM DE SORTEIO: 63  35  81  80  73  54  60  75  09  77  05  51  24  46  92  29  32  56  53  47
2276;16/02/2022;0;13;18;21;31;32;40;46;49;54;56;57;65;68;73;80;88;90;94;99;0;;"R$0,00";6;"R$48.077,18";92;"R$1.959,67";731;"R$246,63";4217;"R$42,75";19115;"R$9,43";0;"R$0,00";"R$6.179.803,15";"R$5.941.322,50";"R$7.000.000,00";ORDEM DE SORTEIO:  94  21  32  80  46  18  99  90  31  65  40  73  49  54  56  68  88  00  13  57.
2277;18/02/2022;4;10;14;15;16;19;25;30;31;44;49;51;55;64;69;76;82;83;85;90;0;;"R$0,00";5;"R$66.056,23";108;"R$1.911,35";972;"R$212,37";5654;"R$36,50";24513;"R$8,42";0;"R$0,00";"R$7.273.859,53";"R$6.802.627,50";"R$8.200.000,00";ORDEM DE SORTEIO:  16  51  85  82  90  55  49  83  19  14  64  31  30  10  44  76  15  69  04  25.
2278;21/02/2022;1;2;18;20;27;30;31;32;38;44;52;61;65;72;73;78;80;89;90;92;0;;"R$0,00";9;"R$35.187,21";92;"R$2.151,39";822;"R$240,78";4865;"R$40,68";20740;"R$9,54";0;"R$0,00";"R$8.322.878,32";"R$6.522.592,50";"R$9.500.000,00";ORDEM DE SORTEIO:  72  31  92  73  78  02  01  20  32  27  89  80  61  65  18  90  38  44  52  30.
2279;23/02/2022;0;3;8;11;27;32;38;43;46;56;58;61;68;70;72;73;88;93;94;96;0;;"R$0,00";9;"R$39.755,41";137;"R$1.632,29";1093;"R$204,59";6567;"R$34,05";27083;"R$8,25";0;"R$0,00";"R$9.508.086,29";"R$7.369.390,00";"R$10.500.000,00";ORDEM DE SORTEIO: 70  73  08  46  38  03  58  93  72  32  68  56  61  11  96  88  27  43  94  00
2280;25/02/2022;3;4;6;10;13;16;18;23;30;36;43;44;51;62;65;69;70;74;83;98;0;;"R$0,00";8;"R$50.106,71";162;"R$1.546,51";1235;"R$202,86";7133;"R$35,12";29497;"R$8,49";0;"R$0,00";"R$10.835.914,14";"R$8.256.172,50";"R$11.800.000,00";ORDEM DE SORTEIO: 83  23  43  10  36  03  44  70  16  06  65  69  18  74  51  30  62  04  98  13
2281;02/03/2022;2;7;8;10;12;16;18;36;38;45;46;49;51;52;53;54;74;80;81;98;0;;"R$0,00";7;"R$62.778,13";133;"R$2.065,07";1246;"R$220,42";7575;"R$36,25";32979;"R$8,32";0;"R$0,00";"R$12.291.582,17";"R$9.051.057,50";"R$13.500.000,00";ORDEM DE SORTEIO:  38  49  51  02  12  52  45  53  74  80  36  07  98  18  81  54  46  16  10  08.
2282;04/03/2022;4;10;19;21;30;42;43;45;47;49;55;59;60;62;64;71;78;80;84;88;0;;"R$0,00";7;"R$65.502,46";133;"R$2.154,69";1276;"R$224,58";7387;"R$38,79";32831;"R$8,72";0;"R$0,00";"R$13.810.420,41";"R$9.443.837,50";"R$15.300.000,00";ORDEM DE SORTEIO: 62  19  21  49  43  30  42  59  55  60  78  71  64  45  10  04  47  84  88  80
2283;07/03/2022;4;6;10;14;19;29;30;38;45;46;49;51;52;59;67;76;79;94;95;98;1;CANAL ELETRONICO;"R$15.146.655,92";9;"R$52.789,55";155;"R$1.915,75";1479;"R$200,77";8533;"R$34,79";36713;"R$8,08";0;"R$0,00";"R$237.553,00";"R$9.785.507,50";"R$800.000,00";ORDEM DE SORTEIO:  51  95  29  98  79  46  67  38  94  30  45  19  04  49  52  76  10  59  14  06.
2284;09/03/2022;1;2;9;23;35;36;41;42;56;59;64;71;74;75;76;85;91;93;94;96;0;;"R$0,00";2;"R$100.991,44";38;"R$3.322,09";432;"R$292,22";2796;"R$45,14";12400;"R$10,18";0;"R$0,00";"R$906.621,29";"R$4.160.135,00";"R$1.500.000,00";ORDEM DE SORTEIO:  41  85  93  74  94  02  23  64  35  56  42  09  59  71  36  75  96  76  01  91.
2285;11/03/2022;2;4;14;16;17;26;28;37;47;49;58;59;62;73;75;79;82;83;93;98;0;;"R$0,00";11;"R$19.643,07";85;"R$1.588,78";683;"R$197,72";4055;"R$33,30";16653;"R$8,10";0;"R$0,00";"R$1.622.365,63";"R$4.450.357,50";"R$2.300.000,00";ORDEM DE SORTEIO: 16  49  37  83  04  02  75  79  26  73  47  58  82  59  14  93  17  28  62  98
2286;14/03/2022;0;3;5;17;18;22;34;39;45;56;57;61;66;67;71;73;80;83;87;98;0;;"R$0,00";6;"R$35.449,15";40;"R$3.323,36";474;"R$280,45";2879;"R$46,17";13153;"R$10,10";0;"R$0,00";"R$2.326.917,51";"R$4.380.765,00";"R$3.000.000,00";ORDEM DE SORTEIO:  57  45  87  98  18  67  71  66  17  80  39  05  34  61  83  00  03  56  73  22.
2287;16/03/2022;1;9;14;21;24;29;38;42;46;49;52;54;58;59;69;70;74;81;83;90;1;"SAUBARA/BA; SAO PAULO/SP";"R$2.956.008,38";4;"R$55.919,19";90;"R$1.553,31";681;"R$205,28";4471;"R$31,26";16911;"R$8,26";1;"R$111.838,40";"R$0,00";"R$4.606.952,50";"R$500.000,00";ORDEM DE SORTEIO:  38  83  21  09  49  14  70  59  42  01  54  29  81  46  90  24  52  74  58  69.
2288;18/03/2022;7;9;27;30;38;45;46;48;51;54;56;60;61;74;76;82;85;88;90;92;0;;"R$0,00";3;"R$59.084,83";59;"R$1.877,70";524;"R$211,41";3255;"R$34,03";13476;"R$8,22";0;"R$0,00";"R$587.155,52";"R$3.650.817,50";"R$1.100.000,00";Ordem sorteio          30  56  90  27  45  85  76  60  07  88                       61  38  46  92  51  09  54  82  74  48
2289;21/03/2022;1;2;20;25;26;29;38;39;49;52;55;57;59;61;75;81;83;85;93;95;1;JUIZ DE FORA/MG;"R$1.097.238,85";4;"R$45.340,74";54;"R$2.099,11";491;"R$230,85";3230;"R$35,09";16558;"R$6,84";0;"R$0,00";"R$90.681,50";"R$3.735.437,50";"R$600.000,00";Ordem sorteio          25  59  52  39  01  61  26  02  29  81                        95  55  93  49  20  75  38  85  57  83
2290;23/03/2022;5;9;10;15;21;36;38;39;40;45;52;53;54;55;56;57;63;87;92;94;0;;"R$0,00";5;"R$32.174,44";41;"R$2.452,32";399;"R$251,99";2540;"R$39,58";11397;"R$8,82";0;"R$0,00";"R$623.570,66";"R$3.313.400,00";"R$1.000.000,00";Ordem sorteio          38  55  05  40  10  36  92  21  45  53                       52  63  15  57  39  09  87  54  94  56
2291;25/03/2022;6;10;11;12;18;20;31;36;39;41;50;56;59;62;67;73;74;75;84;86;0;CANAL ELETRONICO;"R$0,00";2;"R$90.692,47";32;"R$3.542,68";416;"R$272,51";2590;"R$43,77";11378;"R$9,96";1;"R$90.692,49";"R$1.133.715,77";"R$3.735.890,00";"R$1.700.000,00";Ordem sorteio          84  10  56  86  74  11  75  12  39  18                        36  31  67  59  06  50  41  73  62  20
2292;28/03/2022;3;14;20;22;23;24;25;30;31;33;36;42;56;68;70;73;79;89;93;94;1;PRAIA GRANDE/SP;"R$1.651.831,45";1;"R$184.218,91";29;"R$3.970,24";418;"R$275,44";2429;"R$47,40";11458;"R$10,04";0;"R$0,00";"R$92.109,49";"R$3.794.260,00";"R$600.000,00";ORDEM DE SORTEIO:  79  89  23  14  20  94  42  25  24  36  68  03  22  73  30  70  31  33  93  56.
2293;30/03/2022;2;5;7;9;18;19;30;31;33;43;45;48;50;53;76;78;79;91;93;97;0;;"R$0,00";5;"R$31.927,53";51;"R$1.956,34";464;"R$215,02";2697;"R$36,99";11238;"R$8,87";0;"R$0,00";"R$620.909,19";"R$3.287.972,50";"R$1.100.000,00";ORDEM DE SORTEIO:  97  31  78  05  50  93  48  19  91  53  43  30  02  33  09  07  79  18  76  45.
2294;01/04/2022;0;2;6;7;11;23;24;26;29;41;45;56;60;68;73;84;85;93;98;99;0;;"R$0,00";3;"R$67.091,54";41;"R$3.068,21";421;"R$298,80";2864;"R$43,92";12666;"R$9,93";0;"R$0,00";"R$1.287.631,40";"R$4.145.547,50";"R$2.000.000,00";ORDEM DE SORTEIO:  07  56  99  06  93  73  60  24  00  85  26  29  23  68  41  11  45  98  84  02.
2295;04/04/2022;2;5;6;24;26;33;35;47;50;58;66;68;71;81;82;84;86;91;93;95;1;"CANAL ELETRONICO; VIANA/ES; VARZEA GRANDE/MT; VARZEA GRANDE/MT";"R$1.864.385,80";5;"R$41.013,65";88;"R$1.456,45";780;"R$164,31";6193;"R$20,69";16297;"R$7,86";3;"R$34.178,05";"R$0,00";"R$4.223.682,50";"R$400.000,00";Ordem sorteio          06  81  05  84  50  86  35  24  82  95                       71  02  66  93  58  33  47  91  26  68
2296;06/04/2022;7;14;22;26;30;33;34;37;39;45;59;66;70;75;82;88;92;95;97;98;0;;"R$0,00";7;"R$24.342,83";63;"R$1.690,48";491;"R$216,90";3046;"R$34,96";12405;"R$8,58";0;"R$0,00";"R$564.449,35";"R$3.509.635,00";"R$1.000.000,00";Ordem sorteio          26  70  30  45  97  14  59  33  37  22                       34  07  95  88  75  82  39  98  66  92
2297;08/04/2022;0;1;18;21;24;26;32;33;44;46;48;53;54;57;61;64;80;81;91;96;0;;"R$0,00";7;"R$28.564,11";80;"R$1.562,10";664;"R$188,20";3530;"R$35,40";14670;"R$8,51";0;"R$0,00";"R$1.226.779,73";"R$4.118.240,00";"R$1.800.000,00";ORDEM DE SORTEIO:  26  54  64  32  18  61  48  46  80  21  01  33  57  24  44  00  81  91  53  96.
2298;11/04/2022;6;9;11;18;29;33;41;43;53;56;61;62;70;73;74;88;89;96;98;99;0;;"R$0,00";2;"R$100.115,26";71;"R$1.762,59";645;"R$194,02";3740;"R$33,46";14459;"R$8,65";0;"R$0,00";"R$1.890.043,32";"R$4.124.042,50";"R$2.500.000,00";ORDEM DE SORTEIO: 53  18  56  11  70  96  99  41  88  89  43  09  29  74  33  62  61  06  98  73
2299;13/04/2022;1;3;11;14;24;26;27;45;46;50;51;55;56;59;62;65;81;87;91;93;0;;"R$0,00";1;"R$209.764,06";68;"R$1.927,98";521;"R$251,63";3301;"R$39,71";14300;"R$9,16";0;"R$0,00";"R$2.584.886,79";"R$4.320.400,00";"R$3.300.000,00";Ordem sorteio          59  14  62  11  93  03  65  27  55  24                       50  91  56  45  81  01  26  51  87  46
2300;16/04/2022;4;6;9;10;22;31;35;36;48;54;60;61;72;77;81;84;87;90;91;95;0;;"R$0,00";5;"R$38.222,93";65;"R$1.837,64";484;"R$246,79";2804;"R$42,59";12324;"R$9,69";0;"R$0,00";"R$3.217.954,02";"R$3.936.287,50";"R$3.800.000,00";Ordem sorteio          72  54  48  81  84  87  22  91  06  77                        60  36  09  90  31  04  61  95  35  10
2301;18/04/2022;0;2;3;5;7;25;33;34;38;41;50;59;60;63;65;70;79;80;85;94;0;;"R$0,00";0;"R$0,00";43;"R$2.655,10";435;"R$262,45";2858;"R$39,94";12675;"R$9,00";0;"R$0,00";"R$3.823.050,36";"R$3.762.370,00";"R$4.500.000,00";"ORDEM DE SORTEIO:  94  63  50  07  34  41  00  80  79  65  59  33  70  38  25  05  02  85  03  60. VALOR LÍQUIDO ACUMULADO PARA DEZENOVE PONTOS: R$ 182.670,59."
2302;20/04/2022;10;11;12;15;23;25;34;37;38;45;48;50;52;57;63;67;69;78;87;91;0;;"R$0,00";7;"R$65.158,85";124;"R$1.378,23";1062;"R$160,92";5844;"R$29,24";23378;"R$7,31";0;"R$0,00";"R$4.728.824,84";"R$5.631.927,50";"R$5.400.000,00";Ordem sorteio: 87  34  50  23  45  12  15  67  69  78  38  91  10  48  57  25  11  63  37  52
2303;22/04/2022;3;4;8;9;14;29;39;42;43;45;47;48;52;62;81;82;88;91;95;96;0;;"R$0,00";2;"R$131.680,01";67;"R$2.456,72";603;"R$272,96";3604;"R$45,67";15978;"R$10,30";0;"R$0,00";"R$5.601.204,87";"R$5.424.287,50";"R$6.500.000,00";ORDEM DE SORTEIO:  52  39  03  82  91  29  48  88  04  96  62  47  09  14  42  81  45  43  08  95.
2304;25/04/2022;2;7;10;20;26;35;38;44;48;49;51;52;55;58;65;71;76;79;93;95;0;;"R$0,00";4;"R$71.557,82";89;"R$2.010,05";791;"R$226,16";4580;"R$39,05";20187;"R$8,86";0;"R$0,00";"R$6.549.346,00";"R$5.895.355,00";"R$7.400.000,00";ORDEM DE SORTEIO: 07  58  35  65  71  38  95  20  02  79 10  49  51  26  93  52  76  44  55  48
2305;27/04/2022;3;4;33;35;38;42;48;54;56;61;63;69;72;76;77;78;81;84;90;98;0;;"R$0,00";18;"R$17.311,33";159;"R$1.749,79";1259;"R$154,68";7018;"R$27,75";25942;"R$7,50";0;"R$0,00";"R$7.581.534,08";"R$6.417.942,50";"R$8.300.000,00";ORDEM DE SORTEIO:  78  61  76  56  48  38  35  42  72  03 84  69  90  98  04  33  54  63  77  81.
2306;29/04/2022;1;3;6;12;18;25;32;44;49;58;62;71;72;73;82;84;86;89;91;97;1;"SAO PAULO/SP; SAO PAULO/SP";"R$8.573.464,06";8;"R$44.085,78";104;"R$2.119,51";1052;"R$209,53";5955;"R$37,01";25588;"R$8,61";1;"R$176.343,14";"R$0,00";"R$7.264.092,50";"R$500.000,00";ORDEM DE SORTEIO:  44  72  03  49  84  01  58  82  91  62  71  97  89  06  18  73  12  86  32  25.
2307;02/05/2022;6;8;11;25;26;32;43;46;49;54;55;61;68;73;74;75;76;78;79;83;0;FORTALEZA/CE;"R$0,00";7;"R$24.512,52";61;"R$1.758,07";492;"R$217,97";3235;"R$33,15";13618;"R$7,87";1;"R$85.793,84";"R$482.590,19";"R$3.534.100,00";"R$1.000.000,00";ORDEM DE SORTEIO:  54  46  49  43  32  76  74  08  25  79  11  61  68  83  75  55  78  06  73  26.
2308;04/05/2022;3;4;8;9;12;15;21;24;32;34;35;44;52;58;60;65;66;70;84;95;0;;"R$0,00";4;"R$48.401,43";55;"R$2.200,06";568;"R$213,03";3386;"R$35,73";13941;"R$8,67";0;"R$0,00";"R$1.123.909,12";"R$3.987.595,00";"R$1.700.000,00";ORDEM DE SORTEIO:  52  35  66  09  58  15  03  12  08  34  04  44  21  65  84  60  70  95  24  32.
2309;06/05/2022;3;7;18;24;33;34;36;46;50;54;70;71;76;82;83;87;93;95;97;98;0;;"R$0,00";10;"R$24.352,42";76;"R$2.002,67";737;"R$206,51";4364;"R$34,87";18763;"R$8,11";0;"R$0,00";"R$1.930.583,07";"R$5.015.740,00";"R$2.700.000,00";Ordem sorteio          36  24  98  18  95  70  93  87  33  34                       82  03  97  71  83  54  76  46  50  07
2310;09/05/2022;3;5;9;13;21;27;34;35;41;44;48;52;64;66;67;71;74;75;77;82;0;;"R$0,00";6;"R$39.486,02";72;"R$2.056,56";709;"R$208,84";4185;"R$35,38";17564;"R$8,43";0;"R$0,00";"R$2.715.367,88";"R$4.879.637,50";"R$3.500.000,00";ORDEM DE SORTEIO:  05  77  21  03  75  52  44  66  09  74  71  64  82  13  41  27  48  34  67  35.
2311;11/05/2022;3;7;10;11;12;15;25;33;45;47;59;63;66;75;76;78;87;93;96;98;0;;"R$0,00";9;"R$28.550,80";130;"R$1.764,81";980;"R$163,87";5492;"R$29,24";22789;"R$7,04";0;"R$0,00";"R$3.566.538,66";"R$5.292.412,50";"R$4.300.000,00";ORDEM DE SORTEIO: 10  98  63  03  93  47  59  15  12  75  76  87  11  07  78  96  25  66  33  45
2312;13/05/2022;8;13;18;22;27;33;36;47;48;63;66;76;78;84;85;89;91;96;98;99;0;;"R$0,00";12;"R$23.915,60";144;"R$1.779,43";1109;"R$161,73";6371;"R$28,15";25106;"R$7,14";0;"R$0,00";"R$4.517.183,89";"R$5.910.925,00";"R$5.500.000,00";ORDEM DE SORTEIO: 08  63  89  47  36  98  84  27  85  91  66  78  13  99  33  22  96  18  48  76
2313;16/05/2022;2;13;28;38;39;40;43;45;46;51;61;63;72;73;74;81;84;86;92;93;0;;"R$0,00";3;"R$92.708,83";63;"R$2.759,19";719;"R$241,76";4199;"R$41,39";18912;"R$9,19";0;"R$0,00";"R$5.438.477,90";"R$5.728.425,00";"R$6.300.000,00";Ordem sorteio          13  86  46  63  51  74  92  45  39  38                        72  43  61  73  81  28  93  02  40  84
2314;18/05/2022;2;3;14;19;28;34;42;44;45;47;48;56;60;63;64;75;81;82;95;98;0;BRASILIA/DF;"R$0,00";5;"R$54.591,41";80;"R$2.132,48";788;"R$216,49";4601;"R$37,07";20324;"R$8,39";1;"R$136.478,54";"R$6.206.169,57";"R$5.621.952,50";"R$7.000.000,00";Ordem sorteio          56  63  42  02  47  98  81  64  48  14                       75  60  28  19  82  45  34  95  03  44
2315;20/05/2022;0;3;12;16;18;22;24;43;52;53;57;65;66;73;75;79;85;90;93;97;0;;"R$0,00";8;"R$39.311,56";89;"R$2.208,52";827;"R$237,67";5151;"R$38,15";22249;"R$8,83";0;"R$0,00";"R$7.247.925,74";"R$6.477.435,00";"R$8.200.000,00";Ordem sorteio          53  52  57  65  43  24  73  97  90  12                       00  22  93  03  16  79  18  66  85  75
2316;23/05/2022;3;10;13;17;21;22;35;38;39;45;52;55;59;65;71;75;76;84;90;95;0;;"R$0,00";3;"R$104.798,89";86;"R$2.284,86";906;"R$216,88";5335;"R$36,83";23182;"R$8,47";0;"R$0,00";"R$8.289.364,69";"R$6.475.462,50";"R$9.300.000,00";Ordem sorteio: 84  45  76  22  03  21  39  59  17  52  13  10  75  90  71  95  65  38  55  35
2317;25/05/2022;2;6;7;12;24;31;32;34;37;43;44;45;50;54;57;74;78;79;87;96;0;;"R$0,00";4;"R$78.904,01";101;"R$1.953,07";931;"R$211,87";5504;"R$35,83";23452;"R$8,41";0;"R$0,00";"R$9.334.842,83";"R$6.500.577,50";"R$10.500.000,00";ORDEM DE SORTEIO: 78  74  02  24  32  12  79  96  50  87  34  07  31  45  37  06  57  44  54  43
2318;27/05/2022;0;7;11;16;17;22;23;31;49;57;59;60;66;71;76;79;81;84;94;96;0;;"R$0,00";14;"R$25.684,42";76;"R$2.957,09";750;"R$299,65";4997;"R$44,97";22995;"R$9,77";0;"R$0,00";"R$10.525.957,61";"R$7.406.117,50";"R$11.500.000,00";Ordem sorteio          96  22  76  23  81  31  07  71  11  00                        79  59  84  17  60  66  16  57  94  49
2319;30/05/2022;1;7;19;23;26;28;31;33;35;43;53;65;67;71;75;77;80;84;94;97;0;;"R$0,00";7;"R$50.732,66";123;"R$1.804,51";1076;"R$206,27";6396;"R$34,70";29098;"R$7,62";0;"R$0,00";"R$11.702.321,20";"R$7.314.397,50";"R$13.000.000,00";Ordem sorteio          01  43  97  28  67  26  75  19  07  94                       23  77  33  65  31  84  53  80  71  35
2320;01/06/2022;2;4;9;11;13;26;35;36;38;39;47;49;56;64;71;75;76;80;85;89;1;REDENCAO/PA;"R$12.796.492,14";13;"R$29.926,04";141;"R$1.724,46";1116;"R$217,87";6583;"R$36,93";27608;"R$8,80";0;"R$0,00";"R$194.519,32";"R$8.012.822,50";"R$700.000,00";ORDEM DE SORTEIO:  89  02  35  47  49  26  39  76  85  36  75  71  04  80  38  09  56  11  13  64.
2321;03/06/2022;3;9;18;19;29;36;39;50;60;62;68;71;75;76;78;81;87;88;89;91;0;;"R$0,00";2;"R$101.412,57";37;"R$3.426,10";428;"R$296,18";2764;"R$45,86";12443;"R$10,18";0;"R$0,00";"R$866.377,58";"R$4.177.482,50";"R$1.500.000,00";ORDEM DE SORTEIO:  50  78  88  18  29  62  36  76  81  89  09  75  60  68  91  87  71  03  39  19.
2322;06/06/2022;0;7;11;15;22;29;31;36;55;59;62;63;68;69;77;80;84;89;91;92;0;;"R$0,00";7;"R$28.980,59";72;"R$1.760,97";558;"R$227,22";3404;"R$37,24";14765;"R$8,58";0;"R$0,00";"R$1.538.364,91";"R$4.178.285,00";"R$2.200.000,00";Ordem sorteio          68  07  22  29  77  91  15  89  62  55                        59  80  69  31  84  11  92  36  00  63
2323;08/06/2022;2;12;14;18;19;24;27;41;48;52;56;61;66;70;73;81;83;84;86;94;0;;"R$0,00";5;"R$45.738,17";52;"R$2.748,69";621;"R$230,16";3696;"R$38,67";16060;"R$8,89";0;"R$0,00";"R$2.295.903,35";"R$4.710.225,00";"R$3.000.000,00";Ordem sorteio          52  66  14  48  24  27  18  12  56  61                       83  84  81  41  94  86  70  19  73  02
2324;10/06/2022;5;6;9;12;15;18;22;23;27;39;50;57;59;61;67;73;76;79;87;98;0;;"R$0,00";5;"R$48.866,69";83;"R$1.839,86";712;"R$214,47";4259;"R$35,85";17964;"R$8,50";0;"R$0,00";"R$3.105.257,92";"R$5.032.407,50";"R$3.800.000,00";ORDEM DE SORTEIO: 09  61  76  22  06  05  23  50  73  57  98  18  12  79  87  27  67  59  15  39
2325;13/06/2022;8;9;12;22;30;34;39;41;45;50;54;61;65;69;74;76;83;88;90;92;0;;"R$0,00";6;"R$37.971,53";110;"R$1.849,26";794;"R$179,33";4052;"R$35,14";16209;"R$8,78";0;"R$0,00";"R$3.859.942,06";"R$4.692.477,50";"R$4.500.000,00";ORDEM DE SORTEIO: 09  41  92  69  65  74  61  90  08  88 50  76  12  30  83  39  45  34  54  22.
2326;15/06/2022;8;9;10;13;15;25;29;35;51;56;59;68;69;74;80;87;89;91;96;98;0;;"R$0,00";4;"R$61.447,47";76;"R$2.021,30";733;"R$209,57";4117;"R$37,31";17539;"R$8,75";0;"R$0,00";"R$4.674.121,09";"R$5.062.405,00";"R$5.500.000,00";ORDEM DE SORTEIO: 29  09  56  68  25  10  69  51  89  59  96  15  13  35  87  74  08  98  91  80
2327;17/06/2022;6;9;13;21;24;26;27;43;48;53;55;67;73;75;80;83;85;88;93;98;0;;"R$0,00";8;"R$30.978,06";77;"R$2.011,57";674;"R$229,80";4377;"R$35,38";18129;"R$8,54";0;"R$0,00";"R$5.495.039,63";"R$5.104.310,00";"R$6.200.000,00";ORDEM DE SORTEIO: 21  43  26  24  53  27  48  73  80  55 06  13  98  88  75  93  83  09  67  85.
2328;20/06/2022;4;19;20;21;24;28;30;38;43;48;50;51;57;61;63;75;78;87;90;91;1;SUSSUAPARA/PI;"R$6.269.313,81";3;"R$91.765,83";75;"R$2.294,15";752;"R$228,80";4409;"R$39,02";18808;"R$9,14";0;"R$0,00";"R$137.648,77";"R$5.670.157,50";"R$500.000,00";ORDEM DE SORTEIO: 43  30  24  51  61  91  87  38  48  21 57  50  78  90  19  20  63  75  04  28.
2329;22/06/2022;0;5;14;16;18;21;24;29;31;35;37;45;46;53;64;70;85;87;88;99;0;;"R$0,00";1;"R$164.985,03";52;"R$1.982,99";446;"R$231,20";2516;"R$40,98";10589;"R$9,73";0;"R$0,00";"R$684.161,73";"R$3.398.110,00";"R$1.200.000,00";Ordem sorteio          35  46  85  99  21  70  14  18  29  64                       53  87  00  37  16  24  31  88  05  45
2330;24/06/2022;2;7;10;15;19;20;23;28;32;33;42;50;51;52;55;60;77;84;88;92;0;;"R$0,00";7;"R$24.603,21";83;"R$1.852,65";626;"R$171,94";3620;"R$29,73";14033;"R$7,67";0;"R$0,00";"R$1.254.648,59";"R$3.547.175,00";"R$1.800.000,00";Ordem sorteio          92  28  84  60  52  33  55  15  23  77                       19  50  07  51  32  02  10  88  42  20
2331;27/06/2022;1;10;21;24;29;32;40;41;46;48;51;54;68;69;81;87;90;91;93;99;0;BRASILIA/DF;"R$0,00";3;"R$62.889,17";83;"R$1.420,69";708;"R$166,54";3531;"R$33,39";13878;"R$8,49";1;"R$94.333,78";"R$1.785.275,90";"R$3.885.885,00";"R$2.400.000,00";ORDEM DE SORTEIO:  40  32  21  90  29  81  01  87  41  91  51  68  69  10  24  99  48  46  93  54.
2332;29/06/2022;5;6;15;20;29;31;38;47;49;58;61;65;66;69;71;80;82;94;95;97;0;;"R$0,00";2;"R$99.124,61";52;"R$2.382,80";482;"R$257,06";3180;"R$38,96";13424;"R$9,23";0;"R$0,00";"R$2.441.976,48";"R$4.083.235,00";"R$3.000.000,00";Ordem sorteio          15  06  94  29  69  61  95  31  20  71                       97  47  66  65  82  38  49  58  05  80
2333;01/07/2022;1;7;8;9;14;16;18;22;25;27;31;47;51;54;59;70;72;76;86;96;0;;"R$0,00";6;"R$39.637,37";80;"R$1.858,00";738;"R$201,40";4599;"R$32,32";19423;"R$7,65";0;"R$0,00";"R$3.229.769,18";"R$4.898.340,00";"R$4.000.000,00";ORDEM DE SORTEIO:  09  72  07  25  22  08  54  18  31  16  70  01  59  47  14  76  86  27  51  96.
2334;04/07/2022;0;3;9;18;20;36;39;42;44;51;66;68;70;73;81;85;89;91;92;93;0;;"R$0,00";4;"R$60.166,79";88;"R$1.709,29";764;"R$196,88";4426;"R$33,98";18220;"R$8,25";0;"R$0,00";"R$4.026.979,19";"R$4.956.895,00";"R$4.800.000,00";ORDEM DE SORTEIO:  92  20  09  68  91  93  36  39  42  85  03  89  70  18  73  81  00  44  66  51.
2335;06/07/2022;2;3;7;24;28;30;40;47;52;55;57;59;60;64;67;70;76;78;79;92;0;;"R$0,00";5;"R$51.649,79";59;"R$2.735,69";656;"R$246,04";3874;"R$41,66";17415;"R$9,26";0;"R$0,00";"R$4.882.428,81";"R$5.319.017,50";"R$5.700.000,00";ORDEM DE SORTEIO:  03  24  70  79  30  67  07  76  02  59  40  47  52  55  60  57  28  92  64  78.
2336;08/07/2022;2;4;13;16;22;31;33;37;38;42;47;61;62;63;70;72;81;86;94;95;0;;"R$0,00";4;"R$76.944,61";110;"R$1.748,74";1168;"R$164,69";5364;"R$35,86";22571;"R$8,52";0;"R$0,00";"R$5.901.944,82";"R$6.339.150,00";"R$7.000.000,00";ORDEM DE SORTEIO:  94  13  70  38  04  61  33  63  37  02  86  72  95  22  16  47  42  81  31  62.
2337;11/07/2022;1;4;6;15;17;20;23;28;30;37;59;70;72;82;83;84;85;88;90;93;0;;"R$0,00";1;"R$291.569,69";79;"R$2.306,72";646;"R$282,09";4443;"R$41,01";18465;"R$9,86";0;"R$0,00";"R$6.867.769,43";"R$6.005.307,50";"R$8.000.000,00";Ordem sorteio          37  82  20  15  90  28  84  93  59  72                        88  85  04  01  70  17  83  30  23  06
2338;13/07/2022;4;8;11;22;33;36;39;43;45;46;50;52;60;61;69;72;78;83;95;99;1;SAO PAULO/SP;"R$7.691.955,25";10;"R$29.304,38";89;"R$2.057,89";774;"R$236,63";4503;"R$40,67";19042;"R$9,61";0;"R$0,00";"R$146.521,95";"R$6.035.670,00";"R$600.000,00";Ordem sorteio          22  33  95  60  46  11  72  36  99  08                       39  78  61  69  83  04  45  43  50  52
2339;15/07/2022;10;13;17;25;27;29;31;33;38;41;42;45;54;65;67;76;82;94;95;96;0;;"R$0,00";3;"R$59.993,69";62;"R$1.814,33";573;"R$196,31";3499;"R$32,14";14469;"R$7,77";0;"R$0,00";"R$742.709,20";"R$3.706.975,00";"R$1.300.000,00";Ordem sorteio          67  41  76  27  45  10  38  33  25  31                       13  65  29  54  82  96  42  95  17  94
2340;18/07/2022;3;14;15;21;28;30;32;48;49;51;54;58;63;74;77;83;86;89;93;94;1;SENADOR CANEDO/GO;"R$1.261.716,57";5;"R$36.907,19";62;"R$1.860,24";547;"R$210,85";3138;"R$36,75";13106;"R$8,80";0;"R$0,00";"R$92.268,00";"R$3.800.790,00";"R$500.000,00";ORDEM DE SORTEIO: 93  86  89  21  49  74  15  51  94  54 28  77  32  30  14  58  03  83  63  48.
2341;20/07/2022;7;10;15;21;24;29;41;45;47;48;50;64;65;74;84;87;91;92;94;98;0;;"R$0,00";6;"R$26.789,70";65;"R$1.545,56";462;"R$217,44";2991;"R$33,58";12489;"R$8,04";0;"R$0,00";"R$624.713,27";"R$3.310.640,00";"R$1.100.000,00";ORDEM DE SORTEIO: 92  45  65  98  50  41  10  47  87  07  29  74  15  64  24  91  21  84  48  94
2342;22/07/2022;3;6;12;16;21;23;24;26;28;33;43;60;67;69;72;77;79;91;92;97;0;;"R$0,00";6;"R$31.437,05";49;"R$2.405,90";428;"R$275,44";2621;"R$44,97";11928;"R$9,88";0;"R$0,00";"R$1.249.524,78";"R$3.884.955,00";"R$1.800.000,00";ORDEM DE SORTEIO: 23  79  92  97  28  33  69  43  77  03  60  21  24  12  72  67  26  06  16  91
2343;25/07/2022;5;7;14;18;21;26;28;35;36;42;44;55;57;61;63;69;76;80;81;85;0;;"R$0,00";9;"R$20.766,53";72;"R$1.622,39";569;"R$205,29";3224;"R$36,23";13653;"R$8,55";0;"R$0,00";"R$1.868.626,87";"R$3.849.455,00";"R$2.500.000,00";Ordem sorteio          14  18  61  80  36  35  69  07  57  21                       44  28  76  26  85  63  81  55  05  42
2344;27/07/2022;17;21;30;38;40;44;48;51;61;66;71;74;79;81;86;88;90;91;98;99;0;;"R$0,00";9;"R$23.190,00";98;"R$1.901,51";808;"R$161,44";4082;"R$31,95";15638;"R$8,34";0;"R$0,00";"R$2.559.978,75";"R$4.298.690,00";"R$3.200.000,00";Ordem sorteio          21  17  38  74  66  86  71  79  44  81                       48  98  91  30  88  90  51  61  40  99
2345;29/07/2022;1;2;7;12;13;18;22;25;39;44;57;62;69;73;74;80;91;93;95;97;0;;"R$0,00";3;"R$83.972,42";95;"R$1.657,35";671;"R$234,64";4314;"R$36,49";18355;"R$8,57";0;"R$0,00";"R$3.394.454,73";"R$5.188.607,50";"R$4.200.000,00";ORDEM DE SORTEIO:  22  97  44  80  95  93  69  02  91  12  73  25  39  57  18  13  74  07  62  01.
2346;01/08/2022;9;13;22;23;24;32;36;41;51;52;54;59;67;79;81;82;83;84;89;97;0;;"R$0,00";5;"R$54.330,42";61;"R$2.783,32";707;"R$240,14";4019;"R$42,24";17693;"R$9,59";0;"R$0,00";"R$4.294.302,25";"R$5.595.075,00";"R$5.200.000,00";ORDEM DE SORTEIO:  22  51  67  36  13  81  32  84  97  54  41  79  83  82  23  59  89  52  24  09.
2347;03/08/2022;3;7;9;18;19;20;22;24;25;29;34;35;47;53;66;72;75;85;92;99;1;MARICA/RJ;"R$5.122.494,53";10;"R$29.446,83";123;"R$1.496,28";966;"R$190,52";5768;"R$31,90";23958;"R$7,68";0;"R$0,00";"R$147.234,21";"R$6.065.010,00";"R$700.000,00";ORDEM DE SORTEIO:  72  75  47  25  07  29  24  22  19  85  18  53  66  99  35  09  34  20  92  03.
2348;05/08/2022;1;6;7;9;17;18;20;30;42;47;48;51;52;62;72;77;78;84;88;90;0;;"R$0,00";1;"R$190.734,84";55;"R$2.167,44";480;"R$248,35";2945;"R$40,47";12440;"R$9,58";0;"R$0,00";"R$779.043,37";"R$3.928.465,00";"R$1.200.000,00";Ordem sorteio          52  78  07  88  20  90  62  47  18  17                        42  77  84  51  09  72  30  06  48  01
2349;08/08/2022;4;7;9;10;18;20;29;37;41;49;51;53;54;59;64;65;79;95;96;99;0;;"R$0,00";1;"R$187.336,31";34;"R$3.443,68";432;"R$271,03";2778;"R$42,14";12518;"R$9,35";0;"R$0,00";"R$1.399.594,93";"R$3.858.467,50";"R$2.000.000,00";ORDEM DE SORTE: 10  54  09  64  53  79  29  96  18  49  95  41  51  37  04  07  99  20  59  65
2350;10/08/2022;3;7;23;30;33;41;42;45;46;47;56;68;70;73;82;83;89;93;94;97;0;;"R$0,00";5;"R$40.925,04";61;"R$2.096,57";609;"R$210,00";3296;"R$38,80";13861;"R$9,22";0;"R$0,00";"R$2.077.415,91";"R$4.214.557,50";"R$2.700.000,00";ORDEM DE SORTEIO: 41  73  07  30  03  47  46  45  97  89  56  94  23  33  83  93  68  82  42  70
2351;12/08/2022;4;15;21;27;28;29;32;37;62;63;64;74;80;81;87;89;93;97;98;99;0;TAUBATE/SP;"R$0,00";3;"R$75.034,61";47;"R$2.993,40";514;"R$273,71";3261;"R$43,14";13902;"R$10,12";1;"R$112.551,95";"R$2.710.520,40";"R$4.636.345,00";"R$3.400.000,00";ORDEM DE SORTEIO:  32  04  63  27  15  28  98  29  64  89  74  21  93  81  87  97  62  99  37  80.
2352;15/08/2022;0;8;9;18;24;30;31;41;43;44;48;55;72;73;83;84;88;89;95;97;0;;"R$0,00";3;"R$69.394,73";55;"R$2.365,73";551;"R$236,14";3323;"R$39,15";14343;"R$9,07";0;"R$0,00";"R$3.400.130,51";"R$4.287.860,00";"R$4.100.000,00";ORDEM DE SORTEIO:  97  48  95  72  55  08  41  83  09  18  73  31  89  88  30  44  43  24  00  84.
2353;17/08/2022;0;8;9;11;16;18;20;26;34;35;43;47;53;61;66;71;75;80;97;98;0;;"R$0,00";13;"R$17.840,11";139;"R$1.489,73";921;"R$157,38";3878;"R$37,37";15993;"R$9,06";0;"R$0,00";"R$4.168.370,08";"R$4.776.762,50";"R$4.800.000,00";Ordem sorteio          09  34  08  18  80  16  11  66  35  75                       00  43  20  97  71  53  61  98  47  26
2354;19/08/2022;9;13;21;28;29;34;40;41;43;50;59;67;70;74;82;85;88;90;95;98;0;AMERICANA/SP;"R$0,00";6;"R$44.717,49";60;"R$2.794,85";623;"R$269,16";3928;"R$42,69";17141;"R$9,78";1;"R$134.152,48";"R$4.922.977,62";"R$5.526.135,00";"R$5.700.000,00";Ordem sorteio          70  88  90  09  59  67  98  82  13  34                       74  40  21  43  29  28  41  50  95  85
2355;22/08/2022;1;5;11;16;19;35;38;41;43;46;47;54;63;65;67;72;75;89;93;94;0;;"R$0,00";4;"R$66.388,37";72;"R$2.305,15";751;"R$220,99";4492;"R$36,94";19183;"R$8,65";0;"R$0,00";"R$5.802.623,49";"R$5.469.465,00";"R$6.700.000,00";ORDEM DE SORTEIO:  01  65  67  75  43  46  41  47  38  11  16  93  94  05  63  35  54  72  19  89.
2356;24/08/2022;0;9;13;14;20;22;23;31;33;34;36;39;48;51;63;64;66;67;81;82;0;;"R$0,00";1;"R$268.457,97";77;"R$2.179,04";679;"R$247,10";4342;"R$38,64";18853;"R$8,89";0;"R$0,00";"R$6.691.890,52";"R$5.529.287,50";"R$7.500.000,00";ORDEM DE SORTEIO:  64  51  66  48  23  33  22  09  13  63  82  14  39  00  20  31  67  36  34  81.
2357;26/08/2022;0;7;11;13;20;25;28;37;40;46;48;50;55;57;58;64;75;83;90;91;1;MANAUS/AM;"R$7.510.618,00";8;"R$36.387,89";109;"R$1.669,17";925;"R$196,69";5288;"R$34,40";21841;"R$8,33";0;"R$0,00";"R$145.551,57";"R$5.995.697,50";"R$700.000,00";
2358;29/08/2022;1;11;12;14;15;38;45;56;59;60;61;66;71;74;75;76;80;81;82;89;0;;"R$0,00";5;"R$35.480,66";44;"R$2.519,93";473;"R$234,41";2561;"R$43,29";11177;"R$9,92";0;"R$0,00";"R$733.200,03";"R$3.653.882,50";"R$1.300.000,00";
2359;31/08/2022;5;9;11;14;16;21;34;47;53;61;64;68;69;75;76;86;95;96;98;99;1;ANANINDEUA/PA;"R$1.288.040,49";2;"R$98.638,31";51;"R$2.417,61";451;"R$273,38";2707;"R$45,54";12151;"R$10,14";0;"R$0,00";"R$0,00";"R$4.063.202,50";"R$600.000,00";
2360;02/09/2022;5;9;12;17;24;30;31;38;42;48;52;53;76;77;78;80;81;88;89;95;0;;"R$0,00";4;"R$49.237,65";44;"R$2.797,60";438;"R$281,03";2758;"R$44,63";12167;"R$10,11";0;"R$0,00";"R$751.037,15";"R$4.056.487,50";"R$1.400.000,00";
2361;05/09/2022;2;3;11;24;29;31;32;33;34;41;46;60;70;71;86;87;88;94;95;97;0;;"R$0,00";2;"R$100.221,10";49;"R$2.556,66";403;"R$310,85";2376;"R$52,72";11053;"R$11,33";0;"R$0,00";"R$1.415.001,95";"R$4.128.402,50";"R$2.000.000,00";
2362;08/09/2022;2;8;12;17;26;27;28;39;44;45;46;48;49;57;66;72;77;85;87;88;2;SAO PAULO/SP;"R$953.684,48";7;"R$25.009,12";80;"R$1.367,69";664;"R$164,78";3802;"R$28,77";15344;"R$7,13";0;"R$0,00";"R$87.531,93";"R$3.605.697,50";"R$600.000,00";
2363;09/09/2022;15;20;28;37;44;47;51;55;58;63;70;71;72;73;78;79;80;83;92;94;0;;"R$0,00";1;"R$133.174,13";37;"R$2.249,57";324;"R$256,89";2140;"R$38,89";9254;"R$8,99";0;"R$0,00";"R$528.671,25";"R$2.742.917,50";"R$1.000.000,00";
2364;12/09/2022;1;4;9;12;18;23;27;31;32;35;43;48;50;53;57;62;66;70;86;99;0;;"R$0,00";5;"R$35.206,41";75;"R$1.466,93";615;"R$178,89";3436;"R$32,01";13493;"R$8,15";0;"R$0,00";"R$1.111.777,50";"R$3.625.640,00";"R$1.600.000,00";
2365;14/09/2022;8;9;12;13;30;41;47;53;54;58;62;66;70;74;78;83;84;85;95;98;0;;"R$0,00";5;"R$37.122,64";61;"R$1.901,78";423;"R$274,25";2807;"R$41,32";12084;"R$9,60";0;"R$0,00";"R$1.726.621,25";"R$3.822.977,50";"R$2.300.000,00";
2366;16/09/2022;2;10;13;21;26;30;31;37;51;58;59;72;74;75;78;81;82;83;87;88;0;;"R$0,00";2;"R$102.098,78";50;"R$2.552,47";487;"R$262,06";2755;"R$46,32";12857;"R$9,92";0;"R$0,00";"R$2.403.025,73";"R$4.205.750,00";"R$3.000.000,00";
2367;19/09/2022;14;20;24;29;33;37;40;46;47;57;63;65;71;72;75;89;90;91;94;98;0;SAO PAULO/SP;"R$0,00";11;"R$19.318,67";70;"R$1.897,37";614;"R$216,31";3404;"R$39,01";14684;"R$9,04";1;"R$106.252,73";"R$3.000.697,24";"R$4.376.862,50";"R$3.700.000,00";
2368;21/09/2022;3;5;7;8;9;13;14;16;20;32;36;38;40;57;69;75;79;88;91;92;0;;"R$0,00";4;"R$55.383,51";79;"R$1.752,64";709;"R$195,28";4170;"R$33,20";17087;"R$8,10";0;"R$0,00";"R$3.734.528,75";"R$4.562.820,00";"R$4.500.000,00";
2369;23/09/2022;5;20;21;23;29;33;36;40;49;50;52;57;70;71;75;76;84;85;90;99;1;"FORTALEZA DOS NOGUEIRAS/MA; RECIFE/PE";"R$4.409.026,41";5;"R$47.964,28";56;"R$2.676,58";629;"R$238,29";3704;"R$40,46";16366;"R$9,15";1;"R$119.910,73";"R$0,00";"R$4.939.475,00";"R$500.000,00";
2370;26/09/2022;7;8;14;26;38;39;40;41;45;48;50;53;55;59;60;61;67;80;87;89;0;;"R$0,00";3;"R$51.463,83";38;"R$2.539,33";369;"R$261,50";2385;"R$40,45";10572;"R$9,12";0;"R$0,00";"R$511.421,78";"R$3.179.920,00";"R$1.000.000,00";
2371;28/09/2022;5;13;16;20;23;25;27;44;45;52;55;62;63;67;68;86;87;89;91;97;0;CANAL ELETRONICO;"R$0,00";5;"R$34.774,72";38;"R$2.859,76";414;"R$262,49";2628;"R$41,35";12138;"R$8,95";1;"R$86.936,81";"R$1.000.441,19";"R$3.581.182,50";"R$1.500.000,00";
2372;30/09/2022;5;9;10;14;15;25;29;30;34;39;48;56;59;63;65;68;73;76;93;96;0;;"R$0,00";7;"R$27.159,44";65;"R$1.828,04";654;"R$181,68";3275;"R$36,28";13606;"R$8,73";0;"R$0,00";"R$1.630.200,58";"R$3.915.720,00";"R$2.100.000,00";
2373;03/10/2022;2;4;5;15;20;23;25;31;41;43;54;55;60;76;77;78;80;82;84;87;0;;"R$0,00";1;"R$194.783,34";47;"R$2.590,21";437;"R$278,58";2831;"R$43,00";13037;"R$9,33";0;"R$0,00";"R$2.275.420,42";"R$4.011.850,00";"R$2.800.000,00";
2374;05/10/2022;8;10;13;16;33;39;44;47;51;64;65;68;73;75;76;83;89;90;94;96;0;;"R$0,00";3;"R$69.029,54";68;"R$1.903,39";576;"R$224,70";3531;"R$36,65";14956;"R$8,65";0;"R$0,00";"R$2.961.401,44";"R$4.265.295,00";"R$3.600.000,00";
2375;07/10/2022;5;14;24;30;31;33;34;35;36;37;44;47;48;56;65;67;74;75;87;89;1;NITEROI/RJ;"R$3.691.367,06";9;"R$28.838,15";161;"R$1.439,34";1293;"R$125,45";7528;"R$21,54";25920;"R$6,25";0;"R$0,00";"R$129.771,69";"R$5.345.677,50";"R$600.000,00";
2376;10/10/2022;0;2;5;6;10;13;16;25;35;39;41;43;46;54;63;74;77;79;92;97;0;;"R$0,00";3;"R$56.826,68";69;"R$1.544,20";492;"R$216,56";2960;"R$35,99";12270;"R$8,68";0;"R$0,00";"R$694.486,81";"R$3.511.287,50";"R$1.300.000,00";
2377;13/10/2022;4;11;13;15;27;28;37;41;55;61;66;69;70;73;76;84;90;94;98;99;0;SAO MIGUEL DOS MILAGRES/AL;"R$0,00";5;"R$30.972,00";30;"R$3.226,25";339;"R$285,50";2260;"R$42,82";9713;"R$9,96";1;"R$77.430,02";"R$1.130.030,56";"R$3.189.570,00";"R$1.500.000,00";
2378;14/10/2022;7;10;11;14;18;21;35;42;47;50;61;65;66;69;70;74;85;92;97;99;0;;"R$0,00";1;"R$151.905,01";43;"R$2.207,92";482;"R$196,97";2832;"R$33,52";11127;"R$8,53";0;"R$0,00";"R$1.633.215,92";"R$3.128.707,50";"R$2.200.000,00";
2379;17/10/2022;0;6;7;10;16;21;36;38;45;46;49;51;54;58;73;78;80;83;93;96;0;;"R$0,00";13;"R$14.039,51";81;"R$1.408,29";490;"R$232,79";3108;"R$36,70";12629;"R$9,03";0;"R$0,00";"R$2.237.791,97";"R$3.759.135,00";"R$2.800.000,00";
2380;19/10/2022;1;2;3;4;6;11;13;15;19;20;26;61;76;77;79;83;85;86;96;99;3;"EPITACIOLANDIA/AC; FEIRA DE SANTANA/BA; FEIRA DE SANTANA/BA; PAULO AFONSO/BA; SANTO ESTEVAO/BA";"R$936.686,99";17;"R$11.969,02";515;"R$352,76";856;"R$148,56";4602;"R$27,63";16955;"R$7,50";2;"R$50.868,37";"R$0,00";"R$4.190.835,00";"R$500.000,00";
2381;21/10/2022;1;6;7;11;17;18;30;37;39;54;60;65;72;74;80;87;91;92;97;98;0;;"R$0,00";2;"R$81.676,91";37;"R$2.759,36";366;"R$278,95";2360;"R$43,26";10305;"R$9,90";0;"R$0,00";"R$541.109,51";"R$3.364.512,50";"R$1.000.000,00";
2382;24/10/2022;7;8;16;20;27;32;37;46;47;53;54;66;72;75;76;85;87;94;95;99;0;;"R$0,00";7;"R$23.047,90";67;"R$1.505,00";466;"R$216,38";2897;"R$34,80";12386;"R$8,14";0;"R$0,00";"R$1.075.532,58";"R$3.322.937,50";"R$1.600.000,00";
2383;26/10/2022;2;5;7;13;16;18;29;32;36;41;55;58;68;71;73;79;84;86;89;97;1;"CAMBORIU/SC; CAMBORIU/SC";"R$1.559.983,30";1;"R$172.249,14";89;"R$1.728,02";625;"R$172,24";3189;"R$33,75";12661;"R$8,50";1;"R$86.124,60";"R$0,00";"R$3.547.725,00";"R$500.000,00";
2384;28/10/2022;10;22;27;33;34;36;43;44;46;51;55;59;64;65;69;71;72;80;82;92;0;;"R$0,00";1;"R$156.212,18";48;"R$2.034,02";441;"R$221,38";2492;"R$39,17";11426;"R$8,54";0;"R$0,00";"R$517.452,86";"R$3.217.420,00";"R$1.000.000,00";
2385;31/10/2022;0;6;9;38;39;40;44;55;56;57;58;60;62;73;74;76;82;83;92;98;0;;"R$0,00";2;"R$76.820,37";38;"R$2.526,98";402;"R$238,86";2381;"R$40,32";10312;"R$9,31";0;"R$0,00";"R$1.026.387,82";"R$3.164.457,50";"R$1.400.000,00";
2386;03/11/2022;4;5;6;7;14;18;20;25;26;30;38;51;53;67;69;72;74;82;97;98;0;;"R$0,00";3;"R$51.934,54";47;"R$2.071,86";328;"R$296,88";2330;"R$41,79";10249;"R$9,50";0;"R$0,00";"R$1.542.487,30";"R$3.209.005,00";"R$2.000.000,00";
2387;04/11/2022;5;10;16;17;19;25;28;30;36;42;44;48;53;57;58;59;65;67;90;96;0;;"R$0,00";1;"R$158.079,73";65;"R$1.520,00";544;"R$181,61";3070;"R$32,18";12582;"R$7,85";0;"R$0,00";"R$2.066.126,42";"R$3.255.885,00";"R$2.600.000,00";
2388;07/11/2022;1;3;4;8;14;22;34;36;42;44;50;56;68;69;72;77;84;85;89;99;1;"PORANGATU/GO; PORANGATU/GO";"R$2.638.154,74";8;"R$25.423,48";48;"R$2.648,28";522;"R$243,51";3362;"R$37,81";14111;"R$9,00";1;"R$101.693,95";"R$0,00";"R$4.189.072,50";"R$500.000,00";
2389;09/11/2022;8;12;15;16;21;24;25;31;35;36;38;44;51;52;56;61;75;78;80;91;0;;"R$0,00";2;"R$77.389,88";43;"R$2.249,71";426;"R$227,08";2682;"R$36,06";11747;"R$8,23";0;"R$0,00";"R$512.708,01";"R$3.187.917,50";"R$1.000.000,00";
2390;11/11/2022;2;7;9;26;28;29;31;32;34;47;54;55;60;63;66;70;75;79;88;95;0;;"R$0,00";6;"R$30.687,76";116;"R$1.417,23";936;"R$122,94";5802;"R$19,83";15514;"R$7,41";0;"R$0,00";"R$1.122.627,20";"R$3.792.357,50";"R$1.700.000,00";
2391;14/11/2022;1;9;13;16;23;40;42;47;55;61;62;66;68;80;84;86;88;94;95;98;1;SAO PAULO/SP;"R$1.647.709,45";4;"R$46.673,98";42;"R$2.778,21";453;"R$257,58";2691;"R$43,36";11828;"R$9,86";0;"R$0,00";"R$93.347,99";"R$3.845.277,50";"R$500.000,00";
2392;16/11/2022;0;1;6;15;19;24;26;36;42;47;49;55;68;70;73;79;80;81;86;88;0;;"R$0,00";0;"R$0,00";53;"R$1.511,63";409;"R$195,88";2511;"R$31,90";9765;"R$8,20";0;"R$0,00";"R$517.965,80";"R$2.640.190,00";"R$900.000,00";"Acumulado para 19 pontos R$128.186,50"
2393;18/11/2022;0;8;18;21;22;23;28;34;39;41;44;45;47;58;65;67;71;76;89;92;0;;"R$0,00";1;"R$302.902,33";39;"R$2.799,93";471;"R$231,84";2796;"R$39,05";12956;"R$8,42";0;"R$0,00";"R$1.096.711,99";"R$3.598.530,00";"R$1.600.000,00";
2394;21/11/2022;2;5;7;15;16;17;27;28;35;44;45;47;60;63;65;68;84;91;94;95;0;;"R$0,00";2;"R$88.937,68";40;"R$2.779,31";472;"R$235,53";3266;"R$34,03";13972;"R$7,95";0;"R$0,00";"R$1.685.924,10";"R$3.663.605,00";"R$2.200.000,00";
2395;23/11/2022;4;6;10;13;18;29;30;33;38;39;43;58;60;61;65;68;71;90;93;98;0;;"R$0,00";2;"R$88.231,67";46;"R$2.397,60";470;"R$234,65";2923;"R$37,73";12213;"R$9,03";0;"R$0,00";"R$2.270.458,91";"R$3.634.522,50";"R$2.800.000,00";
2396;25/11/2022;6;10;11;17;29;38;42;47;53;55;60;62;64;67;69;70;73;75;86;90;1;"SERRA/ES; SERRA/ES; GOVERNADOR VALADARES/MG";"R$2.799.218,17";8;"R$23.500,41";103;"R$1.629,70";675;"R$174,07";3816;"R$30,79";14696;"R$7,99";2;"R$47.000,83";"R$0,00";"R$3.872.205,00";"R$400.000,00";
2397;28/11/2022;3;8;21;44;47;48;52;53;54;58;64;67;70;73;74;77;78;91;95;98;0;;"R$0,00";4;"R$32.854,05";25;"R$3.285,41";379;"R$216,71";2338;"R$35,13";9256;"R$8,87";0;"R$0,00";"R$435.316,13";"R$2.706.710,00";"R$900.000,00";
2398;30/11/2022;5;7;8;23;27;30;34;36;39;47;59;61;65;72;74;76;81;85;87;94;7;"MANACAPURU/AM; FORTALEZA/CE; ANAPOLIS/GO; SAO GONCALO DO PARA/MG; CUIABA/MT; SAO DOMINGOS DO ARAGUAIA/PA; SAO DOMINGOS DO ARAGUAIA/PA; AREIAL/PB; TERESINA/PI; RIO DE JANEIRO/RJ; RIO DE JANEIRO/RJ; DUERE/TO; DUERE/TO";"R$124.563,54";39;"R$3.980,66";189;"R$733,39";1012;"R$95,87";5959;"R$16,28";14288;"R$6,79";6;"R$12.937,15";"R$0,00";"R$3.197.515,00";"R$400.000,00";
2399;02/12/2022;2;9;13;23;25;30;35;43;48;56;59;66;69;70;73;77;82;86;87;91;0;;"R$0,00";6;"R$24.950,31";42;"R$2.227,71";323;"R$289,67";2327;"R$40,20";9940;"R$9,41";0;"R$0,00";"R$495.887,37";"R$3.083.330,00";"R$800.000,00";
2400;05/12/2022;10;14;19;28;32;33;36;48;49;53;56;60;71;77;84;86;90;92;95;99;1;PATO BRANCO/PR;"R$927.063,15";3;"R$51.102,31";40;"R$2.395,43";463;"R$206,94";2619;"R$36,58";10473;"R$9,14";0;"R$0,00";"R$76.653,48";"R$3.157.582,50";"R$500.000,00";
2401;07/12/2022;0;11;13;16;22;32;40;41;43;46;59;71;78;80;84;86;92;93;96;98;0;;"R$0,00";8;"R$20.184,04";67;"R$1.506,27";432;"R$233,61";2810;"R$35,91";11452;"R$8,81";0;"R$0,00";"R$611.530,50";"R$3.325.760,00";"R$1.000.000,00";
2402;09/12/2022;0;10;20;26;28;35;38;43;48;50;56;66;67;72;76;80;82;86;88;94;0;;"R$0,00";3;"R$51.765,82";61;"R$1.591,16";1943;"R$49,95";2698;"R$35,97";11411;"R$8,50";0;"R$0,00";"R$1.125.953,33";"R$3.198.580,00";"R$1.700.000,00";
2403;12/12/2022;1;9;19;23;24;25;27;32;39;43;44;53;60;62;68;76;86;88;96;99;0;;"R$0,00";5;"R$36.452,41";39;"R$2.920,87";478;"R$238,31";2700;"R$42,19";12146;"R$9,37";0;"R$0,00";"R$1.729.696,30";"R$3.753.955,00";"R$2.300.000,00";
2404;14/12/2022;0;2;18;20;21;27;45;46;50;53;55;57;58;64;68;77;79;85;88;89;0;BELO HORIZONTE/MG;"R$0,00";2;"R$93.338,55";70;"R$1.666,76";513;"R$227,43";3329;"R$35,04";14248;"R$8,18";1;"R$93.338,58";"R$2.254.725,64";"R$3.844.890,00";"R$2.800.000,00";
2405;16/12/2022;0;3;4;6;10;17;18;20;29;31;36;38;43;56;59;75;91;93;98;99;0;;"R$0,00";2;"R$102.821,73";86;"R$1.494,50";719;"R$178,75";4370;"R$29,41";17427;"R$7,37";0;"R$0,00";"R$2.935.919,59";"R$4.235.530,00";"R$3.600.000,00";
2406;19/12/2022;5;7;11;15;19;26;28;32;53;54;62;69;72;75;76;80;81;82;93;95;0;;"R$0,00";3;"R$70.310,13";65;"R$2.028,18";524;"R$251,58";3415;"R$38,60";14386;"R$9,16";0;"R$0,00";"R$3.634.626,55";"R$4.344.422,50";"R$4.300.000,00";
2407;21/12/2022;6;19;26;28;29;31;41;59;60;63;68;71;74;78;79;81;85;92;97;99;0;;"R$0,00";4;"R$61.778,29";49;"R$3.151,96";548;"R$281,83";3541;"R$43,61";15796;"R$9,77";0;"R$0,00";"R$4.453.188,95";"R$5.089.660,00";"R$5.200.000,00";
2408;23/12/2022;0;4;7;11;23;27;30;33;40;52;65;68;70;71;72;76;78;79;85;90;0;;"R$0,00";11;"R$24.810,66";68;"R$2.508,43";603;"R$282,87";3859;"R$44,20";17239;"R$9,89";0;"R$0,00";"R$5.357.227,27";"R$5.621.132,50";"R$6.100.000,00";
2409;26/12/2022;4;7;8;12;18;33;35;46;49;51;65;66;69;72;76;80;81;83;86;89;0;;"R$0,00";7;"R$36.773,51";65;"R$2.475,14";752;"R$213,94";4372;"R$36,79";18400;"R$8,74";0;"R$0,00";"R$6.209.913,06";"R$5.301.832,50";"R$6.900.000,00";
2410;28/12/2022;1;8;11;15;16;19;23;26;35;49;60;61;62;65;78;87;92;95;96;98;1;CAJOBI/SP;"R$6.991.378,09";4;"R$69.463,56";70;"R$2.480,84";669;"R$259,57";4000;"R$43,41";17950;"R$9,67";0;"R$0,00";"R$138.927,14";"R$5.722.817,50";"R$600.000,00";
2411;30/12/2022;0;1;2;7;9;15;19;29;39;40;57;61;66;68;82;88;89;93;95;96;0;;"R$0,00";4;"R$46.484,81";61;"R$1.905,12";496;"R$234,29";3062;"R$37,95";13310;"R$8,73";0;"R$0,00";"R$754.850,86";"R$3.829.692,50";"R$1.200.000,00";
2412;02/01/2023;0;1;7;8;9;32;35;36;38;47;52;55;56;71;73;74;92;94;98;99;0;;"R$0,00";53;"R$3.466,66";88;"R$1.864,17";595;"R$192,99";3327;"R$34,51";13853;"R$8,28";0;"R$0,00";"R$1.363.465,72";"R$3.784.247,50";"R$1.900.000,00";
2413;04/01/2023;6;11;13;16;19;24;26;37;42;46;47;53;58;70;85;87;88;93;94;99;0;;"R$0,00";3;"R$67.899,65";67;"R$1.900,18";487;"R$261,42";3239;"R$39,30";14209;"R$8,95";0;"R$0,00";"R$2.038.218,49";"R$4.195.480,00";"R$2.600.000,00";
2414;06/01/2023;3;6;7;8;17;32;36;37;41;43;49;57;67;72;73;74;77;91;95;99;0;;"R$0,00";4;"R$59.801,80";64;"R$2.336,01";677;"R$220,83";3722;"R$40,16";16855;"R$8,87";0;"R$0,00";"R$2.830.592,37";"R$4.926.825,00";"R$3.600.000,00";
2415;09/01/2023;2;7;11;27;32;39;47;60;61;62;64;69;70;71;74;81;87;91;94;95;0;;"R$0,00";3;"R$83.856,99";88;"R$1.786,73";942;"R$166,91";4553;"R$34,53";17515;"R$8,97";0;"R$0,00";"R$3.663.921,24";"R$5.181.475,00";"R$4.500.000,00";
2416;11/01/2023;8;18;37;40;44;47;50;54;63;64;65;67;68;74;78;81;84;87;88;95;0;;"R$0,00";7;"R$38.306,52";103;"R$1.627,10";858;"R$195,32";4896;"R$34,23";19697;"R$8,50";0;"R$0,00";"R$4.552.153,74";"R$5.522.855,00";"R$5.400.000,00";
2417;13/01/2023;2;10;14;15;21;31;39;46;51;52;55;60;61;64;65;80;81;85;86;92;0;;"R$0,00";8;"R$37.112,03";69;"R$2.689,28";820;"R$226,29";4655;"R$39,86";19540;"R$9,49";0;"R$0,00";"R$5.535.622,43";"R$6.115.015,00";"R$6.500.000,00";
2418;16/01/2023;4;18;21;31;32;34;35;36;40;42;45;48;50;59;68;75;82;87;93;97;0;;"R$0,00";6;"R$50.028,99";67;"R$2.800,13";681;"R$275,49";4365;"R$42,98";19802;"R$9,47";0;"R$0,00";"R$6.529.948,66";"R$6.182.525,00";"R$7.500.000,00";
2419;18/01/2023;6;16;29;35;41;44;46;52;57;62;63;79;84;85;87;88;91;93;94;96;0;;"R$0,00";6;"R$50.718,35";100;"R$1.901,94";798;"R$238,33";4861;"R$39,12";20760;"R$9,16";0;"R$0,00";"R$7.537.975,87";"R$6.267.715,00";"R$8.500.000,00";
2420;20/01/2023;1;4;5;8;9;22;25;26;51;64;66;68;70;72;74;78;79;91;94;95;0;;"R$0,00";29;"R$11.281,26";104;"R$1.966,09";836;"R$244,58";5325;"R$38,39";21717;"R$9,41";0;"R$0,00";"R$8.621.682,15";"R$6.738.272,50";"R$9.600.000,00";
2421;23/01/2023;4;11;22;24;27;32;34;37;49;57;64;69;70;71;76;77;86;93;95;97;0;;"R$0,00";9;"R$37.773,97";103;"R$2.062,90";907;"R$234,26";5337;"R$39,81";23899;"R$8,89";0;"R$0,00";"R$9.747.818,60";"R$7.002.095,00";"R$11.000.000,00";
2422;25/01/2023;6;7;17;26;30;31;33;36;42;44;48;51;53;56;58;61;73;81;86;95;1;"IGARATA/SP; IGARATA/SP";"R$10.727.597,47";13;"R$26.797,37";149;"R$1.461,27";1165;"R$186,89";6898;"R$31,56";28123;"R$7,74";1;"R$174.182,94";"R$0,00";"R$7.175.107,50";"R$500.000,00";
2423;27/01/2023;2;6;7;11;12;15;20;21;24;29;32;34;35;39;54;59;60;78;84;88;0;;"R$0,00";6;"R$30.243,67";65;"R$1.744,82";639;"R$177,48";3327;"R$34,08";13784;"R$8,22";0;"R$0,00";"R$601.092,92";"R$3.737.477,50";"R$1.200.000,00";
2424;30/01/2023;2;3;10;13;26;33;39;48;50;51;56;57;60;67;74;78;80;84;90;94;0;;"R$0,00";1;"R$193.255,05";64;"R$1.887,26";428;"R$282,20";2663;"R$45,35";12000;"R$10,06";0;"R$0,00";"R$1.241.250,27";"R$3.980.372,50";"R$1.800.000,00";
2425;01/02/2023;13;14;19;23;34;35;36;42;43;49;58;63;67;68;77;82;92;95;97;98;0;;"R$0,00";5;"R$42.058,17";82;"R$1.602,83";725;"R$181,28";3982;"R$33,00";16465;"R$7,98";0;"R$0,00";"R$1.937.838,73";"R$4.331.250,00";"R$2.600.000,00";
2426;03/02/2023;0;16;17;18;19;26;28;35;39;40;43;58;67;69;75;77;78;85;90;95;0;;"R$0,00";7;"R$33.737,19";62;"R$2.380,65";636;"R$232,07";3703;"R$39,85";16986;"R$8,68";0;"R$0,00";"R$2.720.119,82";"R$4.864.070,00";"R$3.500.000,00";
2427;06/02/2023;1;16;17;22;24;29;34;39;42;48;50;51;64;69;73;75;77;81;89;96;0;;"R$0,00";4;"R$64.713,87";94;"R$1.721,12";765;"R$211,48";4289;"R$37,72";18379;"R$8,80";0;"R$0,00";"R$3.577.578,58";"R$5.331.510,00";"R$4.400.000,00";
2428;08/02/2023;1;3;16;22;26;31;37;48;54;55;56;61;62;64;73;78;82;92;96;99;0;;"R$0,00";5;"R$54.692,20";81;"R$2.110,04";816;"R$209,45";4964;"R$34,43";19961;"R$8,56";0;"R$0,00";"R$4.483.418,19";"R$5.632.332,50";"R$5.200.000,00";
2429;10/02/2023;2;11;14;17;24;32;34;45;54;59;60;63;67;68;71;77;79;83;86;93;1;CANAL ELETRONICO;"R$5.362.351,32";7;"R$44.644,23";116;"R$1.683,78";999;"R$195,51";5757;"R$33,92";23444;"R$8,33";0;"R$0,00";"R$156.254,81";"R$6.436.595,00";"R$650.000,00";
2430;13/02/2023;2;3;4;5;12;18;30;33;35;39;42;50;53;55;73;78;84;87;95;97;0;;"R$0,00";7;"R$26.107,85";65;"R$1.757,26";592;"R$192,94";3545;"R$32,22";14494;"R$7,88";0;"R$0,00";"R$761.630,58";"R$3.764.107,50";"R$1.300.000,00";
2431;15/02/2023;5;6;11;12;13;14;16;20;34;46;52;61;62;66;80;82;83;89;91;98;0;;"R$0,00";3;"R$64.269,25";39;"R$3.089,87";402;"R$299,76";2805;"R$42,96";12368;"R$9,74";0;"R$0,00";"R$1.400.306,30";"R$3.971.160,00";"R$2.000.000,00";
2432;17/02/2023;2;5;11;12;15;20;23;35;36;44;45;53;57;64;68;71;75;78;82;99;0;;"R$0,00";2;"R$113.609,31";72;"R$1.972,39";695;"R$204,33";3952;"R$35,93";17598;"R$8,06";0;"R$0,00";"R$2.152.968,00";"R$4.679.902,50";"R$2.900.000,00";
2433;22/02/2023;12;25;26;29;34;38;42;47;50;56;65;66;72;74;80;85;87;90;93;99;0;;"R$0,00";3;"R$81.380,11";83;"R$1.838,41";675;"R$226,05";4056;"R$37,62";17377;"R$8,78";0;"R$0,00";"R$2.961.682,88";"R$5.028.430,00";"R$3.600.000,00";
2434;24/02/2023;2;4;5;10;12;18;26;29;31;35;59;63;64;68;73;76;77;81;84;98;0;;"R$0,00";4;"R$66.175,92";65;"R$2.545,23";673;"R$245,82";4196;"R$39,42";18508;"R$8,93";0;"R$0,00";"R$3.838.513,84";"R$5.451.962,50";"R$4.700.000,00";
2435;27/02/2023;8;9;25;27;29;31;35;40;44;46;47;64;71;72;75;78;79;88;94;98;0;;"R$0,00";4;"R$69.570,80";93;"R$1.870,18";699;"R$248,82";4654;"R$37,37";19787;"R$8,78";0;"R$0,00";"R$4.760.326,93";"R$5.731.652,50";"R$5.700.000,00";
2436;01/03/2023;0;3;34;35;36;42;45;56;62;63;66;72;73;75;83;87;89;92;93;95;0;;"R$0,00";17;"R$17.334,13";160;"R$1.644,42";1392;"R$132,30";6965;"R$26,44";26689;"R$6,90";0;"R$0,00";"R$5.736.455,42";"R$6.069.375,00";"R$6.700.000,00";
2437;03/03/2023;6;11;14;15;23;25;27;28;33;38;41;42;45;49;50;51;52;63;69;96;0;;"R$0,00";25;"R$13.441,54";235;"R$1.276,74";1506;"R$139,45";7598;"R$27,64";38135;"R$5,50";0;"R$0,00";"R$6.849.583,26";"R$6.921.210,00";"R$7.900.000,00";
2438;06/03/2023;1;4;12;13;22;28;31;32;41;44;53;55;64;73;88;89;92;93;95;99;0;;"R$0,00";12;"R$29.079,23";117;"R$1.864,06";1099;"R$198,44";7777;"R$28,04";27072;"R$8,05";0;"R$0,00";"R$8.005.482,64";"R$7.187.155,00";"R$9.000.000,00";
2439;08/03/2023;4;13;18;35;37;39;41;47;48;53;57;64;65;67;73;80;81;82;86;87;1;SAO PAULO/SP;"R$9.137.925,84";9;"R$44.738,50";158;"R$1.592,75";1301;"R$193,43";8070;"R$31,18";33443;"R$7,52";0;"R$0,00";"R$201.323,25";"R$8.293.097,50";"R$700.000,00";
2440;10/03/2023;4;5;6;8;19;24;27;33;40;42;43;50;52;56;69;83;88;89;90;95;1;TIANGUA/CE;"R$751.806,66";0;"R$0,00";37;"R$3.306,21";415;"R$294,77";2604;"R$46,97";11915;"R$10,26";0;"R$0,00";"R$97.863,74";"R$4.031.295,00";"R$700.000,00";"Valor acumulado para 19 acertos: R$ 195.727,44"
2441;13/03/2023;0;1;3;4;9;11;13;24;25;36;39;49;64;65;67;75;82;88;96;97;0;;"R$0,00";2;"R$187.077,41";44;"R$2.534,48";430;"R$259,34";2637;"R$42,28";11838;"R$9,42";0;"R$0,00";"R$688.904,48";"R$3.674.975,00";"R$1.200.000,00";
2442;15/03/2023;3;4;6;8;14;15;19;23;31;34;48;49;52;60;77;82;85;89;91;93;0;;"R$0,00";4;"R$49.038,55";56;"R$2.189,22";502;"R$244,21";3171;"R$38,66";13968;"R$8,77";0;"R$0,00";"R$1.338.665,31";"R$4.040.085,00";"R$2.000.000,00";
2443;17/03/2023;0;7;8;15;30;33;51;57;60;68;69;74;75;76;78;84;85;89;92;93;0;;"R$0,00";3;"R$71.484,93";66;"R$2.030,82";459;"R$292,01";3202;"R$41,85";20187;"R$6,63";0;"R$0,00";"R$2.049.046,82";"R$4.417.012,50";"R$2.700.000,00";
2444;20/03/2023;0;6;13;29;31;33;42;48;51;52;58;63;64;82;84;87;88;90;94;98;0;;"R$0,00";2;"R$106.570,97";71;"R$1.876,25";582;"R$228,88";3598;"R$37,02";15726;"R$8,47";0;"R$0,00";"R$2.755.079,52";"R$4.389.972,50";"R$3.400.000,00";
2445;22/03/2023;4;18;19;23;24;30;33;42;43;46;52;53;55;63;65;71;80;82;89;93;0;;"R$0,00";2;"R$109.843,93";53;"R$2.590,66";601;"R$228,46";3529;"R$38,90";16186;"R$8,48";0;"R$0,00";"R$3.482.795,52";"R$4.524.795,00";"R$4.200.000,00";
2446;24/03/2023;1;11;23;25;34;39;44;47;56;65;67;72;74;78;80;89;91;92;98;99;1;"ARARAQUARA/SP; ARARAQUARA/SP";"R$4.155.505,71";4;"R$59.796,46";119;"R$1.794,61";926;"R$161,43";5281;"R$28,30";21713;"R$6,88";1;"R$119.592,94";"R$0,00";"R$4.926.385,00";"R$500.000,00";
2447;27/03/2023;4;5;7;15;39;40;44;51;55;60;62;68;74;75;76;77;80;88;95;97;0;;"R$0,00";2;"R$78.421,43";56;"R$1.750,48";437;"R$224,31";2827;"R$34,67";12298;"R$7,97";0;"R$0,00";"R$519.542,01";"R$3.230.410,00";"R$1.000.000,00";
2448;29/03/2023;7;9;18;20;21;28;29;35;38;39;42;61;64;70;73;76;78;87;89;90;2;"NOVO GAMA/GO; CRUZEIRO DO IGUACU/PR; CRUZEIRO DO IGUACU/PR";"R$494.844,77";3;"R$55.721,19";55;"R$1.899,59";460;"R$227,12";2552;"R$40,93";10848;"R$9,63";1;"R$83.581,81";"R$0,00";"R$3.442.980,00";"R$500.000,00";
2449;31/03/2023;0;3;14;15;17;18;32;34;37;46;52;54;59;60;62;73;85;87;91;94;0;;"R$0,00";2;"R$83.840,68";40;"R$2.620,02";463;"R$226,35";2858;"R$36,66";12274;"R$8,53";0;"R$0,00";"R$555.444,57";"R$3.453.645,00";"R$1.100.000,00";
2450;03/04/2023;5;9;19;21;22;28;45;53;65;67;71;75;81;83;85;86;92;94;95;98;0;;"R$0,00";7;"R$25.635,96";48;"R$2.336,61";514;"R$218,20";3182;"R$35,24";13474;"R$8,32";0;"R$0,00";"R$1.149.878,38";"R$3.696.072,50";"R$1.800.000,00";
2451;05/04/2023;15;17;19;20;22;24;25;26;38;46;50;53;56;57;62;66;78;82;90;94;0;;"R$0,00";3;"R$65.516,96";67;"R$1.833,50";536;"R$229,18";3039;"R$40,42";14263;"R$8,61";0;"R$0,00";"R$1.800.953,19";"R$4.048.255,00";"R$2.500.000,00";
2452;08/04/2023;6;7;17;19;20;26;27;30;31;35;52;63;66;68;72;77;81;84;86;98;0;;"R$0,00";5;"R$35.393,15";56;"R$1.975,06";437;"R$253,09";2804;"R$39,44";12210;"R$9,05";0;"R$0,00";"R$2.387.152,18";"R$3.644.870,00";"R$3.000.000,00";
2453;10/04/2023;2;3;6;12;18;19;20;23;25;50;51;53;58;65;76;81;85;89;94;95;0;;"R$0,00";3;"R$53.286,71";46;"R$2.172,01";396;"R$252,30";2621;"R$38,12";11055;"R$9,03";0;"R$0,00";"R$2.916.688,88";"R$3.292.555,00";"R$3.400.000,00";
2454;12/04/2023;5;11;16;21;28;44;47;54;55;60;62;66;73;76;78;80;88;95;96;97;0;;"R$0,00";4;"R$60.395,14";71;"R$2.126,59";700;"R$215,69";4369;"R$34,55";17627;"R$8,56";0;"R$0,00";"R$3.716.924,46";"R$4.975.707,50";"R$4.500.000,00";
2455;14/04/2023;0;1;7;12;14;22;27;30;40;42;46;60;61;65;85;86;87;92;95;97;0;;"R$0,00";3;"R$86.015,37";71;"R$2.271,53";661;"R$243,99";3517;"R$45,85";16089;"R$10,02";0;"R$0,00";"R$4.571.702,23";"R$5.314.840,00";"R$5.300.000,00";
2456;17/04/2023;1;4;11;12;18;23;28;35;40;42;46;48;53;55;58;63;80;83;88;97;0;PAICANDU/PR;"R$0,00";2;"R$130.106,74";79;"R$2.058,65";820;"R$198,33";4838;"R$33,61";21897;"R$7,42";1;"R$130.106,75";"R$5.303.552,62";"R$5.359.480,00";"R$6.200.000,00";
2457;19/04/2023;4;5;6;7;11;18;22;24;27;33;36;41;61;67;68;83;87;88;96;98;0;;"R$0,00";3;"R$93.092,07";103;"R$1.694,64";787;"R$221,78";4797;"R$36,38";20297;"R$8,59";0;"R$0,00";"R$6.228.655,05";"R$5.752.105,00";"R$7.000.000,00";
2458;22/04/2023;3;5;6;7;9;11;16;20;22;24;35;36;49;57;58;67;69;80;83;88;0;;"R$0,00";9;"R$30.644,42";185;"R$1.331,07";1308;"R$131,78";6761;"R$25,49";25683;"R$6,71";0;"R$0,00";"R$7.142.241,77";"R$5.680.502,50";"R$8.000.000,00";
2459;24/04/2023;7;31;34;36;37;38;44;46;47;51;54;58;59;66;71;84;87;90;92;95;0;;"R$0,00";5;"R$51.936,68";81;"R$2.003,73";769;"R$211,05";4268;"R$38,02";18786;"R$8,63";0;"R$0,00";"R$8.002.443,08";"R$5.348.562,50";"R$8.800.000,00";
2460;26/04/2023;1;8;24;27;34;37;48;50;55;56;58;61;63;65;67;73;79;83;92;94;0;PARANAGUA/PR;"R$0,00";6;"R$52.096,86";87;"R$2.245,56";836;"R$233,68";4960;"R$39,38";21634;"R$9,03";1;"R$156.290,61";"R$8.881.577,63";"R$6.438.070,00";"R$10.000.000,00";
2461;28/04/2023;18;19;20;21;22;26;27;30;33;34;50;51;55;61;63;69;82;88;89;90;0;;"R$0,00";4;"R$86.818,83";122;"R$1.779,08";1068;"R$203,22";5965;"R$36,38";24585;"R$8,82";0;"R$0,00";"R$10.031.927,22";"R$7.152.647,50";"R$11.000.000,00";
2462;02/05/2023;0;21;22;27;28;29;33;36;40;43;48;50;52;56;61;63;73;92;95;97;0;;"R$0,00";3;"R$107.200,39";85;"R$2.364,72";816;"R$246,32";4832;"R$41,59";20708;"R$9,70";0;"R$0,00";"R$11.097.231,10";"R$6.623.850,00";"R$12.200.000,00";
2463;03/05/2023;1;3;4;5;8;9;18;19;24;30;31;58;60;67;70;75;77;79;86;90;0;;"R$0,00";13;"R$22.527,36";120;"R$1.525,29";921;"R$198,73";4692;"R$39,00";19499;"R$9,38";0;"R$0,00";"R$12.067.315,50";"R$6.031.794,00";"R$13.000.000,00";
2464;05/05/2023;8;10;11;16;17;18;24;26;29;41;45;51;54;59;70;80;87;94;96;97;1;"SAO PAULO/SP; SAO PAULO/SP";"R$13.323.089,02";3;"R$148.832,42";81;"R$3.445,19";748;"R$373,07";4899;"R$56,96";22580;"R$12,35";1;"R$223.248,65";"R$0,00";"R$9.196.269,00";"R$600.000,00";
2465;08/05/2023;7;13;28;29;30;34;35;40;43;59;63;64;75;76;80;81;85;87;93;99;0;;"R$0,00";1;"R$188.258,49";38;"R$3.096,36";319;"R$368,84";2196;"R$53,57";9579;"R$12,28";0;"R$0,00";"R$623.606,25";"R$3.877.461,00";"R$1.200.000,00";
2466;10/05/2023;3;5;13;21;24;28;30;32;35;36;42;55;61;62;70;73;83;86;91;94;0;;"R$0,00";2;"R$98.906,40";54;"R$2.289,50";442;"R$279,71";2436;"R$50,75";11433;"R$10,81";0;"R$0,00";"R$1.278.861,14";"R$4.074.246,00";"R$2.000.000,00";
2467;12/05/2023;6;7;9;10;13;14;18;20;22;23;25;32;34;41;44;50;56;65;71;84;0;CONCHAS/SP;"R$0,00";9;"R$23.922,46";124;"R$1.550,27";907;"R$148,36";11751;"R$11,45";16921;"R$7,95";1;"R$107.651,11";"R$1.884.398,42";"R$4.434.465,00";"R$2.500.000,00";
2468;15/05/2023;1;4;6;14;15;20;32;40;43;45;54;57;67;74;75;81;92;93;94;99;1;"PORTO NACIONAL/TO; PORTO NACIONAL/TO";"R$2.486.075,49";0;"R$0,00";48;"R$2.785,54";396;"R$337,64";2425;"R$55,13";10843;"R$12,33";1;"R$106.964,84";"R$0,00";"R$4.406.196,00";"R$500.000,00";"Valor acumulado para 19 acertos: R$ 213.929,63"
2469;17/05/2023;7;10;11;15;23;29;31;35;36;47;60;61;65;68;70;86;92;93;97;99;0;;"R$0,00";2;"R$189.137,30";34;"R$3.021,05";370;"R$277,60";2095;"R$49,02";9218;"R$11,14";0;"R$0,00";"R$544.392,76";"R$3.384.927,00";"R$1.100.000,00";
2470;19/05/2023;0;4;6;14;23;25;33;37;42;49;53;56;60;61;62;69;84;91;96;97;0;;"R$0,00";6;"R$32.263,82";54;"R$2.240,54";463;"R$261,31";2821;"R$42,88";10671;"R$11,33";0;"R$0,00";"R$1.185.636,28";"R$3.987.126,00";"R$1.800.000,00";
2471;22/05/2023;0;3;5;14;25;26;35;37;38;39;51;65;69;73;75;77;79;84;90;98;0;;"R$0,00";2;"R$97.234,48";50;"R$2.430,87";414;"R$293,58";2614;"R$46,49";11746;"R$10,34";0;"R$0,00";"R$1.829.814,75";"R$4.005.375,00";"R$2.500.000,00";
2472;24/05/2023;3;4;16;20;28;43;47;49;51;54;58;61;62;63;71;82;84;86;91;95;0;;"R$0,00";1;"R$193.641,35";48;"R$2.521,37";395;"R$306,39";2437;"R$49,66";10808;"R$11,19";0;"R$0,00";"R$2.471.251,74";"R$3.988.329,00";"R$3.000.000,00";
2473;26/05/2023;2;5;13;18;19;26;30;33;41;43;45;59;63;64;67;68;72;79;90;95;0;;"R$0,00";2;"R$111.806,71";72;"R$1.941,09";548;"R$255,03";3127;"R$44,69";13200;"R$10,58";0;"R$0,00";"R$3.211.971,21";"R$4.605.648,00";"R$4.000.000,00";
2474;29/05/2023;7;11;12;14;19;22;26;28;31;32;36;43;46;48;50;51;64;69;75;94;0;;"R$0,00";2;"R$111.680,64";74;"R$1.886,50";576;"R$242,36";3470;"R$40,23";22459;"R$6,21";0;"R$0,00";"R$3.951.855,51";"R$4.600.455,00";"R$4.700.000,00";
2475;31/05/2023;5;6;10;15;16;18;21;27;29;33;34;41;42;47;50;56;63;71;83;99;1;"CANAL ELETRONICO; PETROLINA/PE";"R$4.625.317,69";12;"R$19.954,44";95;"R$1.575,35";817;"R$183,18";4172;"R$35,87";25150;"R$5,95";1;"R$119.726,63";"R$0,00";"R$4.931.892,00";"R$500.000,00";
2476;02/06/2023;10;12;15;16;17;26;44;46;47;53;56;62;64;72;75;78;85;92;94;95;0;;"R$0,00";13;"R$14.139,87";56;"R$2.051,54";484;"R$237,36";2953;"R$38,90";12466;"R$9,21";0;"R$0,00";"R$608.898,16";"R$3.786.009,00";"R$1.200.000,00";
2477;05/06/2023;2;6;12;22;31;34;58;63;64;67;70;72;75;76;80;83;89;92;96;98;0;;"R$0,00";5;"R$37.669,06";40;"R$2.942,90";436;"R$269,99";2494;"R$47,19";10919;"R$10,78";0;"R$0,00";"R$1.232.791,96";"R$3.879.249,00";"R$1.800.000,00";
2478;07/06/2023;0;5;7;11;22;35;37;50;58;66;67;74;80;83;86;87;88;90;92;94;0;;"R$0,00";11;"R$19.556,27";93;"R$2.065,27";734;"R$183,17";3478;"R$38,65";14421;"R$9,32";0;"R$0,00";"R$1.945.373,37";"R$4.430.691,00";"R$2.600.000,00";
2479;09/06/2023;13;18;26;31;44;45;57;58;59;60;61;62;64;65;73;76;82;88;89;90;0;;"R$0,00";3;"R$67.543,45";55;"R$2.302,62";528;"R$239,85";3125;"R$40,52";12088;"R$10,47";0;"R$0,00";"R$2.616.586,47";"R$4.173.471,00";"R$3.200.000,00";
2480;12/06/2023;0;1;14;17;18;19;35;37;52;56;59;67;69;71;74;87;91;93;96;99;0;;"R$0,00";7;"R$34.893,85";74;"R$2.062,98";600;"R$254,43";4279;"R$35,67";15049;"R$10,14";0;"R$0,00";"R$3.425.687,66";"R$5.030.832,00";"R$4.200.000,00";
2481;14/06/2023;5;8;18;21;28;31;32;37;40;44;47;52;55;56;60;62;75;78;89;92;0;;"R$0,00";2;"R$123.772,50";41;"R$3.773,55";482;"R$320,98";2964;"R$52,19";13547;"R$11,42";0;"R$0,00";"R$4.245.680,46";"R$5.098.554,00";"R$5.000.000,00";
2482;16/06/2023;0;11;13;17;25;28;31;32;33;34;39;41;42;63;64;78;81;83;87;90;0;;"R$0,00";4;"R$71.969,14";80;"R$2.249,03";559;"R$321,86";3674;"R$48,97";15965;"R$11,26";0;"R$0,00";"R$5.199.271,57";"R$5.929.242,00";"R$6.000.000,00";
2483;19/06/2023;2;14;19;27;38;41;55;59;60;67;68;69;70;74;76;78;81;90;98;99;0;;"R$0,00";4;"R$74.590,66";53;"R$3.518,43";597;"R$312,35";3724;"R$50,07";16226;"R$11,49";0;"R$0,00";"R$6.187.597,76";"R$6.145.218,00";"R$7.200.000,00";
2484;21/06/2023;2;6;9;13;18;19;21;24;40;41;51;52;53;54;56;65;79;82;86;95;0;CANAL ELETRONICO;"R$0,00";4;"R$80.612,98";68;"R$2.963,71";646;"R$311,96";4301;"R$46,85";18090;"R$11,14";1;"R$161.225,99";"R$7.094.493,84";"R$6.641.373,00";"R$8.000.000,00";
2485;23/06/2023;2;5;6;7;11;12;23;42;43;44;66;74;76;79;82;84;85;86;89;92;0;;"R$0,00";8;"R$40.139,12";83;"R$2.418,02";712;"R$281,87";4371;"R$45,91";19061;"R$10,52";0;"R$0,00";"R$8.158.180,43";"R$6.613.794,00";"R$9.000.000,00";
2486;26/06/2023;6;13;16;17;28;33;40;45;46;48;52;67;72;73;79;85;93;94;97;98;0;;"R$0,00";10;"R$34.464,12";91;"R$2.367,04";810;"R$265,92";4661;"R$46,21";19778;"R$10,89";0;"R$0,00";"R$9.299.804,35";"R$7.098.393,00";"R$10.400.000,00";
2487;28/06/2023;0;2;3;8;14;18;23;25;27;31;48;62;65;76;83;84;88;90;91;95;1;"PRESIDENTE TANCREDO NEVES/BA; PRESIDENTE TANCREDO NEVES/BA; ROLANTE/RS";"R$10.381.106,79";1;"R$384.463,09";109;"R$2.204,49";878;"R$273,67";5424;"R$44,30";23384;"R$10,27";2;"R$96.115,78";"R$0,00";"R$7.918.584,00";"R$500.000,00";
2488;30/06/2023;1;2;9;19;20;25;27;51;54;56;59;61;62;63;67;73;81;90;95;99;0;;"R$0,00";2;"R$90.831,52";40;"R$2.838,48";369;"R$307,69";2572;"R$44,14";11180;"R$10,15";0;"R$0,00";"R$601.758,83";"R$3.741.618,00";"R$1.200.000,00";
2489;03/07/2023;4;7;14;21;22;37;38;41;45;46;53;66;76;77;78;81;85;87;93;94;0;;"R$0,00";4;"R$52.404,73";57;"R$2.298,45";505;"R$259,42";3295;"R$39,76";12213;"R$10,72";0;"R$0,00";"R$1.296.121,59";"R$4.317.411,00";"R$2.000.000,00";
2490;05/07/2023;0;2;10;13;23;28;31;35;37;40;42;45;52;64;77;79;81;88;90;92;0;;"R$0,00";4;"R$59.398,41";63;"R$2.357,08";641;"R$231,66";3563;"R$41,67";15086;"R$9,84";0;"R$0,00";"R$2.083.150,51";"R$4.893.591,00";"R$2.800.000,00";
2491;07/07/2023;0;1;11;14;15;20;26;32;40;49;50;57;61;63;70;73;78;82;85;99;0;;"R$0,00";2;"R$139.493,73";72;"R$2.421,77";592;"R$294,53";3334;"R$52,29";15146;"R$11,51";0;"R$0,00";"R$3.007.296,50";"R$5.746.158,00";"R$4.000.000,00";
2492;10/07/2023;1;2;10;12;15;17;26;27;28;30;37;48;54;55;71;77;78;83;86;97;0;;"R$0,00";0;"R$0,00";65;"R$2.661,60";641;"R$269,89";3777;"R$45,80";16314;"R$10,60";0;"R$0,00";"R$3.924.216,78";"R$5.701.230,00";"R$4.800.000,00";"Valor acumulado para 19 acertos: 276.806,12."
2493;12/07/2023;12;15;24;25;26;28;46;49;54;63;69;74;75;78;82;84;88;89;92;99;1;ANANINDEUA/PA;"R$4.709.472,44";3;"R$185.336,04";107;"R$1.630,85";843;"R$207,00";4714;"R$37,01";18433;"R$9,46";0;"R$0,00";"R$139.601,04";"R$5.750.577,00";"R$700.000,00";
2494;14/07/2023;7;24;36;38;39;47;50;53;56;57;58;64;65;71;74;77;80;81;86;89;0;JACIARA/MT;"R$0,00";8;"R$23.194,90";85;"R$1.949,15";639;"R$181,49";3135;"R$36,99";12458;"R$9,30";1;"R$92.779,61";"R$661.486,26";"R$3.821.865,00";"R$1.200.000,00";
2495;17/07/2023;5;19;23;36;42;48;49;63;66;68;69;78;79;84;85;88;91;95;97;98;0;;"R$0,00";3;"R$64.291,25";79;"R$1.525,90";524;"R$230,04";3331;"R$36,18";12951;"R$9,30";0;"R$0,00";"R$1.300.380,55";"R$3.972.519,00";"R$2.000.000,00";
2496;19/07/2023;0;7;20;30;34;35;38;43;51;52;54;57;58;61;69;74;82;83;88;97;0;;"R$0,00";1;"R$195.654,17";29;"R$4.216,69";341;"R$358,60";2297;"R$53,23";10039;"R$12,18";0;"R$0,00";"R$1.948.485,01";"R$4.029.786,00";"R$2.500.000,00";
2497;21/07/2023;2;3;7;10;12;16;17;23;24;25;32;33;34;45;47;49;74;76;82;83;0;;"R$0,00";6;"R$36.156,14";82;"R$1.653,48";843;"R$160,83";12372;"R$10,95";17388;"R$7,79";0;"R$0,00";"R$2.667.088,32";"R$4.468.134,00";"R$3.300.000,00";
2498;24/07/2023;4;5;6;8;13;27;32;35;39;44;61;62;63;68;75;85;89;90;92;94;0;;"R$0,00";3;"R$78.433,43";65;"R$2.262,50";574;"R$256,20";3519;"R$41,79";14160;"R$10,38";0;"R$0,00";"R$3.446.520,49";"R$4.846.356,00";"R$4.200.000,00";
2499;26/07/2023;0;2;5;6;21;28;33;34;37;44;53;61;65;68;78;80;86;89;90;92;0;GUARATINGUETA/SP;"R$0,00";4;"R$60.916,10";48;"R$3.172,71";510;"R$298,60";3064;"R$49,70";14137;"R$10,77";1;"R$121.832,24";"R$4.131.826,68";"R$5.018.628,00";"R$4.800.000,00";
2500;28/07/2023;24;27;31;34;35;41;46;48;51;55;56;57;67;73;74;75;76;90;91;93;0;;"R$0,00";13;"R$21.233,22";105;"R$1.643,04";853;"R$202,25";4501;"R$38,32";19113;"R$9,02";0;"R$0,00";"R$5.046.182,07";"R$5.685.282,00";"R$5.800.000,00";
2501;31/07/2023;2;13;19;21;28;29;40;45;50;58;62;67;71;75;79;81;83;86;90;95;0;;"R$0,00";6;"R$49.138,29";81;"R$2.274,92";680;"R$270,98";3865;"R$47,67";16335;"R$11,28";0;"R$0,00";"R$6.022.805,60";"R$6.072.453,00";"R$6.800.000,00";
2502;02/08/2023;1;3;11;21;25;28;44;45;48;53;61;73;77;78;79;89;90;91;93;99;0;;"R$0,00";7;"R$42.334,81";82;"R$2.258,72";741;"R$249,95";4493;"R$41,22";20640;"R$8,97";0;"R$0,00";"R$7.004.444,07";"R$6.103.635,00";"R$8.000.000,00";
2503;04/08/2023;2;4;7;13;14;18;23;24;26;28;37;39;45;53;54;76;79;87;94;99;0;;"R$0,00";7;"R$47.632,53";123;"R$1.694,25";1040;"R$200,37";6095;"R$34,19";23955;"R$8,69";0;"R$0,00";"R$8.108.923,36";"R$6.867.435,00";"R$9.300.000,00";
2504;07/08/2023;0;11;22;25;33;34;39;40;47;50;57;59;60;61;63;67;68;80;87;94;0;;"R$0,00";5;"R$71.524,84";86;"R$2.599,01";792;"R$282,21";4964;"R$45,02";21624;"R$10,33";0;"R$0,00";"R$9.293.553,61";"R$7.365.798,00";"R$10.500.000,00";
2505;09/08/2023;1;3;10;11;14;16;18;24;25;29;34;41;44;50;52;58;70;71;73;96;0;;"R$0,00";10;"R$36.537,82";136;"R$1.679,13";985;"R$231,83";5855;"R$39,00";24280;"R$9,40";0;"R$0,00";"R$10.503.869,00";"R$7.525.503,00";"R$11.500.000,00";
2506;11/08/2023;5;14;16;19;29;30;33;43;49;50;52;53;54;57;61;77;83;86;93;98;0;;"R$0,00";4;"R$98.387,31";77;"R$3.194,39";695;"R$353,91";4750;"R$51,78";21665;"R$11,35";0;"R$0,00";"R$11.807.500,93";"R$8.105.727,00";"R$12.900.000,00";
2507;14/08/2023;5;10;11;18;19;22;25;26;29;35;37;50;53;57;62;75;84;87;89;98;0;;"R$0,00";7;"R$57.369,95";115;"R$2.182,56";1165;"R$215,44";6664;"R$37,66";27868;"R$9,00";0;"R$0,00";"R$13.137.766,55";"R$8.271.330,00";"R$14.500.000,00";
2508;16/08/2023;0;2;9;10;11;20;22;40;44;46;51;58;60;71;73;77;80;87;92;99;1;PALMAS/TO;"R$14.354.169,52";27;"R$16.018,48";283;"R$1.364,52";1860;"R$145,32";9065;"R$29,81";33520;"R$8,06";0;"R$0,00";"R$216.249,44";"R$8.907.951,00";"R$800.000,00";
2509;18/08/2023;0;5;6;15;16;23;27;34;37;52;55;59;60;62;63;67;71;76;89;92;0;;"R$0,00";4;"R$46.500,57";49;"R$2.372,48";438;"R$265,41";2572;"R$45,19";10524;"R$11,04";0;"R$0,00";"R$832.381,98";"R$3.830.991,00";"R$1.400.000,00";
2510;21/08/2023;0;11;18;20;25;30;32;39;45;55;67;71;73;79;80;88;91;93;95;97;0;;"R$0,00";9;"R$21.304,60";56;"R$2.139,97";501;"R$239,19";3040;"R$39,42";12919;"R$9,27";0;"R$0,00";"R$1.467.525,42";"R$3.949.197,00";"R$2.000.000,00";
2511;23/08/2023;0;4;16;19;24;30;35;41;46;55;62;63;72;74;83;84;85;94;95;99;0;;"R$0,00";2;"R$94.626,37";39;"R$3.032,89";340;"R$347,89";2311;"R$51,18";10008;"R$11,81";0;"R$0,00";"R$2.094.425,13";"R$3.897.939,00";"R$2.700.000,00";
2512;25/08/2023;0;4;10;11;27;29;33;45;49;50;58;67;74;81;83;84;85;89;91;92;0;;"R$0,00";4;"R$51.515,62";52;"R$2.476,72";522;"R$246,72";2942;"R$43,77";12774;"R$10,08";0;"R$0,00";"R$2.777.007,03";"R$4.244.160,00";"R$3.500.000,00";
2513;28/08/2023;5;6;19;24;25;28;36;38;40;48;50;56;59;64;68;69;79;87;98;99;0;;"R$0,00";3;"R$84.375,17";81;"R$1.953,13";599;"R$264,11";4182;"R$37,82";15199;"R$10,40";0;"R$0,00";"R$3.615.485,30";"R$5.213.493,00";"R$4.500.000,00";
2514;30/08/2023;5;7;12;20;23;28;31;40;47;56;58;68;69;76;80;81;83;92;93;96;0;;"R$0,00";3;"R$89.147,59";57;"R$2.932,49";647;"R$258,34";5494;"R$30,42";15565;"R$10,73";0;"R$0,00";"R$4.501.389,48";"R$5.508.378,00";"R$5.300.000,00";
2515;01/09/2023;4;7;13;15;16;18;19;27;28;35;46;61;73;74;75;78;83;84;87;94;0;;"R$0,00";10;"R$30.525,11";148;"R$1.841,52";1077;"R$177,14";5794;"R$32,92";22636;"R$8,42";0;"R$0,00";"R$5.512.533,88";"R$6.287.097,00";"R$6.500.000,00";
2516;04/09/2023;15;16;18;28;29;30;34;42;43;46;53;60;63;77;79;81;85;89;90;94;0;;"R$0,00";1;"R$309.831,72";41;"R$4.723,04";548;"R$353,36";3533;"R$54,81";16107;"R$12,02";0;"R$0,00";"R$6.538.851,49";"R$6.381.441,00";"R$7.500.000,00";
2517;06/09/2023;13;26;34;35;37;38;44;46;53;54;55;58;63;73;74;81;89;90;91;97;0;;"R$0,00";3;"R$105.767,67";121;"R$1.638,96";1071;"R$185,16";5651;"R$35,09";23571;"R$8,41";0;"R$0,00";"R$7.589.917,70";"R$6.535.323,00";"R$8.500.000,00";
2518;08/09/2023;1;8;12;19;33;34;42;45;50;51;53;60;73;74;77;91;92;95;96;98;0;;"R$0,00";5;"R$54.505,73";73;"R$2.333,29";610;"R$279,23";3703;"R$45,99";15960;"R$10,67";0;"R$0,00";"R$8.492.668,85";"R$5.613.129,00";"R$9.500.000,00";
2519;11/09/2023;1;2;6;10;18;21;22;25;35;41;47;57;59;60;68;70;79;82;85;93;0;;"R$0,00";7;"R$49.383,07";83;"R$2.603,02";730;"R$295,96";4557;"R$47,41";19606;"R$11,01";0;"R$0,00";"R$9.637.738,67";"R$7.119.819,00";"R$11.000.000,00";
2520;13/09/2023;5;9;15;16;19;33;42;44;46;49;51;55;56;60;63;67;69;82;85;91;1;CAMPINA GRANDE/PB;"R$10.632.006,91";13;"R$27.193,66";345;"R$914,90";1242;"R$177,89";6543;"R$33,76";25062;"R$8,81";0;"R$0,00";"R$176.758,83";"R$7.281.216,00";"R$700.000,00";
2521;15/09/2023;6;8;14;18;19;34;46;48;49;51;53;60;64;67;70;72;90;94;96;99;0;;"R$0,00";2;"R$91.820,38";37;"R$3.102,04";334;"R$343,63";2206;"R$52,02";9477;"R$12,11";0;"R$0,00";"R$785.068,84";"R$3.782.352,00";"R$1.400.000,00";
2522;18/09/2023;5;7;13;15;16;19;21;22;25;33;37;43;65;70;73;78;93;95;96;98;0;;"R$0,00";3;"R$64.216,58";66;"R$1.824,34";573;"R$210,13";3180;"R$37,86";13469;"R$8,93";0;"R$0,00";"R$1.423.221,07";"R$3.967.905,00";"R$2.000.000,00";
2523;20/09/2023;6;11;21;23;27;39;41;45;59;67;69;74;76;77;78;83;85;89;91;92;0;;"R$0,00";6;"R$33.074,77";48;"R$2.583,96";550;"R$225,50";3430;"R$36,16";15439;"R$8,03";0;"R$0,00";"R$2.080.582,00";"R$4.087.341,00";"R$2.700.000,00";
2524;22/09/2023;4;7;16;22;24;33;34;36;42;43;44;47;50;58;74;81;82;88;94;95;0;;"R$0,00";2;"R$109.415,33";64;"R$2.137,02";515;"R$265,57";3417;"R$40,02";14823;"R$9,22";0;"R$0,00";"R$2.805.458,58";"R$4.507.140,00";"R$3.500.000,00";
2525;25/09/2023;0;2;4;5;6;12;29;31;38;39;43;54;60;62;67;79;83;86;87;99;1;"FEIRA DE SANTANA/BA; FEIRA DE SANTANA/BA";"R$3.412.385,00";4;"R$53.949,02";48;"R$2.809,85";473;"R$285,14";2555;"R$52,78";11441;"R$11,78";1;"R$107.898,07";"R$0,00";"R$4.444.638,00";"R$500.000,00";
2526;27/09/2023;2;16;17;21;27;37;41;42;47;53;63;65;66;69;80;81;84;86;87;98;0;;"R$0,00";3;"R$50.902,07";36;"R$2.651,15";242;"R$394,38";1604;"R$59,50";7445;"R$12,81";0;"R$0,00";"R$505.839,27";"R$3.145.209,00";"R$1.000.000,00";
2527;29/09/2023;17;25;36;37;43;47;49;52;57;60;61;63;65;66;68;73;81;83;87;94;1;ITABORAI/RJ;"R$1.025.910,52";5;"R$36.982,85";83;"R$1.989,18";708;"R$163,23";3723;"R$31,04";14758;"R$7,83";0;"R$0,00";"R$92.457,13";"R$3.808.581,00";"R$650.000,00";
2528;02/10/2023;5;6;8;11;14;19;23;24;36;41;54;55;63;66;67;75;83;84;96;97;0;CANAL ELETRONICO;"R$0,00";3;"R$57.032,34";61;"R$1.753,04";410;"R$260,81";2484;"R$43,04";9771;"R$10,94";1;"R$85.548,53";"R$573.667,46";"R$3.523.995,00";"R$1.100.000,00";
2529;04/10/2023;0;3;5;11;12;21;22;35;39;40;46;53;54;59;63;67;77;86;97;99;0;;"R$0,00";5;"R$36.439,14";42;"R$2.711,24";367;"R$310,27";2326;"R$48,95";9988;"R$11,40";0;"R$0,00";"R$1.177.190,73";"R$3.752.589,00";"R$1.800.000,00";
2530;06/10/2023;0;3;14;37;38;39;41;46;47;51;56;60;62;67;69;72;82;85;88;96;0;;"R$0,00";3;"R$73.030,42";27;"R$5.071,56";423;"R$323,71";2504;"R$54,68";11267;"R$12,15";0;"R$0,00";"R$1.902.930,47";"R$4.512.507,00";"R$2.600.000,00";
2531;09/10/2023;3;6;13;21;27;40;48;49;51;54;55;56;59;67;74;80;81;87;92;94;0;;"R$0,00";2;"R$108.302,44";51;"R$2.654,47";418;"R$323,87";2463;"R$54,96";11307;"R$11,97";0;"R$0,00";"R$2.620.434,20";"R$4.461.297,00";"R$3.300.000,00";
2532;11/10/2023;0;3;6;11;13;19;20;25;31;34;38;39;47;51;52;66;75;77;78;93;0;;"R$0,00";2;"R$110.795,49";62;"R$2.233,78";542;"R$255,52";3137;"R$44,14";14066;"R$9,84";0;"R$0,00";"R$3.354.454,37";"R$4.563.993,00";"R$4.000.000,00";
2533;13/10/2023;3;7;12;17;19;23;28;33;34;39;42;44;47;51;53;54;60;67;71;96;0;;"R$0,00";6;"R$34.452,55";87;"R$1.485,03";709;"R$182,22";3975;"R$32,50";15864;"R$8,14";0;"R$0,00";"R$4.039.198,76";"R$4.257.606,00";"R$4.800.000,00";
2534;16/10/2023;7;8;9;27;30;33;36;52;55;56;62;63;69;71;77;83;87;95;96;99;0;;"R$0,00";5;"R$46.135,67";60;"R$2.402,90";516;"R$279,40";3032;"R$47,55";13030;"R$11,06";0;"R$0,00";"R$4.803.320,71";"R$4.751.160,00";"R$5.500.000,00";
2535;18/10/2023;4;8;11;13;15;18;24;29;30;32;47;61;66;76;79;80;82;93;94;98;0;;"R$0,00";3;"R$79.377,09";61;"R$2.439,87";519;"R$286,76";3448;"R$43,16";14089;"R$10,56";0;"R$0,00";"R$5.592.130,49";"R$4.904.664,00";"R$6.400.000,00";
2536;20/10/2023;1;5;20;24;26;28;32;46;48;53;58;66;68;70;71;74;81;85;89;96;1;CANAL ELETRONICO;"R$6.337.635,44";4;"R$66.267,11";63;"R$2.629,65";569;"R$291,15";3431;"R$48,28";14673;"R$11,29";0;"R$0,00";"R$132.534,25";"R$5.459.475,00";"R$700.000,00";
2537;23/10/2023;3;5;9;10;34;39;42;45;46;49;51;64;65;66;69;73;80;81;89;99;0;;"R$0,00";2;"R$80.507,79";26;"R$3.870,57";323;"R$311,56";2023;"R$49,74";9024;"R$11,15";0;"R$0,00";"R$665.898,33";"R$3.316.353,00";"R$1.200.000,00";
2538;25/10/2023;0;11;13;16;22;25;28;29;38;40;45;52;56;64;69;79;86;94;95;96;0;;"R$0,00";8;"R$20.867,82";32;"R$3.260,60";285;"R$366,10";2043;"R$51,07";8970;"R$11,63";0;"R$0,00";"R$1.218.895,73";"R$3.438.429,00";"R$1.700.000,00";
2539;27/10/2023;2;4;21;22;27;29;33;36;38;39;44;48;51;54;56;58;61;76;88;97;0;;"R$0,00";2;"R$95.062,97";59;"R$2.014,04";489;"R$243,00";2789;"R$42,60";12216;"R$9,72";0;"R$0,00";"R$1.848.687,93";"R$3.915.924,00";"R$2.400.000,00";
2540;30/10/2023;1;13;19;20;22;24;28;34;36;37;51;53;67;68;69;80;81;85;89;90;0;CANAL ELETRONICO;"R$0,00";5;"R$39.335,13";53;"R$2.319,29";484;"R$253,97";2863;"R$42,93";12409;"R$9,90";1;"R$98.337,85";"R$2.401.838,21";"R$4.050.825,00";"R$3.000.000,00";
2541;01/11/2023;9;13;14;17;19;23;25;27;36;42;46;49;59;65;70;75;82;85;87;90;0;;"R$0,00";1;"R$209.876,61";69;"R$1.901,06";479;"R$273,84";3003;"R$43,68";12721;"R$10,31";0;"R$0,00";"R$3.097.054,48";"R$4.322.718,00";"R$3.700.000,00";
2542;03/11/2023;4;7;10;13;20;22;25;27;29;33;38;44;50;62;63;71;73;75;85;91;0;;"R$0,00";4;"R$51.587,79";95;"R$1.939,39";752;"R$171,50";4039;"R$31,93";15315;"R$8,42";0;"R$0,00";"R$3.780.592,67";"R$4.250.106,00";"R$4.400.000,00";
2543;06/11/2023;2;3;9;11;14;23;29;35;39;41;46;56;62;69;74;79;88;92;94;95;0;;"R$0,00";1;"R$254.381,22";70;"R$2.271,26";566;"R$280,89";3344;"R$47,54";14414;"R$11,03";0;"R$0,00";"R$4.623.230,45";"R$5.239.356,00";"R$5.400.000,00";
2544;08/11/2023;0;14;15;21;24;32;36;38;41;48;50;54;66;68;79;82;84;87;94;96;0;;"R$0,00";6;"R$45.892,68";71;"R$2.423,91";608;"R$283,05";3757;"R$45,80";17921;"R$9,60";0;"R$0,00";"R$5.535.347,58";"R$5.671.365,00";"R$6.400.000,00";
2545;10/11/2023;1;6;15;19;22;25;28;31;37;41;42;50;52;62;63;69;84;87;90;93;0;;"R$0,00";2;"R$149.294,71";84;"R$2.221,65";550;"R$339,30";3464;"R$53,87";15823;"R$11,79";0;"R$0,00";"R$6.524.425,01";"R$6.149.889,00";"R$7.500.000,00";
2546;13/11/2023;9;12;17;23;27;35;41;43;51;69;72;73;78;83;85;88;90;93;94;96;1;NOVA BANDEIRANTES/MT;"R$7.374.786,72";3;"R$100.783,61";71;"R$2.661,54";600;"R$314,94";3881;"R$48,69";16843;"R$11,21";0;"R$0,00";"R$151.175,46";"R$6.227.361,00";"R$550.000,00";
2547;16/11/2023;10;12;17;26;30;33;37;61;62;64;66;67;72;75;78;79;83;88;94;99;0;;"R$0,00";5;"R$28.499,08";38;"R$2.343,67";383;"R$232,53";2047;"R$43,50";8919;"R$9,98";0;"R$0,00";"R$623.191,51";"R$2.934.903,00";"R$1.000.000,00";
2548;17/11/2023;6;7;13;15;17;22;24;30;33;41;50;51;62;63;67;69;84;86;88;94;0;;"R$0,00";6;"R$23.045,21";67;"R$1.842,63";677;"R$127,65";3370;"R$25,64";11281;"R$7,66";0;"R$0,00";"R$1.081.215,01";"R$2.847.900,00";"R$1.500.000,00";
2549;20/11/2023;0;1;5;13;15;23;26;28;34;57;58;59;68;69;76;79;82;84;91;96;0;;"R$0,00";2;"R$73.881,68";38;"R$2.430,32";307;"R$300,82";1949;"R$47,38";8444;"R$10,93";0;"R$0,00";"R$1.570.681,12";"R$3.043.404,00";"R$2.100.000,00";
2550;22/11/2023;5;11;15;19;21;24;33;38;40;42;49;56;66;69;78;80;81;83;95;97;0;;"R$0,00";5;"R$36.943,58";57;"R$2.025,42";480;"R$240,51";2778;"R$41,55";11368;"R$10,15";0;"R$0,00";"R$2.182.559,12";"R$3.804.537,00";"R$2.700.000,00";
2551;24/11/2023;3;5;8;12;23;33;36;39;42;43;47;57;58;61;66;67;71;72;85;98;0;;"R$0,00";3;"R$71.097,90";60;"R$2.221,81";460;"R$289,80";2724;"R$48,93";12327;"R$10,81";0;"R$0,00";"R$2.889.094,51";"R$4.393.098,00";"R$3.500.000,00";
2552;27/11/2023;9;11;12;19;29;36;40;51;55;62;63;66;70;76;78;82;92;93;94;97;0;;"R$0,00";2;"R$108.760,10";39;"R$3.485,90";337;"R$403,41";2284;"R$59,52";10556;"R$12,87";0;"R$0,00";"R$3.609.630,16";"R$4.480.149,00";"R$4.300.000,00";
2553;29/11/2023;7;17;25;29;30;35;40;41;43;46;54;56;66;71;78;85;87;89;93;94;0;;"R$0,00";3;"R$75.908,43";57;"R$2.496,99";504;"R$282,39";2942;"R$48,37";12659;"R$11,24";0;"R$0,00";"R$4.363.970,20";"R$4.690.338,00";"R$5.000.000,00";
2554;01/12/2023;3;6;7;16;19;24;25;27;29;30;34;36;50;51;54;76;82;87;93;98;0;;"R$0,00";13;"R$21.535,41";106;"R$1.650,71";845;"R$207,07";4695;"R$37,26";19861;"R$8,80";0;"R$0,00";"R$5.291.338,71";"R$5.766.195,00";"R$6.100.000,00";
2555;04/12/2023;2;5;17;20;22;23;28;29;30;33;50;51;56;59;60;64;65;90;96;99;0;;"R$0,00";3;"R$92.649,16";46;"R$3.776,46";555;"R$313,00";3512;"R$49,46";15809;"R$10,98";0;"R$0,00";"R$6.212.039,75";"R$5.724.738,00";"R$7.100.000,00";
2556;06/12/2023;5;8;10;13;14;23;24;27;28;30;34;36;48;49;50;69;73;77;86;99;0;;"R$0,00";4;"R$74.884,70";74;"R$2.529,89";764;"R$245,04";4835;"R$38,72";28081;"R$6,66";0;"R$0,00";"R$7.204.262,04";"R$6.169.443,00";"R$8.200.000,00";
2557;08/12/2023;0;2;4;8;22;26;40;48;52;55;61;68;70;73;80;81;82;85;90;98;0;CANAL ELETRONICO;"R$0,00";5;"R$63.088,30";85;"R$2.319,43";752;"R$262,16";4592;"R$42,93";20339;"R$9,69";1;"R$157.720,79";"R$8.091.441,31";"R$6.496.983,00";"R$9.000.000,00";
2558;11/12/2023;4;10;11;14;15;19;21;23;33;36;38;43;44;47;58;69;70;76;77;92;1;"TERESINA/PI; TERESINA/PI";"R$9.072.547,66";9;"R$38.759,76";91;"R$2.395,87";975;"R$223,61";5494;"R$39,68";23002;"R$9,47";1;"R$174.418,94";"R$0,00";"R$7.184.829,00";"R$500.000,00";
2559;13/12/2023;16;23;31;36;37;41;46;49;53;56;59;67;71;72;79;82;92;94;97;98;0;;"R$0,00";0;"R$0,00";43;"R$2.386,79";359;"R$285,88";2215;"R$46,33";9149;"R$11,21";0;"R$0,00";"R$543.950,31";"R$3.382.176,00";"R$1.100.000,00";"VALOR ACUMULADO PARA 19 ACERTOS: R$ 164.211,41."
2560;15/12/2023;8;15;16;20;22;32;36;39;43;52;56;64;65;70;77;79;81;87;88;91;0;;"R$0,00";1;"R$350.510,09";22;"R$5.292,58";265;"R$439,38";1939;"R$60,04";9226;"R$12,62";0;"R$0,00";"R$1.161.064,72";"R$3.837.096,00";"R$1.600.000,00";
2561;18/12/2023;1;2;11;13;24;25;26;30;32;33;42;44;46;48;52;55;68;74;79;82;0;;"R$0,00";4;"R$47.140,55";55;"R$2.142,75";582;"R$202,49";3319;"R$35,50";15408;"R$7,64";0;"R$0,00";"R$1.785.676,95";"R$3.883.716,00";"R$2.400.000,00";
2562;20/12/2023;5;6;10;15;24;25;35;43;44;50;51;53;56;69;70;73;77;80;85;86;0;;"R$0,00";1;"R$211.568,84";44;"R$3.005,24";527;"R$250,91";3122;"R$42,35";13332;"R$9,91";0;"R$0,00";"R$2.486.498,73";"R$4.357.572,00";"R$3.200.000,00";
2563;22/12/2023;0;2;24;26;34;53;55;56;57;58;59;64;70;73;74;85;93;94;96;99;0;CANAL ELETRONICO;"R$0,00";4;"R$60.603,97";77;"R$1.967,66";687;"R$220,53";10237;"R$14,80";16238;"R$9,33";1;"R$121.207,96";"R$3.168.293,34";"R$4.992.912,00";"R$4.000.000,00";
2564;26/12/2023;1;3;6;7;12;15;41;43;49;59;63;73;78;79;82;90;91;93;94;97;0;;"R$0,00";2;"R$107.040,78";75;"R$1.784,01";543;"R$246,41";3111;"R$43,00";13297;"R$10,06";0;"R$0,00";"R$3.877.438,48";"R$4.409.325,00";"R$4.500.000,00";
2565;27/12/2023;0;1;4;16;21;24;25;28;31;32;41;46;63;64;65;67;68;72;86;98;0;;"R$0,00";0;"R$0,00";38;"R$2.889,41";329;"R$333,73";2052;"R$53,50";9392;"R$11,69";0;"R$0,00";"R$4.459.365,22";"R$3.618.306,00";"R$5.000.000,00";"VALOR ACUMULADO PARA 19 ACERTOS: 175.675,99."
2566;29/12/2023;1;4;10;20;21;24;42;43;51;55;71;72;77;78;79;86;87;90;94;95;0;;"R$0,00";2;"R$231.770,52";53;"R$3.394,63";535;"R$336,29";3309;"R$54,37";14766;"R$12,18";0;"R$0,00";"R$5.412.918,22";"R$5.929.005,00";"R$6.300.000,00";
2567;03/01/2024;0;5;10;12;19;27;31;32;34;38;39;42;45;48;62;64;65;66;96;97;0;;"R$0,00";5;"R$76.812,71";86;"R$2.791,16";936;"R$256,45";5150;"R$46,60";22328;"R$10,75";0;"R$0,00";"R$6.685.128,76";"R$7.910.355,00";"R$7.800.000,00";
2568;05/01/2024;0;1;9;13;24;33;45;47;54;61;67;78;79;81;85;88;89;90;93;98;0;;"R$0,00";7;"R$53.215,78";109;"R$2.135,96";933;"R$249,53";5625;"R$41,39";24012;"R$9,69";0;"R$0,00";"R$7.919.069,53";"R$7.672.401,00";"R$9.000.000,00";
2569;08/01/2024;4;10;13;15;20;23;28;30;45;46;47;56;61;66;72;77;82;89;93;98;0;;"R$0,00";8;"R$47.146,96";91;"R$2.590,49";828;"R$284,70";5077;"R$46,43";21352;"R$11,04";0;"R$0,00";"R$9.168.463,82";"R$7.768.488,00";"R$10.500.000,00";
2570;10/01/2024;6;9;19;21;23;32;34;36;45;49;62;65;66;67;86;88;89;91;92;95;0;;"R$0,00";6;"R$61.186,79";129;"R$1.778,68";881;"R$260,44";5334;"R$43,01";21877;"R$10,48";0;"R$0,00";"R$10.384.551,16";"R$7.561.392,00";"R$11.600.000,00";
2571;12/01/2024;7;9;12;15;26;29;34;38;44;51;57;66;67;69;70;72;74;76;85;93;0;;"R$0,00";14;"R$28.712,97";126;"R$1.993,95";962;"R$261,16";5778;"R$43,48";25152;"R$9,98";0;"R$0,00";"R$11.716.115,14";"R$8.279.403,00";"R$13.000.000,00";
2572;15/01/2024;1;3;4;13;14;20;23;25;34;48;61;66;69;74;80;85;86;91;92;94;1;"FORTALEZA/CE; FORTALEZA/CE";"R$12.847.933,67";6;"R$67.070,73";74;"R$3.398,85";747;"R$336,70";4975;"R$50,55";21969;"R$11,44";1;"R$201.212,20";"R$0,00";"R$8.288.523,00";"R$500.000,00";
2573;17/01/2024;10;17;18;20;22;46;48;49;57;61;62;66;77;79;81;84;95;96;97;98;0;;"R$0,00";1;"R$172.703,01";30;"R$3.597,98";329;"R$328,08";2046;"R$52,75";9348;"R$11,54";0;"R$0,00";"R$572.078,74";"R$3.557.073,00";"R$1.100.000,00";
2574;19/01/2024;6;8;11;16;25;30;35;37;40;44;57;58;71;73;74;77;80;85;89;95;0;;"R$0,00";4;"R$50.321,28";58;"R$2.169,02";432;"R$291,21";2846;"R$44,20";11120;"R$11,31";0;"R$0,00";"R$1.238.835,61";"R$4.145.763,00";"R$1.900.000,00";
2575;22/01/2024;4;13;23;30;34;50;52;54;56;58;67;68;69;73;74;80;87;91;96;99;0;ARACRUZ/ES;"R$0,00";3;"R$70.220,52";50;"R$2.633,27";479;"R$274,87";2825;"R$46,60";12773;"R$10,30";1;"R$105.330,80";"R$1.831.321,20";"R$4.338.885,00";"R$2.500.000,00";
2576;24/01/2024;4;7;10;28;31;32;34;46;48;49;52;60;68;69;72;78;88;91;95;98;0;;"R$0,00";5;"R$43.525,86";35;"R$3.886,24";488;"R$278,72";3649;"R$37,27";12870;"R$10,56";0;"R$0,00";"R$2.552.218,24";"R$4.482.396,00";"R$3.100.000,00";
2577;26/01/2024;0;1;2;5;14;19;22;24;32;35;38;41;46;50;54;60;77;79;90;97;0;;"R$0,00";4;"R$61.671,01";58;"R$2.658,23";598;"R$257,82";3707;"R$41,59";15303;"R$10,07";0;"R$0,00";"R$3.369.359,07";"R$5.080.821,00";"R$4.200.000,00";
2578;29/01/2024;7;8;10;13;14;21;34;41;45;55;56;59;62;66;73;78;79;88;90;98;0;;"R$0,00";4;"R$64.881,26";38;"R$4.268,51";491;"R$330,35";3129;"R$51,83";14171;"R$11,44";0;"R$0,00";"R$4.229.035,84";"R$5.345.301,00";"R$5.000.000,00";
2579;31/01/2024;5;11;13;39;41;45;46;49;52;54;60;61;67;70;79;85;87;89;90;94;0;LICINIO DE ALMEIDA/BA;"R$0,00";3;"R$87.235,71";85;"R$1.924,32";677;"R$241,60";3808;"R$42,95";15774;"R$10,36";1;"R$130.853,59";"R$4.965.087,12";"R$5.390.244,00";"R$5.800.000,00";
2580;02/02/2024;0;1;2;3;5;19;43;46;47;54;59;61;70;78;83;85;87;88;90;94;0;;"R$0,00";13;"R$22.899,81";151;"R$1.760,27";1207;"R$154,15";6764;"R$27,50";21665;"R$8,58";0;"R$0,00";"R$5.951.210,30";"R$6.131.520,00";"R$7.000.000,00";
2581;05/02/2024;1;16;20;21;26;33;35;37;40;53;56;57;66;74;75;76;79;84;92;95;0;;"R$0,00";11;"R$29.144,72";96;"R$2.087,19";738;"R$271,50";4682;"R$42,79";20502;"R$9,77";0;"R$0,00";"R$7.013.171,04";"R$6.603.063,00";"R$8.000.000,00";
2582;07/02/2024;0;1;2;8;9;13;24;31;41;50;53;58;65;68;71;78;92;93;94;97;0;;"R$0,00";4;"R$81.551,16";91;"R$2.240,42";756;"R$269,67";4378;"R$46,56";18588;"R$10,96";0;"R$0,00";"R$8.093.723,88";"R$6.718.665,00";"R$9.100.000,00";
2583;09/02/2024;12;21;24;28;33;39;58;59;60;64;65;68;69;76;78;79;82;89;97;98;0;;"R$0,00";6;"R$59.043,09";87;"R$2.544,96";903;"R$245,19";5346;"R$41,41";22481;"R$9,84";0;"R$0,00";"R$9.267.205,34";"R$7.296.477,00";"R$10.500.000,00";
2584;14/02/2024;0;2;25;29;36;40;50;61;63;64;65;66;73;74;76;77;80;81;82;85;0;;"R$0,00";7;"R$51.478,41";93;"R$2.421,70";905;"R$248,85";5164;"R$43,61";22438;"R$10,03";0;"R$0,00";"R$10.460.860,97";"R$7.421.916,00";"R$11.500.000,00";
2585;16/02/2024;0;17;22;30;40;41;46;49;51;63;70;71;77;80;87;88;89;92;93;94;1;"BRASILIA/DF; BRASILIA/DF; BELO HORIZONTE/MG";"R$11.475.400,29";6;"R$60.120,85";101;"R$2.232,21";894;"R$252,18";5040;"R$44,73";21610;"R$10,43";2;"R$90.181,28";"R$0,00";"R$7.429.665,00";"R$500.000,00";
2586;19/02/2024;0;1;3;4;7;10;15;33;35;38;41;42;43;48;56;72;74;81;87;99;0;;"R$0,00";6;"R$29.035,07";43;"R$2.532,13";443;"R$245,78";2605;"R$41,79";10708;"R$10,16";0;"R$0,00";"R$577.071,97";"R$3.588.120,00";"R$1.000.000,00";
2587;21/02/2024;0;4;10;12;16;23;28;34;41;44;54;56;64;72;76;79;85;90;98;99;0;;"R$0,00";5;"R$34.808,06";49;"R$2.219,90";436;"R$249,48";2682;"R$40,55";12640;"R$8,60";0;"R$0,00";"R$1.153.580,39";"R$3.584.616,00";"R$1.700.000,00";
2588;23/02/2024;2;11;14;21;23;26;32;33;35;45;47;53;56;58;69;77;78;82;84;85;0;;"R$0,00";2;"R$99.385,09";49;"R$2.535,33";579;"R$214,56";3298;"R$37,66";13560;"R$9,16";0;"R$0,00";"R$1.812.006,66";"R$4.093.965,00";"R$2.400.000,00";
2589;26/02/2024;1;4;8;10;13;20;27;33;35;39;42;48;53;63;74;79;84;85;90;92;0;;"R$0,00";3;"R$69.858,71";66;"R$1.984,62";535;"R$244,83";3135;"R$41,78";13321;"R$9,83";0;"R$0,00";"R$2.506.227,55";"R$4.316.529,00";"R$3.200.000,00";
2590;28/02/2024;2;12;17;20;21;24;28;30;41;42;62;67;69;70;82;83;84;86;92;96;0;ITABUNA/BA;"R$0,00";1;"R$207.605,54";36;"R$3.604,26";499;"R$260,02";2550;"R$50,88";11423;"R$11,35";1;"R$103.802,80";"R$3.090.118,11";"R$4.275.942,00";"R$3.700.000,00";
2591;01/03/2024;3;14;16;31;35;37;38;51;58;61;67;68;69;72;74;86;88;94;95;99;1;SAO PAULO/SP;"R$3.767.637,54";0;"R$0,00";57;"R$2.641,41";482;"R$312,36";3058;"R$49,23";13376;"R$11,25";0;"R$0,00";"R$120.447,92";"R$4.961.604,00";"R$700.000,00";"TOTAL LIQUIDO ACUMULADO PARA DEZENOVE PONTOS R$ 240.895,80."
2592;04/03/2024;4;5;6;9;13;15;28;32;39;41;49;57;64;65;67;69;79;88;91;94;0;;"R$0,00";3;"R$139.197,27";45;"R$2.454,11";322;"R$342,96";2083;"R$53,01";9799;"R$11,27";0;"R$0,00";"R$705.753,51";"R$3.639.315,00";"R$1.300.000,00";
2593;06/03/2024;8;9;11;17;18;21;22;24;27;40;43;51;56;59;64;68;72;83;85;88;0;;"R$0,00";1;"R$190.908,99";45;"R$2.651,51";395;"R$302,07";2363;"R$50,49";10401;"R$11,47";0;"R$0,00";"R$1.338.139,56";"R$3.932.052,00";"R$2.000.000,00";
2594;08/03/2024;1;2;8;10;15;39;44;48;53;54;55;69;72;74;83;86;91;93;96;98;0;;"R$0,00";3;"R$74.051,61";53;"R$2.619,75";503;"R$276,03";3123;"R$44,45";12970;"R$10,70";0;"R$0,00";"R$2.074.027,41";"R$4.575.606,00";"R$2.800.000,00";
2595;11/03/2024;4;14;22;23;28;45;55;61;63;64;70;73;74;75;77;79;81;92;93;94;0;;"R$0,00";4;"R$53.953,17";49;"R$2.752,71";455;"R$296,44";3609;"R$37,37";12935;"R$10,42";0;"R$0,00";"R$2.788.906,90";"R$4.444.980,00";"R$3.500.000,00";
2596;13/03/2024;12;22;23;24;26;33;45;47;49;53;55;65;66;69;78;79;81;82;87;89;0;;"R$0,00";9;"R$23.310,27";130;"R$1.440,88";907;"R$144,56";4351;"R$30,13";16405;"R$7,99";0;"R$0,00";"R$3.483.844,31";"R$4.320.984,00";"R$4.100.000,00";
2597;15/03/2024;10;24;25;28;33;37;38;42;50;54;59;62;74;77;78;85;86;91;95;96;0;BELO HORIZONTE/MG;"R$0,00";4;"R$61.623,71";70;"R$2.200,85";736;"R$209,31";3569;"R$43,16";15130;"R$10,18";1;"R$123.247,44";"R$4.177.110,96";"R$5.076.924,00";"R$5.000.000,00";
2598;18/03/2024;9;14;17;21;22;24;31;34;38;41;44;45;60;63;66;68;70;77;82;92;0;;"R$0,00";5;"R$50.212,78";45;"R$3.487,00";458;"R$342,60";3028;"R$51,82";13789;"R$11,37";0;"R$0,00";"R$5.008.760,14";"R$5.171.031,00";"R$5.800.000,00";
2599;20/03/2024;10;14;16;18;19;21;22;25;38;39;46;56;57;64;71;77;90;93;98;99;0;CANAL ELETRONICO;"R$0,00";3;"R$81.714,62";56;"R$2.735,98";490;"R$312,68";2969;"R$51,60";13860;"R$11,05";1;"R$122.571,96";"R$5.698.227,22";"R$5.049.099,00";"R$6.400.000,00";
2600;22/03/2024;0;2;5;9;11;19;33;37;41;43;47;50;53;54;64;71;76;87;93;94;0;;"R$0,00";6;"R$44.684,22";149;"R$1.606,57";752;"R$222,82";3878;"R$43,20";16268;"R$10,30";0;"R$0,00";"R$6.586.326,24";"R$5.522.025,00";"R$7.500.000,00";
2601;25/03/2024;9;14;15;16;17;24;26;40;41;44;49;50;52;54;59;66;68;83;92;98;0;;"R$0,00";1;"R$276.711,01";61;"R$2.835,15";564;"R$306,63";3501;"R$49,39";15563;"R$11,11";0;"R$0,00";"R$7.502.931,47";"R$5.699.271,00";"R$8.500.000,00";
2602;27/03/2024;7;9;15;16;20;27;31;38;43;44;50;63;70;73;77;80;82;90;95;99;0;SAO PAULO/SP;"R$0,00";5;"R$56.045,08";71;"R$2.466,78";602;"R$290,93";3701;"R$47,32";15831;"R$11,06";1;"R$140.112,71";"R$8.291.065,38";"R$5.771.655,00";"R$9.200.000,00";
2603;01/04/2024;6;8;20;25;27;28;42;43;46;50;51;62;73;78;82;84;85;95;96;97;0;;"R$0,00";9;"R$41.507,32";112;"R$2.084,63";1042;"R$224,06";5925;"R$39,40";23560;"R$9,90";0;"R$0,00";"R$9.528.502,23";"R$7.694.139,00";"R$10.600.000,00";
2604;03/04/2024;7;8;10;12;19;21;25;27;37;43;45;48;69;75;80;82;84;88;92;93;0;;"R$0,00";6;"R$52.984,15";101;"R$1.967,24";745;"R$266,69";4552;"R$43,64";18952;"R$10,48";0;"R$0,00";"R$10.581.562,07";"R$6.547.719,00";"R$11.500.000,00";
2605;05/04/2024;0;13;16;18;19;22;24;33;34;38;48;64;69;73;76;77;78;83;91;99;1;SAO PAULO/SP;"R$11.606.903,25";13;"R$28.043,52";156;"R$2.086,57";1239;"R$183,90";7044;"R$32,34";27797;"R$8,19";0;"R$0,00";"R$182.282,90";"R$7.508.769,00";"R$700.000,00";
2606;08/04/2024;0;1;13;29;30;37;39;43;48;52;61;64;72;73;74;76;87;97;98;99;0;;"R$0,00";4;"R$46.019,03";47;"R$2.447,82";470;"R$244,78";2533;"R$45,41";10527;"R$10,92";0;"R$0,00";"R$792.035,07";"R$3.791.319,00";"R$1.300.000,00";
2607;10/04/2024;1;6;10;11;20;22;23;27;33;34;38;39;43;49;58;59;62;70;89;91;0;;"R$0,00";2;"R$93.389,09";38;"R$3.072,01";410;"R$284,72";2454;"R$47,56";10610;"R$11,00";0;"R$0,00";"R$1.410.737,82";"R$3.846.972,00";"R$2.000.000,00";
2608;12/04/2024;0;2;10;13;15;17;21;27;38;42;43;45;49;51;73;74;78;81;84;92;0;;"R$0,00";5;"R$41.611,01";65;"R$2.000,53";568;"R$228,93";3325;"R$39,10";13661;"R$9,51";0;"R$0,00";"R$2.099.920,12";"R$4.285.200,00";"R$2.700.000,00";
2609;15/04/2024;0;3;19;25;26;28;31;38;39;42;44;49;55;69;75;76;80;86;92;98;0;;"R$0,00";4;"R$52.557,38";49;"R$2.681,50";496;"R$264,90";2803;"R$46,87";12001;"R$10,94";0;"R$0,00";"R$2.796.305,45";"R$4.329.987,00";"R$3.500.000,00";
2610;17/04/2024;4;16;17;18;38;39;41;56;59;62;64;68;70;73;83;85;86;95;98;99;0;"XAMBRE/PR; CAJATI/SP";"R$0,00";6;"R$34.469,47";73;"R$1.770,69";627;"R$206,15";3083;"R$41,92";13199;"R$9,79";2;"R$51.704,22";"R$3.377.977,72";"R$4.259.697,00";"R$4.000.000,00";
2611;19/04/2024;10;13;28;29;37;43;48;53;56;59;74;76;77;79;80;83;86;87;91;92;0;;"R$0,00";3;"R$77.447,19";86;"R$1.688,53";631;"R$230,13";3572;"R$40,65";15668;"R$9,26";0;"R$0,00";"R$4.147.609,18";"R$4.785.417,00";"R$5.000.000,00";
2612;22/04/2024;4;7;9;13;16;17;26;30;36;40;47;49;51;52;71;76;79;83;84;93;0;;"R$0,00";6;"R$39.558,35";50;"R$2.966,88";422;"R$351,52";2898;"R$51,18";12573;"R$11,79";0;"R$0,00";"R$4.933.831,38";"R$4.888.575,00";"R$5.500.000,00";
2613;24/04/2024;3;12;21;25;33;40;43;45;47;53;61;63;71;72;74;78;79;80;94;99;0;;"R$0,00";2;"R$118.718,45";49;"R$3.028,53";499;"R$297,39";3165;"R$46,88";15145;"R$9,79";0;"R$0,00";"R$5.720.341,15";"R$4.890.363,00";"R$6.500.000,00";
2614;26/04/2024;0;3;8;10;14;15;18;19;34;40;50;56;76;81;83;84;86;89;92;97;0;;"R$0,00";4;"R$73.050,38";61;"R$2.993,87";688;"R$265,44";4318;"R$42,29";16555;"R$11,03";0;"R$0,00";"R$6.688.258,69";"R$6.018.321,00";"R$7.600.000,00";
2615;29/04/2024;11;13;15;18;20;22;29;32;50;53;61;67;72;76;79;82;84;88;90;93;0;"CANAL ELETRONICO; SAO GONCALO/RJ";"R$0,00";8;"R$38.987,51";108;"R$1.804,98";807;"R$241,55";4536;"R$42,97";19058;"R$10,22";2;"R$77.975,02";"R$7.565.477,55";"R$6.424.041,00";"R$8.700.000,00";
2616;03/05/2024;5;12;20;29;33;35;36;37;40;44;54;59;60;62;70;79;81;82;83;97;1;"RONCADOR/PR; RONCADOR/PR";"R$8.761.537,75";5;"R$85.053,17";77;"R$3.451,84";741;"R$358,69";4815;"R$55,20";21248;"R$12,50";1;"R$212.632,95";"R$0,00";"R$8.758.977,00";"R$500.000,00";
2617;06/05/2024;1;12;19;20;23;25;29;40;54;55;58;61;69;71;81;86;90;91;93;98;0;;"R$0,00";1;"R$181.385,27";43;"R$2.636,41";383;"R$295,99";2265;"R$50,05";9905;"R$11,44";0;"R$0,00";"R$600.838,73";"R$3.735.897,00";"R$1.200.000,00";
2618;08/05/2024;2;5;6;11;13;29;34;41;44;45;48;51;52;61;66;74;76;80;83;96;0;;"R$0,00";4;"R$49.518,16";25;"R$4.951,82";527;"R$234,90";2395;"R$51,68";10453;"R$11,84";0;"R$0,00";"R$1.256.954,36";"R$4.079.598,00";"R$1.800.000,00";
2619;10/05/2024;1;3;6;11;14;19;31;33;38;44;57;64;71;73;75;77;81;82;86;89;1;OURO VERDE DO OESTE/PR;"R$1.864.096,67";7;"R$30.838,97";68;"R$1.984,13";713;"R$189,22";3703;"R$36,43";15085;"R$8,94";0;"R$0,00";"R$107.936,44";"R$4.446.219,00";"R$600.000,00";
2620;13/05/2024;2;5;12;13;16;27;32;34;40;43;44;50;52;53;59;60;70;84;87;94;0;;"R$0,00";1;"R$169.078,36";24;"R$4.403,08";324;"R$326,15";2011;"R$52,54";8972;"R$11,77";0;"R$0,00";"R$668.008,51";"R$3.482.418,00";"R$1.200.000,00";
2621;15/05/2024;2;6;9;15;26;29;33;41;59;60;74;76;77;78;79;87;88;94;97;98;0;;"R$0,00";3;"R$59.540,24";35;"R$3.189,66";359;"R$310,96";2202;"R$50,69";9942;"R$11,22";0;"R$0,00";"R$1.259.689,67";"R$3.678.957,00";"R$1.800.000,00";
2622;17/05/2024;1;7;10;12;13;14;21;23;34;38;43;46;55;56;67;68;75;83;88;94;0;;"R$0,00";7;"R$28.772,43";67;"R$1.878,80";567;"R$222,00";3312;"R$38,00";13341;"R$9,43";0;"R$0,00";"R$1.926.850,37";"R$4.148.274,00";"R$2.600.000,00";
2623;20/05/2024;3;14;15;20;25;26;46;49;58;62;65;68;75;76;79;84;85;89;96;98;1;"NOSSA SENHORA DO SOCORRO/SE; NOSSA SENHORA DO SOCORRO/SE";"R$2.520.631,29";1;"R$211.122,11";55;"R$2.399,11";493;"R$267,64";2811;"R$46,94";12204;"R$10,81";1;"R$105.561,08";"R$0,00";"R$4.348.371,00";"R$450.000,00";
2624;22/05/2024;6;7;9;12;14;21;25;26;32;43;44;47;53;55;78;80;82;84;86;92;0;;"R$0,00";2;"R$76.463,21";39;"R$2.450,75";342;"R$279,47";2169;"R$44,06";9568;"R$9,98";0;"R$0,00";"R$506.568,77";"R$3.149.745,00";"R$1.000.000,00";
2625;24/05/2024;1;7;11;19;22;26;34;36;38;40;41;50;54;58;67;74;75;81;85;93;1;PINTADAS/BA;"R$1.002.605,83";3;"R$58.789,58";34;"R$3.242,08";369;"R$298,72";2129;"R$51,77";9501;"R$11,60";0;"R$0,00";"R$88.184,39";"R$3.632.574,00";"R$600.000,00";
2626;27/05/2024;4;8;13;16;17;21;34;35;36;37;38;42;46;47;51;63;71;84;89;94;0;;"R$0,00";1;"R$157.354,51";37;"R$2.658,02";340;"R$289,25";2066;"R$47,60";9130;"R$10,77";0;"R$0,00";"R$609.421,22";"R$3.240.948,00";"R$1.100.000,00";
2627;29/05/2024;0;2;3;8;15;24;31;32;37;47;49;58;62;64;74;81;83;94;95;99;0;;"R$0,00";1;"R$173.619,63";38;"R$2.855,58";335;"R$323,91";2088;"R$51,96";9093;"R$11,93";0;"R$0,00";"R$1.184.536,22";"R$3.575.952,00";"R$1.700.000,00";
2628;31/05/2024;1;8;9;10;12;13;24;42;43;60;63;67;71;74;75;83;84;93;95;98;0;;"R$0,00";4;"R$43.416,63";41;"R$2.647,36";379;"R$286,38";2357;"R$46,05";10276;"R$10,56";0;"R$0,00";"R$1.759.806,60";"R$3.576.918,00";"R$2.400.000,00";
2629;03/06/2024;4;8;10;12;15;24;30;31;37;38;42;54;57;60;62;79;86;89;92;95;0;;"R$0,00";8;"R$26.141,94";58;"R$2.253,62";571;"R$228,91";3342;"R$39,11";13770;"R$9,49";0;"R$0,00";"R$2.452.567,97";"R$4.307.454,00";"R$3.100.000,00";
2630;05/06/2024;4;6;14;15;17;28;31;43;47;53;61;64;67;68;69;73;80;88;92;95;0;;"R$0,00";5;"R$44.024,52";57;"R$2.413,63";463;"R$297,14";2740;"R$50,21";12075;"R$11,39";0;"R$0,00";"R$3.181.724,19";"R$4.533.750,00";"R$3.800.000,00";
2631;07/06/2024;2;3;6;13;22;23;30;42;43;45;55;57;59;77;78;79;90;91;93;98;0;;"R$0,00";3;"R$86.104,55";68;"R$2.374,21";566;"R$285,24";3321;"R$48,61";15047;"R$10,72";0;"R$0,00";"R$4.037.388,11";"R$5.320.350,00";"R$4.800.000,00";
2632;10/06/2024;7;10;13;14;21;23;30;32;42;46;48;52;53;62;70;81;82;83;86;97;0;;"R$0,00";4;"R$67.514,11";53;"R$3.184,63";574;"R$294,05";3299;"R$51,16";14315;"R$11,79";0;"R$0,00";"R$4.931.950,01";"R$5.562.210,00";"R$5.800.000,00";
2633;12/06/2024;3;5;9;13;14;16;18;21;28;34;40;46;51;52;60;80;81;90;94;99;0;;"R$0,00";9;"R$30.381,09";95;"R$1.798,88";869;"R$196,65";4943;"R$34,57";17737;"R$9,63";0;"R$0,00";"R$5.837.686,27";"R$5.631.690,00";"R$6.700.000,00";
2634;14/06/2024;6;8;9;10;13;29;31;35;36;44;49;63;69;70;77;81;90;91;94;98;0;;"R$0,00";4;"R$75.040,73";70;"R$2.680,02";669;"R$280,42";4040;"R$46,43";17188;"R$10,91";0;"R$0,00";"R$6.831.976,00";"R$6.182.298,00";"R$7.800.000,00";
2635;17/06/2024;1;5;10;12;13;16;25;26;29;30;35;37;43;56;60;67;75;79;93;97;0;;"R$0,00";9;"R$34.459,75";104;"R$1.863,81";792;"R$244,74";4889;"R$39,64";20327;"R$9,53";0;"R$0,00";"R$7.859.307,29";"R$6.387.744,00";"R$8.800.000,00";
2636;19/06/2024;13;18;19;22;32;40;44;45;49;51;53;57;60;66;74;78;86;89;91;92;0;;"R$0,00";10;"R$30.348,52";77;"R$2.463,35";603;"R$314,55";4116;"R$46,08";17837;"R$10,63";0;"R$0,00";"R$8.864.602,04";"R$6.250.725,00";"R$9.800.000,00";
2637;21/06/2024;7;9;10;12;15;17;20;27;28;30;31;41;44;57;60;71;75;79;92;98;1;"PARAIPABA/CE; BRASILIA/DF";"R$9.801.325,29";10;"R$33.305,72";109;"R$1.909,73";870;"R$239,26";5166;"R$40,29";21579;"R$9,64";1;"R$166.528,59";"R$0,00";"R$6.859.803,00";"R$500.000,00";
2638;24/06/2024;4;14;18;19;21;25;28;41;48;49;59;63;65;67;73;75;77;82;84;90;0;;"R$0,00";1;"R$150.299,80";47;"R$1.998,67";333;"R$282,09";1954;"R$48,07";8478;"R$11,08";0;"R$0,00";"R$497.868,13";"R$3.095.646,00";"R$1.000.000,00";
2639;26/06/2024;2;8;11;14;23;29;36;37;38;44;53;55;60;66;77;82;85;90;95;99;0;;"R$0,00";4;"R$42.826,21";61;"R$1.755,17";425;"R$251,91";2477;"R$43,22";10470;"R$10,22";0;"R$0,00";"R$1.065.315,48";"R$3.528.276,00";"R$1.500.000,00";
2640;28/06/2024;1;3;8;10;16;20;22;23;35;36;50;55;61;66;67;74;75;80;82;87;0;;"R$0,00";8;"R$25.318,18";59;"R$2.145,61";440;"R$287,70";2706;"R$46,78";11324;"R$11,17";0;"R$0,00";"R$1.736.247,29";"R$4.171.722,00";"R$2.300.000,00";
2641;01/07/2024;3;4;9;12;18;21;22;26;28;29;32;48;64;69;72;75;85;87;90;97;0;;"R$0,00";5;"R$43.267,14";44;"R$3.072,95";502;"R$269,34";2553;"R$52,96";11474;"R$11,78";0;"R$0,00";"R$2.452.859,37";"R$4.455.753,00";"R$3.100.000,00";
2642;03/07/2024;5;6;13;17;19;20;21;30;33;43;48;49;56;60;62;82;89;92;95;99;0;;"R$0,00";9;"R$24.776,75";53;"R$2.629,61";485;"R$287,35";2737;"R$50,92";12668;"R$11,00";0;"R$0,00";"R$3.191.516,22";"R$4.592.823,00";"R$4.000.000,00";
2643;05/07/2024;5;7;13;15;16;17;20;28;29;30;31;40;44;54;56;65;67;78;86;96;0;;"R$0,00";5;"R$52.867,97";66;"R$2.503,22";813;"R$203,21";3642;"R$45,36";15797;"R$10,45";0;"R$0,00";"R$4.067.142,01";"R$5.444.469,00";"R$5.000.000,00";
2644;08/07/2024;6;7;9;11;16;19;23;37;41;44;45;49;54;58;63;65;67;74;85;91;0;;"R$0,00";11;"R$24.166,76";96;"R$1.730,69";805;"R$206,39";4691;"R$35,41";19720;"R$8,42";0;"R$0,00";"R$4.947.718,10";"R$5.475.249,00";"R$5.800.000,00";
2645;10/07/2024;0;6;17;19;21;37;46;53;54;60;61;66;72;74;75;77;80;82;84;95;0;;"R$0,00";5;"R$49.778,11";83;"R$1.874,18";648;"R$240,05";3677;"R$42,30";15531;"R$10,01";0;"R$0,00";"R$5.772.168,11";"R$5.126.268,00";"R$6.500.000,00";
2646;12/07/2024;4;5;11;12;14;20;25;40;41;52;54;59;60;62;77;79;80;87;89;96;0;;"R$0,00";4;"R$69.444,16";65;"R$2.670,93";599;"R$289,83";3391;"R$51,19";15415;"R$11,26";0;"R$0,00";"R$6.692.303,18";"R$5.721.219,00";"R$7.500.000,00";
2647;15/07/2024;2;8;9;24;33;44;48;50;53;54;56;68;80;81;87;89;91;92;97;98;0;;"R$0,00";5;"R$55.216,21";71;"R$2.430,29";552;"R$312,59";3413;"R$50,55";15711;"R$10,98";0;"R$0,00";"R$7.606.821,65";"R$5.686.296,00";"R$8.500.000,00";
2648;17/07/2024;7;10;12;13;25;31;38;51;54;58;63;69;72;78;84;86;87;90;93;96;0;;"R$0,00";5;"R$54.062,76";90;"R$1.877,18";752;"R$224,66";4059;"R$41,62";16388;"R$10,30";0;"R$0,00";"R$8.502.236,09";"R$5.567.511,00";"R$9.500.000,00";
2649;19/07/2024;7;9;12;27;31;36;43;45;51;53;58;64;68;73;75;82;85;87;92;95;1;CANAL ELETRONICO;"R$9.334.952,62";14;"R$21.148,36";120;"R$2.202,95";867;"R$213,43";4830;"R$38,31";19875;"R$9,31";0;"R$0,00";"R$148.038,53";"R$6.098.142,00";"R$750.000,00";
2650;22/07/2024;5;6;12;13;18;38;41;44;47;51;55;61;76;80;82;83;85;90;94;95;0;;"R$0,00";1;"R$164.946,10";28;"R$3.681,84";292;"R$353,05";2086;"R$49,42";8513;"R$12,10";0;"R$0,00";"R$694.422,48";"R$3.397.308,00";"R$1.200.000,00";
2651;24/07/2024;3;4;20;32;37;42;43;49;53;57;68;69;76;78;80;85;86;90;95;99;0;;"R$0,00";1;"R$166.473,16";35;"R$2.972,74";271;"R$383,93";1750;"R$59,45";7992;"R$13,01";0;"R$0,00";"R$1.245.864,82";"R$3.428.760,00";"R$1.800.000,00";
2652;26/07/2024;1;9;15;22;24;32;34;39;41;42;47;53;62;69;75;82;88;89;91;92;0;;"R$0,00";5;"R$38.361,45";52;"R$2.305,38";420;"R$285,42";2667;"R$44,94";11318;"R$10,59";0;"R$0,00";"R$1.881.226,34";"R$3.950.553,00";"R$2.500.000,00";
2653;29/07/2024;3;6;14;15;18;25;40;53;62;65;68;69;72;73;75;78;82;95;96;97;0;;"R$0,00";6;"R$32.190,17";47;"R$2.568,37";466;"R$259,04";2523;"R$47,84";11202;"R$10,77";0;"R$0,00";"R$2.521.005,99";"R$3.978.024,00";"R$3.200.000,00";
2654;31/07/2024;3;7;8;15;16;17;20;22;30;48;49;53;62;63;67;72;75;77;79;91;0;;"R$0,00";3;"R$68.442,59";44;"R$2.916,59";461;"R$278,37";2851;"R$45,01";12755;"R$10,06";0;"R$0,00";"R$3.201.154,23";"R$4.229.028,00";"R$3.800.000,00";
2655;02/08/2024;4;5;8;10;24;35;46;54;59;60;61;65;70;71;74;78;85;87;90;93;0;;"R$0,00";3;"R$81.912,03";89;"R$1.725,67";747;"R$205,60";4116;"R$37,31";15683;"R$9,79";0;"R$0,00";"R$4.015.155,05";"R$5.061.297,00";"R$4.700.000,00";
2656;05/08/2024;1;4;11;14;15;18;22;26;31;46;47;48;50;53;58;73;76;85;90;97;1;"CACONDE/SP; CACONDE/SP";"R$4.716.246,58";2;"R$124.638,50";55;"R$2.832,69";448;"R$347,76";3039;"R$51,26";13187;"R$11,81";1;"R$124.638,52";"R$0,00";"R$5.134.227,00";"R$500.000,00";
2657;07/08/2024;4;6;9;18;26;29;30;34;38;46;47;56;62;63;64;65;66;73;83;85;0;;"R$0,00";3;"R$55.571,79";56;"R$1.860,66";539;"R$193,31";2837;"R$36,72";11419;"R$9,12";0;"R$0,00";"R$552.244,72";"R$3.433.749,00";"R$1.100.000,00";
2658;09/08/2024;5;12;13;14;15;18;19;20;27;33;34;42;45;56;64;65;74;87;91;98;0;;"R$0,00";3;"R$63.337,30";53;"R$2.240,70";472;"R$251,60";2906;"R$40,86";12569;"R$9,44";0;"R$0,00";"R$1.181.659,13";"R$3.913.575,00";"R$1.800.000,00";
2659;12/08/2024;6;13;34;37;38;49;51;52;55;60;62;66;67;68;79;81;84;85;97;99;0;;"R$0,00";5;"R$37.822,05";54;"R$2.188,78";367;"R$322,05";2485;"R$47,56";10685;"R$11,06";0;"R$0,00";"R$1.808.086,96";"R$3.895.005,00";"R$2.400.000,00";
2660;14/08/2024;0;1;4;5;12;14;19;25;28;37;42;56;57;61;65;70;74;75;76;86;0;;"R$0,00";5;"R$38.249,26";48;"R$2.490,18";435;"R$274,77";2841;"R$42,07";12186;"R$9,80";0;"R$0,00";"R$2.441.590,43";"R$3.939.000,00";"R$3.000.000,00";
2661;16/08/2024;10;11;14;22;27;28;32;33;38;42;44;46;50;51;56;58;79;80;91;97;0;;"R$0,00";3;"R$68.006,16";44;"R$2.897,99";435;"R$293,12";2733;"R$46,65";12012;"R$10,61";0;"R$0,00";"R$3.117.401,60";"R$4.202.061,00";"R$3.800.000,00";
2662;19/08/2024;2;5;9;15;21;28;31;38;46;52;58;60;63;65;73;74;82;89;91;97;0;;"R$0,00";1;"R$221.303,02";54;"R$2.561,38";428;"R$323,16";2833;"R$48,82";11974;"R$11,55";0;"R$0,00";"R$3.850.467,88";"R$4.558.062,00";"R$4.500.000,00";
2663;21/08/2024;0;5;7;8;17;24;26;29;30;32;35;39;40;43;45;57;65;68;83;92;0;CRICIUMA/SC;"R$0,00";2;"R$116.722,31";80;"R$1.823,78";772;"R$188,99";4350;"R$33,54";17010;"R$8,57";1;"R$116.722,34";"R$4.507.030,87";"R$4.808.136,00";"R$5.200.000,00";
2664;23/08/2024;3;9;12;17;19;22;23;25;35;36;50;51;53;57;67;69;72;78;89;94;0;;"R$0,00";7;"R$36.253,78";80;"R$1.982,63";717;"R$221,21";4068;"R$38,98";17064;"R$9,29";0;"R$0,00";"R$5.347.665,36";"R$5.226.900,00";"R$6.000.000,00";
2665;26/08/2024;10;13;28;43;46;47;49;53;58;61;69;71;74;76;78;80;83;90;96;98;0;PRATA/MG;"R$0,00";5;"R$57.925,76";69;"R$2.623,45";751;"R$241,03";4556;"R$39,73";18611;"R$9,72";1;"R$144.814,44";"R$6.162.246,35";"R$5.965.332,00";"R$7.000.000,00";
2666;28/08/2024;0;2;11;13;29;33;41;52;53;57;61;62;63;75;79;83;84;87;94;96;0;;"R$0,00";4;"R$73.486,55";68;"R$2.701,71";657;"R$279,62";4029;"R$45,59";17248;"R$10,65";0;"R$0,00";"R$7.135.943,13";"R$6.054.255,00";"R$8.000.000,00";
2667;30/08/2024;0;1;16;18;19;21;23;29;32;60;63;66;70;73;81;85;86;91;96;97;0;;"R$0,00";9;"R$40.288,34";67;"R$3.382,42";730;"R$310,44";4717;"R$48,04";20737;"R$10,92";0;"R$0,00";"R$8.337.039,16";"R$7.468.179,00";"R$9.500.000,00";
2668;02/09/2024;3;10;27;29;31;32;36;38;40;42;44;55;63;75;80;83;85;88;93;95;0;;"R$0,00";5;"R$74.250,22";105;"R$2.209,83";921;"R$251,93";5346;"R$43,40";22356;"R$10,37";0;"R$0,00";"R$9.566.808,36";"R$7.646.463,00";"R$10.600.000,00";
2669;04/09/2024;0;2;10;12;18;32;36;45;47;51;54;68;77;79;86;93;96;97;98;99;0;;"R$0,00";4;"R$91.009,40";109;"R$2.087,37";883;"R$257,67";5009;"R$45,42";22150;"R$10,27";0;"R$0,00";"R$10.772.682,93";"R$7.497.891,00";"R$11.800.000,00";
2670;06/09/2024;5;8;12;13;16;32;33;34;40;46;51;54;58;62;64;69;74;88;90;95;0;LIMEIRA/SP;"R$0,00";5;"R$79.624,95";71;"R$3.504,62";794;"R$313,38";4949;"R$50,27";22137;"R$11,24";1;"R$199.062,41";"R$11.892.408,78";"R$8.199.966,00";"R$13.000.000,00";
2671;09/09/2024;2;5;6;7;19;21;29;34;39;44;46;56;59;60;61;68;71;80;82;84;0;;"R$0,00";8;"R$41.352,90";66;"R$3.132,80";593;"R$348,67";3839;"R$53,85";17313;"R$11,94";0;"R$0,00";"R$12.988.260,75";"R$6.813.792,00";"R$14.000.000,00";
2672;11/09/2024;0;2;10;22;24;32;40;43;48;63;67;71;75;78;79;80;84;88;89;95;0;CANAL ELETRONICO;"R$0,00";4;"R$107.652,97";105;"R$2.563,17";950;"R$283,29";5798;"R$46,41";25997;"R$10,35";1;"R$215.305,96";"R$14.199.356,62";"R$8.869.086,00";"R$15.500.000,00";
2673;13/09/2024;0;2;7;11;15;20;24;39;47;49;51;59;66;68;73;76;79;85;87;88;0;;"R$0,00";9;"R$50.876,99";153;"R$1.870,48";1145;"R$249,94";6734;"R$42,49";28193;"R$10,15";0;"R$0,00";"R$15.716.127,00";"R$9.430.980,00";"R$17.000.000,00";
2674;16/09/2024;3;8;9;10;14;18;19;27;29;31;44;54;64;69;75;79;87;88;93;95;0;;"R$0,00";6;"R$77.120,07";145;"R$1.994,49";1513;"R$191,14";7886;"R$36,67";29910;"R$9,66";0;"R$0,00";"R$17.248.888,40";"R$9.530.409,00";"R$18.500.000,00";
2675;18/09/2024;1;10;12;16;17;18;27;32;44;51;54;60;63;67;69;76;82;86;91;94;1;"MAUA/SP; MAUA/SP";"R$18.558.357,77";3;"R$155.196,37";117;"R$2.487,13";1081;"R$269,18";6424;"R$45,29";27898;"R$10,43";1;"R$232.794,58";"R$0,00";"R$9.589.494,00";"R$400.000,00";
2676;20/09/2024;6;11;25;31;34;35;39;43;48;52;53;57;60;64;67;76;80;83;93;96;0;;"R$0,00";2;"R$86.409,84";36;"R$3.000,34";326;"R$331,32";2033;"R$53,12";9022;"R$11,97";0;"R$0,00";"R$572.465,21";"R$3.559.476,00";"R$1.100.000,00";
2677;23/09/2024;1;7;22;25;26;32;38;39;41;43;44;45;52;54;56;68;79;87;92;96;1;"CAMPESTRE DO MARANHAO/MA; CAMPESTRE DO MARANHAO/MA";"R$1.084.036,89";4;"R$45.473,04";34;"R$3.343,60";382;"R$297,59";2552;"R$44,54";10974;"R$10,35";1;"R$90.946,10";"R$0,00";"R$3.746.337,00";"R$400.000,00";
2678;25/09/2024;2;5;11;15;17;18;23;24;33;36;40;42;46;48;54;61;72;74;88;96;0;;"R$0,00";4;"R$38.748,69";53;"R$1.827,77";437;"R$221,67";2492;"R$38,87";10534;"R$9,19";0;"R$0,00";"R$513.420,09";"R$3.192.345,00";"R$1.000.000,00";
2679;27/09/2024;2;5;7;24;29;38;42;49;52;59;63;65;67;72;73;79;80;85;90;98;0;;"R$0,00";2;"R$92.422,59";40;"R$2.888,20";376;"R$307,25";2435;"R$47,44";11012;"R$10,49";0;"R$0,00";"R$1.125.719,78";"R$3.807.159,00";"R$1.700.000,00";
2680;30/09/2024;0;6;15;22;29;30;33;36;37;42;60;69;73;76;78;82;89;91;95;98;0;;"R$0,00";4;"R$48.883,06";62;"R$1.971,09";584;"R$209,25";2990;"R$40,87";11884;"R$10,28";0;"R$0,00";"R$1.773.420,40";"R$4.027.275,00";"R$2.400.000,00";
2681;02/10/2024;12;16;18;25;31;35;37;38;56;58;62;67;69;71;72;88;95;96;98;99;0;;"R$0,00";4;"R$52.888,50";66;"R$2.003,36";465;"R$284,34";2829;"R$46,73";12575;"R$10,51";0;"R$0,00";"R$2.474.192,98";"R$4.357.266,00";"R$3.000.000,00";
2682;04/10/2024;1;6;10;17;19;23;25;29;32;35;36;42;44;63;69;71;76;85;90;95;0;;"R$0,00";9;"R$27.456,58";72;"R$2.145,05";661;"R$233,65";3998;"R$38,63";16046;"R$9,62";0;"R$0,00";"R$3.292.742,19";"R$5.089.578,00";"R$4.000.000,00";
2683;07/10/2024;2;4;19;25;26;33;34;39;42;45;48;60;62;64;71;81;85;88;92;95;0;;"R$0,00";4;"R$65.088,17";71;"R$2.291,84";560;"R$290,57";3296;"R$49,36";14244;"R$11,42";0;"R$0,00";"R$4.155.160,44";"R$5.362.347,00";"R$5.000.000,00";
2684;09/10/2024;10;11;12;13;19;21;22;23;33;36;40;41;44;52;54;68;73;81;83;95;0;;"R$0,00";5;"R$57.033,06";78;"R$2.284,98";784;"R$227,33";4273;"R$41,71";18996;"R$9,38";0;"R$0,00";"R$5.099.770,56";"R$5.873.400,00";"R$6.000.000,00";
2685;11/10/2024;1;12;13;17;18;21;22;24;26;38;47;50;52;56;59;62;71;84;87;88;0;;"R$0,00";6;"R$48.716,27";75;"R$2.435,82";655;"R$278,90";3941;"R$46,35";17330;"R$10,54";0;"R$0,00";"R$6.068.006,56";"R$6.020.301,00";"R$7.000.000,00";
2686;14/10/2024;3;7;9;15;18;23;24;38;50;53;56;60;62;64;65;66;69;77;89;95;1;VERA CRUZ/RS;"R$6.860.727,41";6;"R$46.976,05";72;"R$2.446,67";671;"R$262,53";3915;"R$44,99";17340;"R$10,15";0;"R$0,00";"R$140.928,18";"R$5.805.246,00";"R$500.000,00";
2687;16/10/2024;1;11;12;16;20;25;47;52;54;56;58;59;61;64;79;81;82;83;92;96;0;;"R$0,00";2;"R$79.504,29";39;"R$2.548,21";321;"R$309,59";2037;"R$48,78";10544;"R$9,42";0;"R$0,00";"R$667.644,10";"R$3.275.016,00";"R$1.200.000,00";
2688;18/10/2024;4;11;22;24;33;34;37;39;44;50;56;57;62;66;72;79;80;82;84;97;0;;"R$0,00";4;"R$47.293,41";47;"R$2.515,61";504;"R$234,59";4545;"R$26,01";12141;"R$9,73";0;"R$0,00";"R$1.294.281,81";"R$3.896.310,00";"R$1.900.000,00";
2689;21/10/2024;10;13;14;15;16;21;25;27;33;34;45;51;54;65;67;74;82;86;92;97;0;;"R$0,00";3;"R$63.093,86";49;"R$2.414,30";550;"R$215,09";3067;"R$38,57";12814;"R$9,23";0;"R$0,00";"R$1.921.277,04";"R$3.898.533,00";"R$2.500.000,00";
2690;23/10/2024;9;12;16;17;31;34;38;39;51;53;56;65;71;79;80;84;90;95;96;98;0;;"R$0,00";4;"R$49.203,00";57;"R$2.158,03";390;"R$315,40";2886;"R$42,62";10687;"R$11,51";0;"R$0,00";"R$2.573.216,76";"R$4.053.633,00";"R$3.200.000,00";
2691;25/10/2024;5;6;19;24;31;32;34;35;36;39;49;53;62;66;70;72;78;80;91;99;0;;"R$0,00";5;"R$44.287,58";46;"R$3.008,67";412;"R$335,91";2686;"R$51,52";11168;"R$12,39";0;"R$0,00";"R$3.306.729,84";"R$4.560.840,00";"R$4.000.000,00";
2692;28/10/2024;11;12;18;19;21;29;32;38;49;52;56;58;61;62;65;66;67;79;84;86;0;;"R$0,00";2;"R$112.263,34";103;"R$1.946,31";757;"R$185,37";4063;"R$34,53";16865;"R$8,32";0;"R$0,00";"R$4.050.474,51";"R$4.624.458,00";"R$4.700.000,00";
2693;30/10/2024;1;9;10;11;19;24;28;36;39;40;42;53;54;61;75;78;85;92;93;98;0;;"R$0,00";4;"R$61.428,64";54;"R$2.843,92";489;"R$314,05";2854;"R$53,80";13177;"R$11,65";0;"R$0,00";"R$4.864.403,92";"R$5.060.853,00";"R$5.600.000,00";
2694;01/11/2024;2;11;15;21;22;26;28;29;30;33;35;44;49;53;61;67;79;81;87;91;0;;"R$0,00";7;"R$40.025,46";65;"R$2.694,02";682;"R$256,76";3920;"R$44,67";17141;"R$10,21";0;"R$0,00";"R$5.792.494,23";"R$5.770.683,00";"R$6.700.000,00";
2695;04/11/2024;6;19;26;30;32;37;41;52;53;57;60;63;65;75;81;83;85;90;92;94;0;;"R$0,00";4;"R$64.946,01";63;"R$2.577,22";700;"R$231,95";3614;"R$44,92";14952;"R$10,85";0;"R$0,00";"R$6.653.028,86";"R$5.350.635,00";"R$7.400.000,00";
2696;06/11/2024;8;17;31;38;39;43;44;47;49;51;59;61;62;63;66;81;82;93;97;98;0;;"R$0,00";2;"R$149.850,82";89;"R$2.104,65";713;"R$262,71";4091;"R$45,78";17388;"R$10,77";0;"R$0,00";"R$7.645.790,56";"R$6.172.797,00";"R$8.500.000,00";
2697;08/11/2024;6;10;15;22;24;29;30;36;42;45;46;51;54;55;59;62;63;72;79;92;0;;"R$0,00";7;"R$47.388,83";96;"R$2.159,65";868;"R$238,85";4954;"R$41,85";21687;"R$9,55";0;"R$0,00";"R$8.744.618,96";"R$6.832.299,00";"R$9.700.000,00";
2698;11/11/2024;0;2;7;15;19;24;28;32;34;37;50;51;55;59;69;73;74;87;89;94;0;;"R$0,00";7;"R$51.888,47";105;"R$2.162,02";909;"R$249,73";5577;"R$40,70";23336;"R$9,72";0;"R$0,00";"R$9.947.782,94";"R$7.481.037,00";"R$11.000.000,00";
2699;13/11/2024;1;16;20;25;29;34;35;36;51;56;59;60;62;63;66;72;85;86;87;90;0;;"R$0,00";7;"R$54.060,37";92;"R$2.570,80";781;"R$302,83";4873;"R$48,53";21124;"R$11,19";0;"R$0,00";"R$11.201.307,79";"R$7.794.171,00";"R$12.300.000,00";
2700;18/11/2024;6;15;19;21;26;28;29;33;35;38;40;46;61;77;80;87;93;94;98;99;2;"SERRA/ES; RIBEIRAO PRETO/SP";"R$6.300.062,96";5;"R$99.471,52";116;"R$2.679,73";1078;"R$288,35";6788;"R$45,79";29616;"R$10,49";0;"R$0,00";"R$248.678,80";"R$10.243.812,00";"R$700.000,00";
2701;22/11/2024;1;5;7;9;11;13;19;25;27;29;39;46;54;55;56;58;63;66;68;89;0;FLORIANOPOLIS/SC;"R$0,00";6;"R$36.590,19";91;"R$2.154,05";843;"R$162,76";4408;"R$31,12";16412;"R$8,36";1;"R$109.770,60";"R$866.138,33";"R$4.521.774,00";"R$1.500.000,00";
2702;25/11/2024;2;6;9;14;16;18;32;56;58;59;61;63;74;77;78;82;83;84;93;97;0;;"R$0,00";5;"R$38.029,09";57;"R$2.084,93";463;"R$256,67";2472;"R$48,07";10705;"R$11,10";0;"R$0,00";"R$1.495.995,18";"R$3.916.326,00";"R$2.100.000,00";
2703;27/11/2024;0;2;5;22;24;34;49;51;54;63;64;68;71;78;79;80;82;88;90;98;0;;"R$0,00";8;"R$23.807,80";104;"R$1.635,15";529;"R$225,02";2713;"R$43,87";11356;"R$10,48";0;"R$0,00";"R$2.126.901,91";"R$3.922.854,00";"R$2.700.000,00";
2704;29/11/2024;0;6;7;13;14;16;21;26;38;42;43;48;51;52;57;79;83;93;94;98;0;;"R$0,00";4;"R$53.495,73";33;"R$4.052,71";384;"R$348,27";2292;"R$58,35";10609;"R$12,60";0;"R$0,00";"R$2.835.720,40";"R$4.407.294,00";"R$3.500.000,00";
2705;02/12/2024;3;15;16;26;28;36;38;39;45;48;51;60;63;69;70;77;81;84;98;99;0;;"R$0,00";5;"R$46.201,41";49;"R$2.946,52";420;"R$343,76";2487;"R$58,05";11469;"R$12,58";0;"R$0,00";"R$3.600.931,23";"R$4.710.123,00";"R$4.300.000,00";
2706;04/12/2024;4;10;13;15;17;20;22;26;32;44;45;58;70;73;76;82;84;85;95;98;0;;"R$0,00";3;"R$79.220,40";64;"R$2.320,91";537;"R$276,60";3208;"R$46,30";13927;"R$10,66";0;"R$0,00";"R$4.388.183,95";"R$4.845.798,00";"R$5.000.000,00";
2707;06/12/2024;11;13;15;18;21;22;29;30;34;39;40;47;54;55;56;68;69;74;95;96;0;;"R$0,00";5;"R$59.567,57";61;"R$3.051,62";593;"R$313,91";3642;"R$51,11";16328;"R$11,40";0;"R$0,00";"R$5.374.771,82";"R$6.072.771,00";"R$6.300.000,00";
2708;09/12/2024;4;5;9;13;14;30;42;43;49;53;59;60;66;70;76;86;91;92;95;97;0;;"R$0,00";5;"R$61.671,62";70;"R$2.753,20";497;"R$387,77";3453;"R$55,81";15059;"R$12,79";0;"R$0,00";"R$6.396.208,04";"R$6.287.274,00";"R$7.300.000,00";
2709;11/12/2024;0;6;12;13;15;16;31;35;39;40;44;56;69;72;78;79;80;84;86;94;0;;"R$0,00";3;"R$101.185,21";74;"R$2.563,82";635;"R$298,77";3921;"R$48,38";17912;"R$10,59";0;"R$0,00";"R$7.401.736,08";"R$6.189.354,00";"R$8.500.000,00";
2710;13/12/2024;0;11;13;14;23;25;26;30;41;42;44;45;51;55;56;58;71;78;83;89;0;;"R$0,00";3;"R$109.962,12";89;"R$2.316,62";757;"R$272,36";4500;"R$45,81";19306;"R$10,67";0;"R$0,00";"R$8.494.484,66";"R$6.726.225,00";"R$9.500.000,00";
2711;16/12/2024;2;7;10;17;18;20;33;39;45;46;49;64;65;72;73;74;80;87;89;90;0;;"R$0,00";2;"R$162.034,77";49;"R$4.133,54";699;"R$289,76";4037;"R$50,17";17423;"R$11,62";0;"R$0,00";"R$9.567.965,06";"R$6.607.623,00";"R$10.500.000,00";
2712;18/12/2024;10;17;26;31;32;33;34;40;43;50;67;70;74;77;81;83;90;92;95;97;0;;"R$0,00";3;"R$111.448,13";66;"R$3.166,14";658;"R$317,57";4210;"R$49,63";18314;"R$11,41";0;"R$0,00";"R$10.675.480,84";"R$6.817.122,00";"R$11.700.000,00";
2713;20/12/2024;5;9;15;18;19;24;26;28;29;32;33;38;44;53;71;83;84;87;98;99;1;BRASILIA/DF;"R$11.708.025,41";9;"R$40.791,89";151;"R$2.170,80";1163;"R$197,29";6638;"R$34,56";25767;"R$8,90";0;"R$0,00";"R$183.563,51";"R$7.485.543,00";"R$600.000,00";
2714;23/12/2024;3;4;7;19;21;25;27;31;33;36;50;54;59;61;69;78;79;81;94;99;0;;"R$0,00";2;"R$93.898,45";42;"R$2.794,60";393;"R$298,65";2404;"R$48,82";10715;"R$10,95";0;"R$0,00";"R$805.640,77";"R$3.829.089,00";"R$1.400.000,00";
2715;27/12/2024;4;7;19;21;31;32;34;37;40;52;53;58;62;70;78;80;86;88;89;97;0;;"R$0,00";4;"R$62.800,01";54;"R$2.907,41";420;"R$373,80";2693;"R$58,29";12267;"R$12,79";0;"R$0,00";"R$1.637.740,99";"R$5.121.849,00";"R$2.300.000,00";
2716;30/12/2024;3;5;6;10;17;19;21;36;42;45;49;50;52;67;69;78;79;86;87;94;1;GUARULHOS/SP;"R$2.300.089,94";1;"R$235.501,85";63;"R$2.336,33";586;"R$251,17";3553;"R$41,42";14790;"R$9,95";0;"R$0,00";"R$117.750,95";"R$4.801.770,00";"R$500.000,00";
2717;03/01/2025;0;4;7;14;17;39;40;44;49;51;55;60;62;79;80;83;84;88;89;97;0;;"R$0,00";3;"R$78.233,86";62;"R$2.365,94";583;"R$251,60";3663;"R$40,04";14821;"R$9,89";0;"R$0,00";"R$895.199,96";"R$4.785.453,00";"R$1.600.000,00";
2718;06/01/2025;3;4;9;13;17;29;40;46;47;49;55;61;62;64;72;74;81;86;97;98;0;;"R$0,00";1;"R$224.544,90";48;"R$2.923,76";456;"R$307,76";2685;"R$52,26";11912;"R$11,78";0;"R$0,00";"R$1.639.004,94";"R$4.578.363,00";"R$2.300.000,00";
2719;08/01/2025;1;3;7;9;17;23;27;28;34;37;41;45;55;56;59;64;65;67;81;90;0;;"R$0,00";6;"R$39.933,67";69;"R$2.170,31";660;"R$226,89";4112;"R$36,41";18186;"R$8,23";0;"R$0,00";"R$2.432.686,73";"R$4.885.371,00";"R$3.200.000,00";
2720;10/01/2025;8;15;19;20;27;38;46;48;51;52;56;60;68;69;78;82;84;86;91;99;0;;"R$0,00";1;"R$266.756,43";66;"R$2.526,10";604;"R$276,03";3527;"R$47,27";14859;"R$11,22";0;"R$0,00";"R$3.316.317,42";"R$5.439.036,00";"R$4.200.000,00";
2721;13/01/2025;13;20;21;22;31;46;49;51;58;62;68;69;70;73;82;83;85;94;96;98;0;;"R$0,00";5;"R$55.056,78";67;"R$2.567,95";590;"R$291,61";3807;"R$45,19";15766;"R$10,91";0;"R$0,00";"R$4.228.195,37";"R$5.612.907,00";"R$5.000.000,00";
2722;15/01/2025;3;4;5;9;11;20;29;30;33;39;52;57;58;73;75;82;83;86;88;97;0;;"R$0,00";3;"R$90.857,21";59;"R$2.887,41";565;"R$301,51";3345;"R$50,92";14315;"R$11,90";0;"R$0,00";"R$5.131.088,89";"R$5.557.605,00";"R$6.000.000,00";
2723;17/01/2025;12;20;28;34;35;45;46;52;53;58;62;64;68;75;81;85;86;96;98;99;0;CANAL ELETRONICO;"R$0,00";3;"R$101.598,95";80;"R$2.381,23";797;"R$239,01";4887;"R$38,98";19585;"R$9,72";1;"R$152.398,45";"R$5.988.330,04";"R$6.214.662,00";"R$7.000.000,00";
2724;20/01/2025;5;7;15;29;30;32;33;38;42;54;64;68;77;81;83;84;89;93;94;99;0;;"R$0,00";8;"R$37.990,89";74;"R$2.566,95";654;"R$290,45";4256;"R$44,63";16932;"R$11,21";0;"R$0,00";"R$6.995.088,71";"R$6.196.929,00";"R$8.000.000,00";
2725;22/01/2025;12;14;17;19;28;34;40;46;49;55;67;72;77;78;81;89;92;93;94;96;0;;"R$0,00";6;"R$50.116,41";91;"R$2.065,24";792;"R$237,29";4756;"R$39,51";19465;"R$9,65";0;"R$0,00";"R$7.991.152,26";"R$6.131.097,00";"R$9.000.000,00";
2726;24/01/2025;3;7;9;13;15;18;19;34;46;54;56;67;69;77;83;88;91;92;95;97;1;RIO DE JANEIRO/RJ;"R$9.010.410,87";10;"R$36.240,31";125;"R$1.812,02";1110;"R$204,05";6590;"R$34,37";26676;"R$8,49";0;"R$0,00";"R$181.201,56";"R$7.389.225,00";"R$600.000,00";
2727;27/01/2025;7;9;17;18;20;28;34;41;45;47;49;55;64;70;76;83;85;86;88;92;0;;"R$0,00";3;"R$58.579,21";49;"R$2.241,55";480;"R$228,82";3288;"R$33,40";13262;"R$8,28";0;"R$0,00";"R$763.332,43";"R$3.583.206,00";"R$1.300.000,00";
2728;29/01/2025;6;8;11;17;18;24;26;34;35;36;41;49;52;64;66;74;76;82;86;92;1;"CURITIBA/PR; CABO FRIO/RJ; CABO FRIO/RJ";"R$1.293.321,66";7;"R$26.920,09";99;"R$1.699,50";827;"R$142,41";4530;"R$25,99";15158;"R$7,76";2;"R$47.110,17";"R$0,00";"R$3.842.214,00";"R$400.000,00";
2729;31/01/2025;0;3;11;18;19;24;29;32;41;47;55;64;66;68;82;87;89;93;94;96;0;;"R$0,00";6;"R$30.361,26";61;"R$1.866,47";549;"R$207,38";3119;"R$36,50";12363;"R$9,20";0;"R$0,00";"R$603.430,00";"R$3.714.309,00";"R$1.200.000,00";
2730;03/02/2025;1;20;29;35;44;50;54;59;69;71;73;77;80;81;82;83;90;92;94;96;0;;"R$0,00";5;"R$40.348,05";53;"R$2.379,01";449;"R$280,81";2715;"R$46,44";11196;"R$11,26";0;"R$0,00";"R$1.271.694,56";"R$4.113.387,00";"R$1.900.000,00";
2731;05/02/2025;1;6;10;11;15;24;26;30;31;36;37;41;45;50;53;58;72;88;93;95;0;;"R$0,00";6;"R$35.704,27";71;"R$1.885,79";516;"R$259,47";3154;"R$42,45";13351;"R$10,02";0;"R$0,00";"R$1.981.316,96";"R$4.367.958,00";"R$2.600.000,00";
2732;07/02/2025;18;24;25;30;33;36;45;50;51;58;66;70;72;74;75;79;82;90;91;92;0;;"R$0,00";4;"R$64.013,88";74;"R$2.162,63";680;"R$235,34";3632;"R$44,06";15297;"R$10,46";0;"R$0,00";"R$2.829.500,80";"R$5.220.849,00";"R$3.700.000,00";
2733;10/02/2025;5;21;23;25;27;30;35;42;51;60;62;65;71;72;76;80;83;84;93;97;0;;"R$0,00";9;"R$28.402,73";67;"R$2.384,56";583;"R$274,04";3690;"R$43,29";14783;"R$10,80";0;"R$0,00";"R$3.676.257,10";"R$5.212.062,00";"R$4.500.000,00";
2734;12/02/2025;2;3;4;10;11;12;37;40;42;44;45;48;49;67;69;72;77;78;88;97;0;;"R$0,00";5;"R$49.706,35";64;"R$2.427,07";561;"R$276,88";3405;"R$45,61";14764;"R$10,52";0;"R$0,00";"R$4.499.518,62";"R$5.067.444,00";"R$5.300.000,00";
2735;14/02/2025;1;4;11;16;22;27;29;39;40;43;46;49;50;61;69;73;78;84;90;94;0;;"R$0,00";2;"R$133.630,77";50;"R$3.340,77";548;"R$304,81";3281;"R$50,91";14062;"R$11,87";0;"R$0,00";"R$5.384.822,50";"R$5.449.335,00";"R$6.200.000,00";
2736;17/02/2025;0;3;7;13;29;35;37;39;41;52;55;59;60;61;64;76;83;86;88;99;0;;"R$0,00";11;"R$25.350,24";159;"R$1.565,88";766;"R$227,52";4417;"R$39,45";17941;"R$9,71";0;"R$0,00";"R$6.308.521,90";"R$5.685.672,00";"R$7.100.000,00";
2737;19/02/2025;0;18;29;30;32;34;37;38;41;53;55;60;64;66;67;84;86;89;90;95;0;;"R$0,00";11;"R$26.255,11";89;"R$2.028,14";828;"R$217,99";4573;"R$39,47";19385;"R$9,31";0;"R$0,00";"R$7.265.192,27";"R$5.888.619,00";"R$8.200.000,00";
2738;21/02/2025;1;2;7;9;12;16;20;29;41;44;48;50;51;60;64;70;81;84;95;99;1;CANAL ELETRONICO;"R$8.146.007,24";10;"R$31.317,86";114;"R$1.716,99";850;"R$230,27";5180;"R$37,78";20558;"R$9,52";0;"R$0,00";"R$156.589,35";"R$6.385.563,00";"R$600.000,00";
2739;24/02/2025;5;6;16;21;33;39;42;47;49;51;53;56;60;62;64;71;72;75;91;93;0;;"R$0,00";4;"R$41.279,00";56;"R$1.842,81";427;"R$241,68";2403;"R$42,94";10474;"R$9,85";0;"R$0,00";"R$703.536,07";"R$3.366.636,00";"R$1.300.000,00";
2740;26/02/2025;7;9;24;26;29;33;34;41;45;48;58;59;60;68;73;83;87;90;95;97;0;;"R$0,00";3;"R$56.687,89";32;"R$3.321,56";288;"R$369,06";2103;"R$50,54";9524;"R$11,16";0;"R$0,00";"R$1.266.872,02";"R$3.467.517,00";"R$1.800.000,00";
2741;28/02/2025;14;17;18;20;25;34;37;39;40;43;50;51;62;69;74;79;80;92;95;99;0;;"R$0,00";2;"R$100.650,38";39;"R$3.225,98";415;"R$303,16";2534;"R$49,64";11744;"R$10,71";0;"R$0,00";"R$1.933.680,79";"R$4.104.426,00";"R$2.600.000,00";
2742;05/03/2025;0;3;27;30;32;33;37;46;47;48;71;72;73;74;79;80;90;92;93;94;0;;"R$0,00";6;"R$34.916,68";60;"R$2.182,30";488;"R$268,31";2805;"R$46,68";11258;"R$11,63";0;"R$0,00";"R$2.627.649,92";"R$4.271.607,00";"R$3.300.000,00";
2743;07/03/2025;14;23;27;28;29;30;32;38;39;40;41;44;45;70;71;79;86;88;93;97;0;;"R$0,00";9;"R$28.353,86";69;"R$2.311,46";584;"R$273,10";3688;"R$43,24";14465;"R$11,02";0;"R$0,00";"R$3.472.949,43";"R$5.203.095,00";"R$4.300.000,00";
2744;10/03/2025;3;5;7;10;21;24;26;35;38;43;49;67;75;76;77;81;85;91;93;96;0;;"R$0,00";4;"R$68.747,74";97;"R$1.771,85";704;"R$244,13";4422;"R$38,86";17363;"R$9,89";0;"R$0,00";"R$4.383.856,99";"R$5.606.934,00";"R$5.200.000,00";
2745;12/03/2025;5;8;22;25;26;33;34;40;48;53;54;63;69;72;81;84;85;86;89;98;0;;"R$0,00";1;"R$262.498,51";53;"R$3.095,50";560;"R$292,96";3168;"R$51,78";14337;"R$11,44";0;"R$0,00";"R$5.253.383,33";"R$5.352.219,00";"R$6.000.000,00";
2746;14/03/2025;0;5;11;18;30;39;40;46;47;49;50;55;58;60;68;69;81;84;85;86;0;;"R$0,00";7;"R$42.361,17";93;"R$1.992,80";786;"R$235,78";4341;"R$42,69";17289;"R$10,71";0;"R$0,00";"R$6.235.632,99";"R$6.046.068,00";"R$7.200.000,00";
2747;17/03/2025;2;11;12;13;16;18;26;35;37;41;44;47;67;77;82;84;85;93;97;98;0;;"R$0,00";4;"R$78.879,67";70;"R$2.817,13";665;"R$296,54";4124;"R$47,81";18530;"R$10,64";0;"R$0,00";"R$7.280.788,66";"R$6.433.275,00";"R$8.200.000,00";
2748;19/03/2025;1;5;8;9;11;33;35;36;39;41;43;51;55;63;74;80;81;92;97;99;0;;"R$0,00";4;"R$77.360,58";52;"R$3.719,26";709;"R$272,78";4189;"R$46,16";20043;"R$9,64";0;"R$0,00";"R$8.305.816,39";"R$6.309.381,00";"R$9.200.000,00";
2749;21/03/2025;0;4;11;14;15;18;19;27;28;33;37;38;41;53;63;72;76;81;82;91;0;;"R$0,00";6;"R$57.944,88";66;"R$3.292,32";697;"R$311,75";4310;"R$50,41";18837;"R$11,53";0;"R$0,00";"R$9.457.471,01";"R$7.088.811,00";"R$10.500.000,00";
2750;24/03/2025;6;14;22;25;26;27;36;37;42;52;54;61;67;69;72;85;88;94;95;99;0;;"R$0,00";10;"R$34.369,39";65;"R$3.304,75";739;"R$290,67";4444;"R$48,33";19174;"R$11,20";0;"R$0,00";"R$10.595.957,05";"R$7.007.754,00";"R$11.500.000,00";
2751;26/03/2025;0;1;37;39;41;43;50;53;61;64;67;68;73;74;77;80;91;93;96;97;1;"TEOFILANDIA/BA; TEOFILANDIA/BA";"R$11.573.495,60";11;"R$31.597,21";145;"R$2.140,20";1102;"R$197,12";6043;"R$35,94";24492;"R$8,86";1;"R$173.784,65";"R$0,00";"R$7.086.771,00";"R$400.000,00";
2752;28/03/2025;9;14;23;25;27;30;31;32;44;48;53;54;66;71;76;83;84;93;95;99;0;;"R$0,00";4;"R$43.128,44";34;"R$3.171,21";368;"R$292,99";2221;"R$48,54";9739;"R$11,07";0;"R$0,00";"R$571.451,86";"R$3.517.473,00";"R$1.200.000,00";
2753;31/03/2025;5;6;14;22;26;32;34;39;41;48;54;59;65;77;78;79;81;83;90;96;1;HORIZONTE/CE;"R$1.100.829,88";8;"R$23.527,91";44;"R$2.673,63";380;"R$309,57";2366;"R$49,72";9899;"R$11,88";0;"R$0,00";"R$94.111,67";"R$3.837.783,00";"R$600.000,00";
2754;02/04/2025;8;9;26;34;35;37;43;44;51;54;65;68;72;75;77;86;87;91;96;99;0;;"R$0,00";3;"R$55.251,91";30;"R$3.453,24";337;"R$307,41";2131;"R$48,61";9761;"R$10,61";0;"R$0,00";"R$643.177,54";"R$3.379.680,00";"R$1.200.000,00";
2755;04/04/2025;5;7;11;13;15;24;25;28;33;48;51;52;73;80;82;83;90;92;95;99;0;;"R$0,00";1;"R$202.173,12";51;"R$2.477,61";489;"R$258,40";3090;"R$40,89";12852;"R$9,83";0;"R$0,00";"R$1.312.875,99";"R$4.122.213,00";"R$1.900.000,00";
2756;07/04/2025;1;4;11;16;20;23;28;36;39;40;44;46;54;55;59;68;75;83;90;92;0;;"R$0,00";6;"R$38.035,88";48;"R$2.971,55";445;"R$320,52";2979;"R$47,88";11783;"R$12,10";0;"R$0,00";"R$2.068.839,23";"R$4.653.201,00";"R$2.800.000,00";
2757;09/04/2025;2;3;6;14;15;18;20;23;26;28;37;39;46;59;61;65;68;75;79;98;1;"SAO GONCALO/RJ; SAO GONCALO/RJ";"R$2.701.628,51";10;"R$22.499,17";69;"R$2.037,97";659;"R$213,38";3799;"R$37,01";15351;"R$9,16";1;"R$112.495,89";"R$0,00";"R$4.587.474,00";"R$400.000,00";
2758;11/04/2025;6;10;12;13;14;19;30;38;39;43;50;58;62;63;64;72;73;86;87;94;0;;"R$0,00";1;"R$176.858,20";44;"R$2.512,19";346;"R$319,46";2035;"R$54,31";9424;"R$11,72";0;"R$0,00";"R$585.842,79";"R$3.606.054,00";"R$1.100.000,00";
2759;14/04/2025;2;5;19;27;29;35;44;60;64;65;68;75;80;87;91;93;94;95;98;99;0;;"R$0,00";4;"R$48.115,41";39;"R$3.084,32";373;"R$322,48";2360;"R$50,96";10734;"R$11,20";0;"R$0,00";"R$1.223.372,03";"R$3.924.201,00";"R$1.800.000,00";
2760;16/04/2025;3;21;27;41;47;53;54;59;61;64;68;73;75;76;77;82;86;94;97;99;1;CANAL ELETRONICO;"R$1.758.011,72";4;"R$47.523,53";59;"R$2.013,71";533;"R$222,90";3533;"R$33,62";17826;"R$6,66";0;"R$0,00";"R$95.047,08";"R$3.875.928,00";"R$500.000,00";
2761;23/04/2025;6;7;8;14;17;18;24;27;28;31;42;48;49;63;74;76;77;79;90;97;0;;"R$0,00";3;"R$72.776,45";48;"R$2.842,83";456;"R$299,24";2756;"R$49,51";12762;"R$10,69";0;"R$0,00";"R$818.263,07";"R$4.451.631,00";"R$1.500.000,00";
2762;25/04/2025;2;5;9;13;26;30;34;36;38;40;48;51;53;56;62;67;68;69;82;99;0;;"R$0,00";4;"R$47.562,45";58;"R$2.050,11";403;"R$295,05";2608;"R$45,59";11273;"R$10,54";0;"R$0,00";"R$1.448.465,48";"R$3.879.102,00";"R$2.000.000,00";
2763;28/04/2025;6;12;14;24;31;42;45;52;57;59;60;61;62;63;67;81;83;85;91;97;0;;"R$0,00";6;"R$33.376,31";53;"R$2.361,53";411;"R$304,52";2713;"R$46,13";11277;"R$11,09";0;"R$0,00";"R$2.111.819,66";"R$4.083.162,00";"R$2.700.000,00";
2764;30/04/2025;2;4;5;9;10;13;15;23;28;30;36;46;61;64;66;67;72;80;83;96;0;;"R$0,00";3;"R$69.055,82";50;"R$2.589,59";476;"R$272,01";2711;"R$47,76";12169;"R$10,64";0;"R$0,00";"R$2.798.061,82";"R$4.224.045,00";"R$3.500.000,00";
2765;02/05/2025;22;25;28;33;47;49;65;67;73;75;76;77;81;82;83;84;87;90;94;98;0;;"R$0,00";8;"R$28.643,44";105;"R$1.948,53";875;"R$163,67";4427;"R$32,35";17371;"R$8,24";0;"R$0,00";"R$3.557.113,10";"R$4.672.209,00";"R$4.300.000,00";
2766;05/05/2025;0;1;6;18;26;32;35;40;42;46;47;49;60;66;74;75;76;77;85;89;0;;"R$0,00";8;"R$34.412,20";54;"R$3.186,31";548;"R$313,97";3375;"R$50,98";15312;"R$11,23";0;"R$0,00";"R$4.469.036,37";"R$5.613.186,00";"R$5.300.000,00";
2767;07/05/2025;4;6;25;35;37;39;42;47;58;60;67;77;79;87;88;90;92;96;97;98;0;;"R$0,00";7;"R$40.937,33";73;"R$2.453,43";767;"R$233,50";4074;"R$43,96";17908;"R$10,00";0;"R$0,00";"R$5.418.270,74";"R$5.842.848,00";"R$6.300.000,00";
2768;09/05/2025;4;18;23;26;27;28;36;37;38;43;46;50;53;64;67;69;75;78;87;96;0;;"R$0,00";13;"R$24.954,48";119;"R$1.703,83";1228;"R$165,11";6535;"R$31,02";23782;"R$8,52";0;"R$0,00";"R$6.492.873,09";"R$6.614.529,00";"R$7.500.000,00";
2769;12/05/2025;8;10;15;24;29;31;34;40;41;48;51;58;67;69;73;74;81;87;92;96;0;;"R$0,00";3;"R$101.975,18";73;"R$2.619,23";565;"R$338,41";3499;"R$54,64";15563;"R$12,28";0;"R$0,00";"R$7.506.251,39";"R$6.237.675,00";"R$8.500.000,00";
2770;14/05/2025;0;2;3;24;28;30;37;41;48;49;52;61;72;78;83;87;88;89;90;92;0;;"R$0,00";4;"R$74.963,25";78;"R$2.402,67";673;"R$278,46";3996;"R$46,89";18088;"R$10,36";0;"R$0,00";"R$8.499.514,45";"R$6.113.859,00";"R$9.500.000,00";
2771;16/05/2025;2;26;29;31;34;36;37;40;48;49;51;58;63;70;71;72;73;80;89;92;0;PETROLINA/PE;"R$0,00";8;"R$44.452,83";173;"R$1.835,37";1251;"R$177,66";7707;"R$28,83";22748;"R$9,77";1;"R$177.811,37";"R$9.499.703,20";"R$7.250.976,00";"R$10.600.000,00";
2772;19/05/2025;10;11;17;26;28;30;33;44;50;51;59;61;69;70;73;77;82;85;88;97;0;;"R$0,00";4;"R$89.844,42";194;"R$1.653,98";3222;"R$69,71";6783;"R$33,11";24143;"R$9,30";0;"R$0,00";"R$10.690.141,79";"R$7.327.539,00";"R$11.800.000,00";
2773;21/05/2025;6;20;22;24;30;35;36;40;43;45;46;60;64;66;70;73;75;81;82;90;1;"CANAL ELETRONICO; CANAL ELETRONICO";"R$11.671.245,78";7;"R$49.833,85";85;"R$2.564,98";803;"R$271,51";4729;"R$46,10";20171;"R$10,80";1;"R$174.418,51";"R$0,00";"R$7.112.619,00";"R$400.000,00";
2774;23/05/2025;0;6;11;14;15;16;20;24;26;28;38;42;49;53;59;63;77;86;94;97;0;;"R$0,00";5;"R$34.033,10";34;"R$3.128,05";387;"R$274,81";2293;"R$46,38";9958;"R$10,68";0;"R$0,00";"R$563.673,22";"R$3.469.593,00";"R$1.100.000,00";
2775;26/05/2025;6;9;14;15;25;26;34;40;41;53;54;60;66;75;76;80;82;88;89;97;0;;"R$0,00";3;"R$61.980,71";62;"R$1.874,42";385;"R$301,85";2273;"R$51,12";10124;"R$11,47";0;"R$0,00";"R$1.179.606,54";"R$3.791.271,00";"R$1.800.000,00";
2776;28/05/2025;1;3;7;16;17;22;27;32;44;47;52;54;58;63;67;68;72;81;86;97;0;;"R$0,00";4;"R$47.481,75";47;"R$2.525,63";458;"R$259,17";2988;"R$39,72";11964;"R$9,92";0;"R$0,00";"R$1.808.739,64";"R$3.872.520,00";"R$2.400.000,00";
2777;30/05/2025;2;7;32;36;45;46;49;50;52;54;57;70;71;72;74;83;85;88;89;99;0;;"R$0,00";3;"R$78.832,95";64;"R$2.309,56";475;"R$311,18";3241;"R$45,60";13511;"R$10,94";0;"R$0,00";"R$2.592.142,04";"R$4.822.098,00";"R$3.300.000,00";
2778;02/06/2025;5;10;15;18;21;22;23;27;29;45;55;58;65;82;86;88;90;92;93;94;0;;"R$0,00";4;"R$62.312,71";52;"R$2.995,80";529;"R$294,48";3162;"R$49,26";13727;"R$11,34";0;"R$0,00";"R$3.417.785,40";"R$5.082.105,00";"R$4.200.000,00";
2779;04/06/2025;3;4;5;6;16;23;25;31;38;41;44;45;49;57;61;67;71;93;94;96;0;;"R$0,00";1;"R$256.316,22";53;"R$3.022,60";456;"R$351,31";2948;"R$54,34";13463;"R$11,89";0;"R$0,00";"R$4.266.832,89";"R$5.226.165,00";"R$5.200.000,00";
2780;06/06/2025;7;13;14;21;22;30;32;35;36;39;52;55;58;61;63;70;71;83;88;93;0;CANAL ELETRONICO;"R$0,00";4;"R$74.460,45";95;"R$1.959,49";872;"R$213,47";4232;"R$43,98";17875;"R$10,41";1;"R$148.920,92";"R$5.104.512,98";"R$6.072.852,00";"R$6.000.000,00";
2781;09/06/2025;2;10;11;13;16;26;28;32;35;36;37;43;45;53;54;60;77;78;79;89;0;;"R$0,00";1;"R$294.265,86";66;"R$2.786,61";599;"R$307,03";3656;"R$50,30";16956;"R$10,84";0;"R$0,00";"R$6.079.268,64";"R$5.999.940,00";"R$7.000.000,00";
2782;11/06/2025;2;4;10;16;23;24;42;49;62;63;74;79;83;84;88;90;92;94;95;99;0;;"R$0,00";8;"R$35.894,42";97;"R$1.850,23";716;"R$250,65";4295;"R$41,78";18412;"R$9,74";0;"R$0,00";"R$7.030.470,57";"R$5.854.959,00";"R$8.000.000,00";
2783;13/06/2025;5;7;17;20;21;25;26;29;31;34;37;39;50;56;62;63;72;87;93;98;0;;"R$0,00";4;"R$77.724,67";69;"R$2.816,11";680;"R$285,75";3985;"R$48,76";17406;"R$11,16";0;"R$0,00";"R$8.060.322,41";"R$6.339.075,00";"R$9.000.000,00";
2784;16/06/2025;9;18;28;31;33;34;35;37;44;45;48;52;63;67;78;82;84;93;96;99;0;;"R$0,00";10;"R$33.883,51";100;"R$2.117,72";829;"R$255,45";5031;"R$42,09";21506;"R$9,84";0;"R$0,00";"R$9.182.713,61";"R$6.908.685,00";"R$10.200.000,00";
2785;18/06/2025;5;15;16;17;18;20;22;30;37;42;46;51;52;55;61;71;74;78;94;98;0;JOAO PESSOA/PB;"R$0,00";8;"R$42.769,34";55;"R$3.888,12";626;"R$341,60";3797;"R$56,31";17062;"R$12,53";1;"R$171.077,38";"R$10.145.023,75";"R$6.976.371,00";"R$11.200.000,00";
2786;20/06/2025;0;5;11;19;28;31;32;41;44;45;47;51;54;56;59;72;77;82;84;91;1;"CANAL ELETRONICO; CANAL ELETRONICO";"R$11.078.847,67";8;"R$41.503,28";90;"R$2.305,74";866;"R$239,62";6032;"R$34,40";21112;"R$9,82";1;"R$166.013,17";"R$0,00";"R$6.769.857,00";"R$400.000,00";
2787;23/06/2025;1;3;6;8;11;16;20;24;28;30;32;34;35;36;55;56;58;71;90;96;0;;"R$0,00";5;"R$32.988,92";55;"R$1.874,37";462;"R$223,13";2621;"R$39,33";10564;"R$9,75";0;"R$0,00";"R$546.378,92";"R$3.363.141,00";"R$1.100.000,00";
2788;25/06/2025;5;14;17;21;41;42;49;53;57;64;66;68;76;79;80;84;86;91;93;97;0;CANAL ELETRONICO;"R$0,00";8;"R$21.598,69";65;"R$2.373,48";603;"R$179,09";3256;"R$33,16";11935;"R$9,04";1;"R$86.394,76";"R$1.032.349,36";"R$3.523.095,00";"R$1.600.000,00";
2789;27/06/2025;5;20;22;25;31;35;39;50;51;55;57;65;66;68;71;72;75;82;91;98;0;;"R$0,00";3;"R$64.273,07";65;"R$1.854,03";561;"R$214,81";3228;"R$37,33";13154;"R$9,16";0;"R$0,00";"R$1.671.062,93";"R$3.931.491,00";"R$2.300.000,00";
2790;30/06/2025;0;6;8;11;21;25;26;32;45;47;56;64;69;71;74;84;85;89;92;94;0;;"R$0,00";3;"R$73.209,18";45;"R$3.050,38";434;"R$316,28";2860;"R$47,99";11867;"R$11,56";0;"R$0,00";"R$2.398.579,12";"R$4.478.100,00";"R$3.000.000,00";
2791;02/07/2025;5;8;9;21;30;35;44;46;48;51;55;59;66;76;79;88;90;97;98;99;0;;"R$0,00";2;"R$111.546,26";62;"R$2.248,92";614;"R$227,08";3692;"R$37,76";15729;"R$8,86";0;"R$0,00";"R$3.137.573,15";"R$4.548.750,00";"R$3.800.000,00";
2792;04/07/2025;1;4;6;12;19;22;29;30;36;43;48;54;55;57;62;68;70;95;97;99;0;;"R$0,00";7;"R$39.168,57";75;"R$2.284,83";615;"R$278,63";3545;"R$48,33";15063;"R$11,37";0;"R$0,00";"R$4.045.794,27";"R$5.590.398,00";"R$5.000.000,00";
2793;07/07/2025;8;13;14;24;26;29;33;35;37;40;48;52;67;69;71;73;88;89;94;99;0;;"R$0,00";9;"R$32.598,19";88;"R$2.083,69";789;"R$232,40";5334;"R$34,37";18801;"R$9,75";0;"R$0,00";"R$5.017.627,59";"R$5.981.952,00";"R$6.000.000,00";
2794;09/07/2025;2;4;10;15;16;19;25;39;43;47;56;57;66;69;78;85;88;89;91;94;0;;"R$0,00";5;"R$52.233,92";57;"R$2.863,70";582;"R$280,46";3269;"R$49,93";14766;"R$11,05";0;"R$0,00";"R$5.882.751,89";"R$5.325.123,00";"R$6.700.000,00";
2795;11/07/2025;0;2;6;14;16;26;27;29;31;32;40;42;45;60;64;70;73;78;88;97;0;;"R$0,00";1;"R$298.686,22";73;"R$2.557,24";592;"R$315,33";3447;"R$54,15";15214;"R$12,27";0;"R$0,00";"R$6.872.149,99";"R$6.090.069,00";"R$7.800.000,00";
2796;14/07/2025;4;20;21;22;23;28;29;32;34;38;43;47;49;63;67;69;73;77;83;94;0;TERESINA/PI;"R$0,00";5;"R$62.217,75";128;"R$2.169,98";1148;"R$169,36";5960;"R$32,62";24967;"R$7,78";1;"R$155.544,41";"R$7.747.087,13";"R$6.342.951,00";"R$9.000.000,00";
2797;16/07/2025;4;7;12;15;19;22;33;34;36;43;44;50;59;67;70;81;84;87;90;96;0;;"R$0,00";1;"R$313.904,77";95;"R$2.065,17";843;"R$232,72";4121;"R$47,60";17375;"R$11,29";0;"R$0,00";"R$8.786.896,70";"R$6.400.368,00";"R$10.000.000,00";
2798;18/07/2025;1;5;12;13;14;24;29;30;35;36;38;41;55;60;75;78;82;85;90;98;0;RIO DE JANEIRO/RJ;"R$0,00";1;"R$359.393,14";91;"R$2.468,36";706;"R$318,15";4413;"R$50,89";19258;"R$11,66";1;"R$179.696,60";"R$9.797.689,88";"R$7.327.854,00";"R$11.000.000,00";
2799;21/07/2025;1;4;7;11;16;24;25;28;37;40;53;57;59;63;65;69;71;76;84;95;0;;"R$0,00";2;"R$188.109,42";77;"R$3.053,73";828;"R$283,98";4912;"R$47,86";20794;"R$11,30";0;"R$0,00";"R$11.043.914,78";"R$7.670.922,00";"R$12.200.000,00";
2800;23/07/2025;2;3;7;16;23;26;30;34;37;43;44;46;48;50;60;71;75;76;88;94;0;;"R$0,00";3;"R$121.070,37";86;"R$2.639,61";717;"R$316,60";4486;"R$50,60";20190;"R$11,24";0;"R$0,00";"R$12.247.051,64";"R$7.405.701,00";"R$13.500.000,00";
2801;25/07/2025;3;4;5;8;13;25;39;49;55;58;61;68;74;80;81;86;89;95;98;99;0;;"R$0,00";4;"R$97.436,34";136;"R$1.791,11";1249;"R$195,02";5681;"R$42,87";23466;"R$10,38";0;"R$0,00";"R$13.538.083,11";"R$7.946.721,00";"R$15.000.000,00";
2802;28/07/2025;10;13;14;22;27;39;49;60;65;74;75;77;79;80;83;87;92;95;98;99;0;SAO SEBASTIAO DO PARAISO/MG;"R$0,00";16;"R$25.421,86";115;"R$2.210,60";1138;"R$223,39";6807;"R$37,34";27082;"R$9,38";1;"R$203.374,85";"R$14.682.066,54";"R$8.293.431,00";"R$16.000.000,00";
2803;30/07/2025;0;3;12;13;15;16;26;28;30;41;50;55;56;60;66;68;69;71;82;91;0;;"R$0,00";2;"R$208.641,80";92;"R$2.834,81";1028;"R$253,69";6944;"R$37,55";25163;"R$10,36";0;"R$0,00";"R$16.064.318,49";"R$8.508.213,00";"R$17.500.000,00";
2804;01/08/2025;4;11;13;15;31;32;33;36;40;44;49;52;67;69;77;87;88;91;96;98;1;NOVA OLINDA/CE;"R$17.374.177,38";6;"R$77.621,27";144;"R$2.021,39";1178;"R$247,09";7034;"R$41,38";29710;"R$9,79";0;"R$0,00";"R$0,00";"R$9.495.963,00";"R$600.000,00";
2805;04/08/2025;1;3;4;12;13;14;15;27;33;40;43;47;52;58;60;68;77;81;91;94;0;;"R$0,00";2;"R$86.932,30";53;"R$2.050,29";475;"R$228,76";2934;"R$37,03";11988;"R$9,06";0;"R$0,00";"R$808.790,32";"R$3.545.016,00";"R$1.400.000,00";
2806;06/08/2025;6;12;18;20;24;26;36;38;44;46;61;62;71;81;85;90;92;94;95;96;1;JI-PARANA/RO;"R$1.360.199,89";2;"R$98.028,37";37;"R$3.311,77";455;"R$269,30";2456;"R$49,89";12269;"R$9,98";0;"R$0,00";"R$98.028,40";"R$3.997.503,00";"R$600.000,00";
2807;08/08/2025;13;22;25;28;35;37;42;44;48;50;51;58;69;70;78;80;94;95;97;99;0;;"R$0,00";5;"R$38.013,15";57;"R$2.084,05";538;"R$220,80";2838;"R$41,85";11961;"R$9,93";0;"R$0,00";"R$727.621,09";"R$3.875.349,00";"R$1.400.000,00";
2808;11/08/2025;3;11;12;15;25;26;27;31;32;39;52;57;58;65;72;74;80;83;84;97;0;;"R$0,00";3;"R$66.130,88";46;"R$2.695,55";395;"R$313,91";2466;"R$50,28";11125;"R$11,14";0;"R$0,00";"R$1.384.796,73";"R$4.045.131,00";"R$2.000.000,00";
2809;13/08/2025;8;17;19;23;25;30;41;48;50;53;65;71;72;75;81;84;88;95;96;99;0;;"R$0,00";3;"R$66.992,99";55;"R$2.283,85";442;"R$284,18";2562;"R$49,02";11195;"R$11,22";0;"R$0,00";"R$2.050.539,58";"R$4.097.865,00";"R$2.700.000,00";
2810;15/08/2025;3;4;6;8;20;22;28;33;37;44;53;54;55;58;61;63;73;77;82;95;0;;"R$0,00";4;"R$52.256,62";77;"R$2.423,77";578;"R$226,02";3574;"R$36,55";15125;"R$8,63";0;"R$0,00";"R$2.742.939,82";"R$4.261.950,00";"R$3.400.000,00";
2811;18/08/2025;5;22;28;33;37;44;46;47;48;54;55;57;68;70;77;79;81;87;92;96;1;RIO DE JANEIRO/RJ;"R$3.395.774,32";4;"R$58.029,73";96;"R$2.158,84";920;"R$157,68";4550;"R$31,88";17486;"R$8,29";0;"R$0,00";"R$116.059,49";"R$4.732.794,00";"R$600.000,00";
2812;20/08/2025;2;6;7;17;20;22;25;32;37;43;49;55;58;71;74;79;81;83;87;95;1;"ARACU/GO; ARACU/GO";"R$556.785,82";5;"R$31.340,54";37;"R$2.647,01";318;"R$307,98";2240;"R$43,72";9136;"R$10,72";1;"R$78.351,38";"R$0,00";"R$3.195.093,00";"R$500.000,00";
2813;22/08/2025;7;9;16;20;36;40;47;50;54;58;66;74;76;77;80;84;86;89;90;99;0;;"R$0,00";5;"R$31.663,36";45;"R$2.198,84";782;"R$126,53";2204;"R$44,89";8698;"R$11,37";0;"R$0,00";"R$524.424,29";"R$3.228.003,00";"R$1.000.000,00";
2814;25/08/2025;2;5;18;19;22;25;26;28;31;35;40;43;65;71;72;73;79;81;93;96;0;CANAL ELETRONICO;"R$0,00";2;"R$84.643,04";28;"R$3.778,71";342;"R$309,36";2059;"R$51,38";9157;"R$11,55";1;"R$84.643,06";"R$1.000.541,36";"R$3.451.662,00";"R$1.600.000,00";
2815;27/08/2025;1;4;5;8;9;32;38;43;52;53;58;62;63;64;68;78;79;86;88;89;0;;"R$0,00";4;"R$49.439,25";37;"R$3.340,49";454;"R$272,24";2581;"R$47,88";10825;"R$11,41";0;"R$0,00";"R$1.655.611,52";"R$4.032.171,00";"R$2.300.000,00";
2816;29/08/2025;8;13;14;21;26;28;31;34;43;44;50;52;54;64;73;74;78;84;90;91;0;CANAL ELETRONICO;"R$0,00";3;"R$81.615,06";67;"R$2.284,01";523;"R$292,59";3316;"R$46,14";13343;"R$11,46";1;"R$122.422,62";"R$2.344.238,58";"R$4.992.276,00";"R$3.200.000,00";
2817;01/09/2025;0;1;4;9;16;20;26;35;49;54;65;72;73;84;85;87;93;94;97;98;0;;"R$0,00";0;"R$0,00";55;"R$2.880,48";524;"R$302,34";3210;"R$49,35";14130;"R$11,21";0;"R$0,00";"R$3.183.897,62";"R$5.168.376,00";"R$4.000.000,00";
2818;03/09/2025;3;4;8;15;30;31;32;34;52;53;55;57;58;62;71;72;79;86;89;93;1;"CURITIBA/PR; CURITIBA/PR";"R$3.914.644,89";9;"R$57.033,69";72;"R$2.255,39";658;"R$246,79";3890;"R$41,74";16601;"R$9,78";1;"R$129.910,65";"R$0,00";"R$5.297.631,00";"R$500.000,00";
2819;05/09/2025;0;13;16;19;24;28;35;38;44;46;52;53;62;69;71;75;77;79;86;89;0;;"R$0,00";7;"R$26.875,78";84;"R$1.999,68";698;"R$168,45";3786;"R$31,05";14710;"R$7,99";0;"R$0,00";"R$623.182,17";"R$3.835.890,00";"R$1.200.000,00";
2820;08/09/2025;0;1;2;16;18;22;29;30;35;37;41;47;50;65;67;70;75;86;93;97;0;;"R$0,00";2;"R$100.495,44";47;"R$2.672,75";428;"R$293,50";2501;"R$50,22";11202;"R$11,21";0;"R$0,00";"R$1.288.964,50";"R$4.098.108,00";"R$1.900.000,00";
2821;10/09/2025;8;16;17;19;23;25;30;36;40;44;48;51;64;66;77;83;88;94;95;98;0;;"R$0,00";5;"R$40.328,71";55;"R$2.291,41";563;"R$223,84";3192;"R$39,48";12872;"R$9,79";0;"R$0,00";"R$1.956.908,86";"R$4.111.416,00";"R$2.600.000,00";
2822;12/09/2025;12;13;18;20;29;34;37;38;41;50;52;58;60;70;72;74;76;89;90;99;0;;"R$0,00";5;"R$45.177,65";81;"R$1.742,96";598;"R$236,08";3550;"R$39,76";14427;"R$9,78";0;"R$0,00";"R$2.705.163,65";"R$4.605.753,00";"R$3.400.000,00";
2823;15/09/2025;2;8;9;12;13;17;18;26;41;44;61;67;76;77;79;80;82;84;87;90;0;;"R$0,00";5;"R$45.534,68";49;"R$2.904,00";473;"R$300,83";2651;"R$53,67";12278;"R$11,58";0;"R$0,00";"R$3.459.331,87";"R$4.642.152,00";"R$4.300.000,00";
2824;17/09/2025;2;4;8;13;14;23;24;32;42;43;44;48;49;64;67;68;80;85;87;93;0;;"R$0,00";4;"R$58.524,88";96;"R$2.177,26";818;"R$178,86";4333;"R$33,76";17362;"R$8,42";0;"R$0,00";"R$4.234.786,50";"R$4.773.177,00";"R$5.000.000,00";
2825;19/09/2025;3;28;29;30;38;45;50;53;54;57;59;60;61;62;80;83;84;89;91;95;0;;"R$0,00";2;"R$130.902,38";66;"R$2.479,22";524;"R$312,26";3308;"R$49,46";13658;"R$11,98";0;"R$0,00";"R$5.102.014,82";"R$5.338.074,00";"R$5.800.000,00";
2826;22/09/2025;9;10;15;16;17;24;25;26;31;32;41;42;45;48;71;72;79;84;87;95;0;;"R$0,00";2;"R$129.819,04";81;"R$2.003,38";504;"R$321,97";3224;"R$50,33";14130;"R$11,48";0;"R$0,00";"R$5.962.065,94";"R$5.293.896,00";"R$6.700.000,00";
2827;24/09/2025;10;11;17;18;19;24;27;31;37;42;43;57;58;64;66;71;85;93;94;95;0;;"R$0,00";8;"R$31.875,42";58;"R$2.747,88";562;"R$283,58";3389;"R$47,02";14926;"R$10,67";0;"R$0,00";"R$6.806.764,50";"R$5.199.396,00";"R$7.500.000,00";
2828;26/09/2025;3;5;10;17;22;23;29;39;48;56;57;63;67;71;74;82;84;87;94;99;0;;"R$0,00";5;"R$57.247,08";58;"R$3.084,44";605;"R$295,69";3554;"R$50,33";15690;"R$11,40";0;"R$0,00";"R$7.754.919,30";"R$5.836.203,00";"R$8.700.000,00";
2829;29/09/2025;2;7;9;16;22;24;27;40;45;57;62;64;65;72;75;86;90;94;96;98;1;"CUIABA/MT; CUIABA/MT";"R$8.586.658,66";5;"R$59.145,91";72;"R$2.567,10";635;"R$291,07";3655;"R$50,56";16421;"R$11,25";1;"R$147.864,81";"R$0,00";"R$6.029.784,00";"R$500.000,00";
2830;01/10/2025;0;12;14;18;22;23;25;29;30;33;34;49;55;67;71;80;83;84;92;93;0;;"R$0,00";1;"R$163.985,55";30;"R$3.416,37";321;"R$319,28";2119;"R$48,36";9407;"R$10,89";0;"R$0,00";"R$543.202,17";"R$3.343.587,00";"R$1.000.000,00";
2831;03/10/2025;4;5;7;15;16;24;25;28;38;41;43;47;61;64;69;70;77;81;85;87;0;;"R$0,00";5;"R$39.775,75";54;"R$2.301,84";568;"R$218,83";3669;"R$33,87";12672;"R$9,80";0;"R$0,00";"R$1.201.988,11";"R$4.055.043,00";"R$1.800.000,00";
2832;06/10/2025;3;14;18;20;22;23;25;30;40;47;49;53;63;66;82;87;90;92;93;98;0;;"R$0,00";1;"R$207.661,37";59;"R$2.199,80";414;"R$313,49";2948;"R$44,02";11854;"R$10,94";0;"R$0,00";"R$1.889.866,42";"R$4.234.116,00";"R$2.500.000,00";
2833;08/10/2025;15;19;22;30;33;40;44;46;49;54;57;61;66;70;71;75;81;82;97;99;1;"CARIRA/SE; CARIRA/SE";"R$2.502.572,82";10;"R$21.785,12";70;"R$1.945,10";542;"R$251,21";3271;"R$41,62";14759;"R$9,22";1;"R$108.925,62";"R$0,00";"R$4.441.881,00";"R$500.000,00";
2834;10/10/2025;9;13;27;40;41;42;43;47;53;61;62;65;66;67;72;77;88;92;93;94;0;;"R$0,00";1;"R$171.020,64";41;"R$2.607,02";359;"R$297,73";2213;"R$48,29";10154;"R$10,52";0;"R$0,00";"R$566.505,90";"R$3.487.029,00";"R$1.100.000,00";
2835;13/10/2025;7;8;24;27;29;33;40;46;49;50;66;68;75;81;82;86;88;92;98;99;0;;"R$0,00";5;"R$37.704,99";55;"R$2.142,33";497;"R$237,07";2911;"R$40,47";12633;"R$9,32";0;"R$0,00";"R$1.190.994,74";"R$3.843.933,00";"R$1.800.000,00";
2836;15/10/2025;15;20;24;26;27;46;47;50;51;54;55;56;58;59;66;82;85;88;90;99;0;;"R$0,00";2;"R$94.948,33";69;"R$1.720,08";721;"R$164,61";3069;"R$38,67";12250;"R$9,68";0;"R$0,00";"R$1.820.027,43";"R$3.871.902,00";"R$2.400.000,00";
2837;17/10/2025;1;6;8;10;11;15;19;22;38;43;50;61;62;65;69;74;77;84;85;99;0;;"R$0,00";2;"R$110.209,11";47;"R$2.931,09";447;"R$308,19";2872;"R$47,96";12574;"R$10,95";0;"R$0,00";"R$2.550.162,80";"R$4.494.222,00";"R$3.300.000,00";
2838;20/10/2025;5;6;12;16;23;24;31;34;35;36;43;53;58;63;82;85;86;87;97;99;0;;"R$0,00";5;"R$43.166,03";47;"R$2.870,08";462;"R$291,97";2702;"R$49,92";12140;"R$11,11";0;"R$0,00";"R$3.265.100,12";"R$4.400.673,00";"R$4.000.000,00";
2839;22/10/2025;2;9;13;23;26;38;45;48;51;56;61;69;73;76;77;83;87;93;95;98;0;;"R$0,00";4;"R$56.257,94";63;"R$2.232,46";510;"R$275,77";3049;"R$46,12";13341;"R$10,54";0;"R$0,00";"R$4.010.517,85";"R$4.588.290,00";"R$4.700.000,00";
2840;24/10/2025;3;4;7;19;22;24;30;32;38;39;42;43;46;47;50;51;62;68;72;95;0;;"R$0,00";0;"R$0,00";66;"R$2.267,26";541;"R$276,59";3547;"R$42,18";20785;"R$7,19";0;"R$0,00";"R$4.803.606,97";"R$4.881.723,00";"R$5.500.000,00";
2841;27/10/2025;0;7;8;10;13;16;24;26;31;37;39;41;42;43;52;57;70;73;75;82;0;;"R$0,00";5;"R$99.381,61";79;"R$2.037,07";631;"R$255,03";3618;"R$44,47";15053;"R$10,69";0;"R$0,00";"R$5.656.525,75";"R$5.249.994,00";"R$6.500.000,00";
2842;29/10/2025;5;6;10;11;12;21;25;27;35;44;48;54;63;64;67;75;76;83;84;86;0;;"R$0,00";7;"R$36.327,82";112;"R$2.027,22";848;"R$187,42";4418;"R$35,97";17968;"R$8,84";0;"R$0,00";"R$6.498.877,07";"R$5.184.948,00";"R$7.500.000,00";
2843;31/10/2025;1;5;19;24;27;30;38;43;47;52;54;57;61;62;73;74;85;92;94;96;0;;"R$0,00";1;"R$279.276,83";100;"R$1.745,48";712;"R$245,15";4208;"R$41,48";17293;"R$10,09";0;"R$0,00";"R$7.423.981,59";"R$5.694.321,00";"R$8.500.000,00";
2844;03/11/2025;1;2;5;14;16;26;31;32;34;49;51;54;61;66;70;77;91;95;96;97;1;CANAL ELETRONICO;"R$8.329.946,62";5;"R$64.424,18";80;"R$2.516,57";600;"R$335,54";3842;"R$52,40";16843;"R$11,95";0;"R$0,00";"R$0,00";"R$6.567.891,00";"R$650.000,00";
2845;05/11/2025;16;21;30;31;37;39;44;53;54;58;68;69;73;75;81;83;85;86;90;96;0;;"R$0,00";1;"R$165.084,65";27;"R$3.821,40";277;"R$372,48";1903;"R$54,21";8311;"R$12,41";0;"R$0,00";"R$707.903,39";"R$3.365.997,00";"R$1.200.000,00";
2846;07/11/2025;12;13;14;16;25;28;33;39;41;42;53;60;67;68;73;74;76;92;93;97;0;SANTA INES/MA;"R$0,00";3;"R$68.607,64";56;"R$2.297,13";500;"R$257,27";2899;"R$44,37";12306;"R$10,45";1;"R$102.911,50";"R$1.286.780,37";"R$4.196.631,00";"R$2.000.000,00";
2847;10/11/2025;0;5;7;13;20;23;25;26;27;43;44;48;51;55;70;71;72;73;82;97;0;;"R$0,00";1;"R$215.249,09";64;"R$2.102,04";523;"R$257,22";3243;"R$41,48";14443;"R$9,31";0;"R$0,00";"R$1.999.793,00";"R$4.388.826,00";"R$2.700.000,00";
2848;12/11/2025;1;2;7;8;19;21;25;27;37;38;47;49;52;59;64;66;74;85;88;92;0;;"R$0,00";3;"R$70.750,12";44;"R$3.014,92";512;"R$259,09";3155;"R$42,04";13763;"R$9,63";0;"R$0,00";"R$2.702.872,29";"R$4.327.683,00";"R$3.500.000,00";
2849;14/11/2025;11;16;18;23;25;34;35;39;42;53;54;58;60;66;67;71;74;88;90;91;0;;"R$0,00";5;"R$46.853,89";77;"R$1.901,54";488;"R$300,03";3233;"R$45,28";13575;"R$10,78";0;"R$0,00";"R$3.478.889,87";"R$4.776.642,00";"R$4.200.000,00";
2850;17/11/2025;1;15;18;28;31;32;34;41;52;58;61;62;64;68;71;72;75;83;85;91;3;"CANAL ELETRONICO; SAO PAULO/SP";"R$1.360.825,81";17;"R$12.624,06";81;"R$2.365,61";550;"R$243,87";3583;"R$37,43";12398;"R$10,81";0;"R$0,00";"R$107.304,50";"R$4.375.773,00";"R$500.000,00";
2851;19/11/2025;2;8;15;20;24;25;30;34;37;40;43;51;60;62;67;77;81;85;87;94;0;CANAL ELETRONICO;"R$0,00";3;"R$50.865,20";30;"R$3.179,08";252;"R$378,46";1732;"R$55,06";7744;"R$12,31";1;"R$76.297,81";"R$536.479,58";"R$3.111.351,00";"R$1.000.000,00";
2852;21/11/2025;1;2;4;6;17;20;21;25;33;37;38;43;53;55;67;75;83;90;94;99;0;;"R$0,00";2;"R$80.340,09";35;"R$2.869,29";390;"R$257,50";2185;"R$45,96";9420;"R$10,66";0;"R$0,00";"R$1.068.732,70";"R$3.276.192,00";"R$1.600.000,00";
2853;24/11/2025;11;27;37;41;43;52;53;57;60;62;66;68;71;73;77;79;82;87;90;95;0;;"R$0,00";9;"R$20.549,83";75;"R$2.201,76";612;"R$188,87";3432;"R$33,68";17532;"R$6,59";0;"R$0,00";"R$1.681.374,71";"R$3.771.012,00";"R$2.500.000,00";
2854;26/11/2025;2;4;5;7;18;25;26;28;37;38;40;42;50;54;57;68;73;76;88;89;0;;"R$0,00";4;"R$48.313,49";47;"R$2.569,87";445;"R$271,42";2517;"R$47,98";11038;"R$10,94";0;"R$0,00";"R$2.321.528,50";"R$3.940.356,00";"R$3.000.000,00";
2855;28/11/2025;3;8;12;15;20;29;42;43;45;47;50;53;62;67;73;75;81;86;87;96;0;;"R$0,00";4;"R$57.448,89";79;"R$1.818,00";467;"R$307,54";2997;"R$47,92";13148;"R$10,92";0;"R$0,00";"R$3.082.726,24";"R$4.685.421,00";"R$4.000.000,00";
2856;01/12/2025;0;2;4;8;9;10;12;14;15;42;43;53;67;69;72;79;85;93;98;99;0;;"R$0,00";6;"R$41.578,44";105;"R$2.121,34";711;"R$219,29";3947;"R$39,50";16334;"R$9,54";0;"R$0,00";"R$3.909.097,74";"R$5.086.587,00";"R$4.700.000,00";
2857;03/12/2025;4;12;13;20;22;26;30;34;36;52;69;74;77;80;82;87;92;95;96;99;1;"UBAITABA/BA; UBAITABA/BA";"R$4.614.602,26";7;"R$35.835,15";75;"R$2.090,39";556;"R$281,97";3149;"R$49,78";13338;"R$11,75";1;"R$125.423,05";"R$0,00";"R$5.114.631,00";"R$400.000,00";
2858;05/12/2025;1;3;6;8;9;20;24;25;43;44;52;58;61;66;67;77;88;89;90;93;0;;"R$0,00";2;"R$88.248,86";45;"R$2.451,36";360;"R$306,41";2477;"R$44,53";10655;"R$10,35";0;"R$0,00";"R$584.648,71";"R$3.598.704,00";"R$1.100.000,00";
2859;08/12/2025;2;11;12;14;17;19;20;28;31;32;41;51;55;68;73;75;77;90;98;99;0;BOM JESUS DO ITABAPOANA/RJ;"R$0,00";5;"R$34.907,64";45;"R$2.424,14";390;"R$279,70";2446;"R$44,59";11008;"R$9,90";1;"R$87.269,12";"R$1.075.537,34";"R$3.558.750,00";"R$1.600.000,00";
2860;10/12/2025;0;1;5;6;9;12;14;22;25;29;31;34;39;47;66;67;72;79;80;98;0;;"R$0,00";6;"R$32.422,78";65;"R$1.870,54";513;"R$237,00";2996;"R$40,58";12234;"R$9,93";0;"R$0,00";"R$1.719.940,13";"R$3.966.510,00";"R$2.300.000,00";
2861;12/12/2025;4;13;17;22;29;32;36;46;50;57;66;71;75;77;81;86;89;90;95;99;0;;"R$0,00";6;"R$36.028,75";32;"R$4.222,12";635;"R$212,76";3327;"R$40,60";14665;"R$9,21";0;"R$0,00";"R$2.436.011,59";"R$4.407.654,00";"R$3.100.000,00";
2862;15/12/2025;1;3;4;6;16;18;25;27;28;35;42;54;59;63;74;76;80;88;93;97;0;;"R$0,00";5;"R$44.775,35";64;"R$2.186,30";521;"R$268,56";3321;"R$42,13";13286;"R$10,53";0;"R$0,00";"R$3.177.603,37";"R$4.564.740,00";"R$3.800.000,00";
2863;17/12/2025;18;28;29;30;32;37;47;60;61;71;72;78;81;82;85;87;88;89;93;96;0;;"R$0,00";3;"R$69.330,91";60;"R$2.166,59";462;"R$281,37";2868;"R$45,32";11539;"R$11,26";0;"R$0,00";"R$3.866.579,27";"R$4.240.872,00";"R$4.500.000,00";
2864;19/12/2025;1;4;15;17;18;22;23;32;37;40;42;71;73;77;79;81;84;96;98;99;0;;"R$0,00";5;"R$48.750,80";70;"R$2.176,37";586;"R$259,97";3961;"R$38,46";14568;"R$10,45";0;"R$0,00";"R$4.674.014,52";"R$4.970.028,00";"R$5.500.000,00";
2865;22/12/2025;2;17;25;34;40;41;46;49;52;55;57;63;71;75;76;80;84;88;97;99;0;;"R$0,00";6;"R$43.547,07";78;"R$2.093,61";627;"R$260,44";3682;"R$44,35";15339;"R$10,64";0;"R$0,00";"R$5.539.512,63";"R$5.327.424,00";"R$6.500.000,00";
2866;24/12/2025;7;16;17;18;23;24;38;41;44;45;50;52;56;58;66;75;76;80;90;94;0;;"R$0,00";3;"R$71.505,70";43;"R$3.117,98";388;"R$345,54";2619;"R$51,19";12097;"R$11,08";0;"R$0,00";"R$6.250.100,55";"R$4.373.901,00";"R$7.000.000,00";
2867;26/12/2025;4;5;11;22;27;28;34;36;38;44;47;48;51;62;65;66;72;87;89;93;0;CORGUINHO/MS;"R$0,00";4;"R$63.615,44";81;"R$1.963,44";641;"R$248,11";3435;"R$46,29";15045;"R$10,57";1;"R$127.230,89";"R$6.965.774,17";"R$5.188.353,00";"R$7.800.000,00";
2868;29/12/2025;3;18;19;24;25;26;28;31;41;48;62;63;68;73;81;85;88;92;94;96;0;CANAL ELETRONICO;"R$0,00";5;"R$66.348,58";84;"R$2.468,32";732;"R$283,25";4565;"R$45,41";19251;"R$10,77";1;"R$165.871,47";"R$7.898.801,08";"R$6.764.079,00";"R$9.000.000,00";
2869;01/01/2026;1;11;18;22;27;32;36;37;44;45;47;53;66;70;77;84;86;92;93;95;0;;"R$0,00";5;"R$61.365,17";91;"R$2.107,32";719;"R$266,71";4442;"R$43,17";18824;"R$10,18";0;"R$0,00";"R$8.915.161,69";"R$6.256.032,00";"R$10.000.000,00";
2870;02/01/2026;4;6;12;13;25;28;29;38;40;43;44;48;53;60;65;67;68;72;84;92;0;;"R$0,00";8;"R$42.845,79";97;"R$2.208,55";812;"R$263,82";5149;"R$41,60";21404;"R$10,00";0;"R$0,00";"R$10.050.575,26";"R$6.988.842,00";"R$11.000.000,00";
2871;05/01/2026;1;5;9;10;12;14;20;22;28;30;31;51;55;67;74;80;86;87;93;97;0;;"R$0,00";12;"R$33.157,27";140;"R$1.776,28";1015;"R$245,00";6103;"R$40,74";24815;"R$10,02";0;"R$0,00";"R$11.368.576,52";"R$8.112.729,00";"R$12.500.000,00";
2872;07/01/2026;1;10;12;14;16;18;21;27;47;53;57;58;61;69;70;76;80;81;89;90;1;"LAGO DA PEDRA/MA; LAGO DA PEDRA/MA";"R$12.645.357,89";10;"R$45.396,67";109;"R$2.603,02";1146;"R$247,58";6307;"R$44,98";28910;"R$9,81";1;"R$226.983,38";"R$0,00";"R$9.256.164,00";"R$400.000,00";
2873;09/01/2026;2;3;5;10;11;19;23;24;38;39;49;50;57;60;62;74;75;80;86;92;0;;"R$0,00";1;"R$205.916,80";45;"R$2.859,96";397;"R$324,17";2433;"R$52,89";10543;"R$12,20";0;"R$0,00";"R$682.099,43";"R$4.198.545,00";"R$1.300.000,00";
2874;12/01/2026;1;4;11;15;18;32;36;37;43;44;45;46;48;50;66;76;78;80;81;86;0;;"R$0,00";4;"R$54.481,29";48;"R$2.837,57";546;"R$249,45";3005;"R$45,32";13756;"R$9,90";0;"R$0,00";"R$1.403.976,59";"R$4.443.390,00";"R$2.100.000,00";
2875;14/01/2026;9;11;12;24;27;32;34;44;51;53;54;55;67;69;71;75;80;81;88;97;0;;"R$0,00";5;"R$43.830,78";52;"R$2.634,06";484;"R$282,99";3122;"R$43,87";14047;"R$9,75";0;"R$0,00";"R$2.129.923,87";"R$4.468.443,00";"R$3.000.000,00";
2876;16/01/2026;2;22;29;30;36;37;41;48;51;55;67;68;69;75;82;85;89;90;91;95;0;;"R$0,00";2;"R$119.486,01";55;"R$2.715,59";477;"R$313,11";2861;"R$52,20";12441;"R$12,00";0;"R$0,00";"R$2.921.518,69";"R$4.872.525,00";"R$3.600.000,00";
2877;19/01/2026;2;4;5;9;17;18;21;24;36;42;43;52;60;62;69;72;85;86;91;99;0;;"R$0,00";3;"R$84.787,62";65;"R$2.445,80";439;"R$362,13";2929;"R$54,27";13095;"R$12,14";0;"R$0,00";"R$3.764.095,69";"R$5.186.337,00";"R$4.500.000,00";
2878;21/01/2026;1;5;14;17;30;33;41;42;49;52;55;65;68;77;79;81;84;90;93;95;0;;"R$0,00";4;"R$62.322,68";56;"R$2.782,27";545;"R$285,88";3224;"R$48,32";14324;"R$10,87";0;"R$0,00";"R$4.589.871,14";"R$5.082.918,00";"R$5.300.000,00";
2879;23/01/2026;5;11;14;15;19;21;28;32;53;57;58;61;64;68;78;79;84;86;92;98;0;;"R$0,00";6;"R$46.018,91";68;"R$2.537,81";580;"R$297,53";3522;"R$48,99";15579;"R$11,07";0;"R$0,00";"R$5.504.496,94";"R$5.629.821,00";"R$6.500.000,00";
2880;26/01/2026;10;23;24;26;27;38;39;40;42;46;47;51;58;59;67;69;87;89;94;96;0;;"R$0,00";4;"R$68.398,85";88;"R$1.943,15";942;"R$181,52";5483;"R$31,18";19925;"R$8,58";0;"R$0,00";"R$6.410.781,68";"R$5.578.479,00";"R$7.200.000,00";
2881;28/01/2026;5;7;10;16;24;25;27;33;47;48;50;60;64;74;79;83;84;85;88;99;0;;"R$0,00";1;"R$281.061,43";74;"R$2.373,83";616;"R$285,16";3716;"R$47,27";16140;"R$10,88";0;"R$0,00";"R$7.341.797,66";"R$5.730.708,00";"R$8.200.000,00";
2882;30/01/2026;1;3;6;9;14;15;16;19;23;31;32;41;44;63;64;66;71;77;91;97;0;;"R$0,00";11;"R$30.991,97";134;"R$2.271,53";993;"R$214,57";5662;"R$37,63";22775;"R$9,35";0;"R$0,00";"R$8.471.067,29";"R$6.951.024,00";"R$9.500.000,00";
2883;02/02/2026;3;5;13;16;21;28;33;35;40;43;47;53;61;63;71;73;76;77;81;89;0;;"R$0,00";7;"R$51.618,74";118;"R$1.913,83";1086;"R$207,94";8671;"R$26,04";22911;"R$9,85";0;"R$0,00";"R$9.667.976,86";"R$7.367.370,00";"R$11.000.000,00";
2884;04/02/2026;0;3;8;14;23;30;32;37;38;41;45;55;58;60;71;74;77;78;80;91;3;"BRAGANCA/PA; RIO DE JANEIRO/RJ; ARACAJU/SE; MIRASSOL/SP; SANTA ISABEL/SP";"R$3.572.265,60";10;"R$37.291,38";121;"R$1.926,21";1031;"R$226,06";5817;"R$40,06";23189;"R$10,05";2;"R$93.228,45";"R$0,00";"R$7.603.533,00";"R$500.000,00";
2885;06/02/2026;0;10;13;14;18;27;32;42;43;44;49;52;55;60;61;69;73;76;81;82;0;;"R$0,00";3;"R$65.540,97";52;"R$2.363,26";426;"R$288,47";2463;"R$49,89";11474;"R$10,71";0;"R$0,00";"R$651.313,42";"R$4.009.047,00";"R$1.200.000,00";
2886;09/02/2026;1;3;5;12;13;28;35;48;49;50;72;74;75;76;77;80;81;82;90;92;0;;"R$0,00";3;"R$70.315,92";58;"R$2.273,14";481;"R$274,10";2880;"R$45,77";12274;"R$10,74";0;"R$0,00";"R$1.350.077,90";"R$4.301.124,00";"R$2.000.000,00";
2887;11/02/2026;0;2;4;5;13;14;20;30;36;49;69;76;77;78;81;85;88;90;96;97;0;;"R$0,00";7;"R$31.034,51";59;"R$2.301,29";501;"R$271,00";3450;"R$39,35";12666;"R$10,71";0;"R$0,00";"R$2.069.690,67";"R$4.429.452,00";"R$2.700.000,00";
2888;13/02/2026;4;10;18;21;24;36;40;43;44;51;59;65;67;76;80;82;83;87;93;97;0;SAO PAULO/SP;"R$0,00";3;"R$79.565,87";62;"R$2.406,23";516;"R$289,12";2956;"R$50,46";14804;"R$10,07";1;"R$119.348,83";"R$2.741.027,69";"R$4.866.930,00";"R$3.500.000,00";
2889;18/02/2026;0;2;9;13;15;16;24;33;38;39;43;57;60;65;67;69;77;85;88;92;0;;"R$0,00";3;"R$83.122,45";91;"R$1.712,69";656;"R$237,58";4015;"R$38,81";16337;"R$9,53";0;"R$0,00";"R$3.567.057,06";"R$5.084.481,00";"R$4.300.000,00";
2890;20/02/2026;1;13;20;23;26;28;30;48;55;56;67;69;73;82;87;88;89;90;95;96;0;PACATUBA/CE;"R$0,00";6;"R$44.416,99";66;"R$2.523,69";692;"R$240,69";3801;"R$43,82";15757;"R$10,57";1;"R$133.250,96";"R$4.316.593,62";"R$5.433.846,00";"R$5.100.000,00";
2891;23/02/2026;2;10;11;22;26;29;30;32;36;44;46;48;53;55;57;61;72;86;96;97;0;;"R$0,00";5;"R$54.555,55";70;"R$2.435,51";650;"R$262,28";3742;"R$45,56";16299;"R$10,45";0;"R$0,00";"R$5.220.169,96";"R$5.561.808,00";"R$6.000.000,00";
2892;25/02/2026;9;13;28;32;40;42;45;48;57;59;61;64;66;70;75;76;77;78;80;92;0;;"R$0,00";4;"R$68.463,77";62;"R$2.760,64";532;"R$321,72";3607;"R$47,45";15316;"R$11,17";0;"R$0,00";"R$6.127.314,92";"R$5.583.774,00";"R$7.000.000,00";
2893;27/02/2026;0;2;5;6;16;23;29;32;39;43;44;51;53;61;67;68;89;93;98;99;0;;"R$0,00";3;"R$103.559,91";81;"R$2.397,22";657;"R$295,54";3926;"R$49,45";16773;"R$11,57";0;"R$0,00";"R$7.156.441,53";"R$6.334.611,00";"R$8.200.000,00";
2894;02/03/2026;4;6;12;15;17;19;24;27;32;38;40;47;52;63;71;74;75;78;80;84;3;"CANAL ELETRONICO; CURRAIS NOVOS/RN; CURRAIS NOVOS/RN";"R$2.685.640,20";6;"R$53.361,73";135;"R$2.117,52";1022;"R$195,79";6024;"R$33,21";22882;"R$8,74";1;"R$160.085,19";"R$0,00";"R$6.528.120,00";"R$500.000,00";
2895;04/03/2026;1;16;22;23;27;29;30;32;42;44;45;55;58;66;79;88;89;90;91;97;0;;"R$0,00";2;"R$84.200,31";44;"R$2.392,06";402;"R$261,81";2494;"R$42,20";10705;"R$9,83";0;"R$0,00";"R$557.827,06";"R$3.433.608,00";"R$1.100.000,00";
2896;06/03/2026;9;11;12;13;24;25;26;28;31;34;36;39;42;43;53;75;76;78;83;87;0;;"R$0,00";11;"R$18.654,56";81;"R$2.261,90";663;"R$193,43";4781;"R$26,82";14928;"R$8,59";0;"R$0,00";"R$1.237.552,44";"R$4.183.932,00";"R$2.000.000,00";
2897;09/03/2026;9;11;19;24;25;31;38;43;46;47;48;66;69;70;73;83;84;88;90;94;0;;"R$0,00";2;"R$106.977,60";36;"R$3.714,50";437;"R$305,99";2699;"R$49,54";12056;"R$11,09";0;"R$0,00";"R$1.946.279,03";"R$4.362.444,00";"R$2.600.000,00";
2898;11/03/2026;0;2;4;6;11;15;20;28;37;39;45;51;52;53;59;62;73;75;79;97;0;;"R$0,00";5;"R$41.760,98";156;"R$1.195,08";717;"R$182,01";4821;"R$27,06";13211;"R$9,87";0;"R$0,00";"R$2.637.945,28";"R$4.257.432,00";"R$3.300.000,00";
2899;13/03/2026;23;26;27;29;31;37;49;52;55;58;61;71;74;79;82;88;89;95;96;97;0;;"R$0,00";0;"R$0,00";72;"R$2.066,85";618;"R$240,79";3504;"R$42,46";15077;"R$9,87";0;"R$0,00";"R$3.426.656,25";"R$4.854.774,00";"R$4.200.000,00";
2900;16/03/2026;4;11;14;26;27;29;30;35;40;41;43;58;62;64;83;90;92;95;96;98;0;;"R$0,00";1;"R$483.671,82";50;"R$3.069,63";429;"R$357,76";2665;"R$57,59";11763;"R$13,04";0;"R$0,00";"R$4.240.108,22";"R$5.007.063,00";"R$5.000.000,00";
2901;18/03/2026;5;6;9;12;13;16;25;35;37;38;44;45;54;61;62;69;73;79;95;99;0;;"R$0,00";3;"R$83.005,82";43;"R$3.619,44";550;"R$282,97";3351;"R$46,44";14442;"R$10,77";0;"R$0,00";"R$5.064.978,60";"R$5.077.347,00";"R$6.000.000,00";
2902;20/03/2026;5;12;21;25;29;31;33;36;46;47;50;54;58;60;61;66;68;72;78;83;0;;"R$0,00";5;"R$52.080,52";71;"R$2.292,28";595;"R$273,53";3656;"R$44,51";15981;"R$10,18";0;"R$0,00";"R$5.927.562,16";"R$5.309.484,00";"R$6.700.000,00";
2903;23/03/2026;10;12;18;24;37;43;45;49;50;53;54;61;70;72;75;82;89;93;95;98;0;;"R$0,00";5;"R$58.156,19";83;"R$2.189,62";652;"R$278,73";3877;"R$46,87";16746;"R$10,85";0;"R$0,00";"R$6.890.774,17";"R$5.928.885,00";"R$7.800.000,00";
2904;25/03/2026;9;22;41;43;44;45;52;55;57;62;69;72;75;77;79;87;91;93;96;99;0;;"R$0,00";7;"R$40.772,86";128;"R$1.990,86";954;"R$186,98";5108;"R$34,92";19814;"R$9,00";0;"R$0,00";"R$7.836.194,75";"R$5.819.373,00";"R$8.700.000,00";
2905;27/03/2026;6;7;9;14;17;22;29;32;36;40;52;54;55;67;69;73;74;78;91;98;0;;"R$0,00";9;"R$34.907,79";72;"R$2.727,17";682;"R$287,91";3964;"R$49,53";17551;"R$11,18";0;"R$0,00";"R$8.876.883,05";"R$6.405.777,00";"R$10.000.000,00";
2906;30/03/2026;0;2;4;6;10;11;12;19;26;31;37;43;45;54;73;74;76;79;91;97;0;;"R$0,00";11;"R$31.306,94";172;"R$1.787,66";1308;"R$164,55";7149;"R$30,10";27034;"R$7,96";0;"R$0,00";"R$10.017.629,58";"R$7.021.668,00";"R$11.000.000,00";
2907;01/04/2026;0;1;4;5;9;25;27;28;34;36;53;58;67;69;72;80;82;93;94;96;0;;"R$0,00";5;"R$71.887,93";95;"R$2.364,74";986;"R$227,83";5546;"R$40,50";24532;"R$9,15";0;"R$0,00";"R$11.208.273,37";"R$7.328.802,00";"R$13.000.000,00";
2908;06/04/2026;0;5;11;14;15;20;22;26;32;38;43;46;53;58;72;77;93;94;96;97;0;BOA VISTA/RR;"R$0,00";13;"R$36.472,15";157;"R$1.887,49";1214;"R$244,09";7440;"R$39,83";33697;"R$8,79";1;"R$237.068,99";"R$12.541.786,37";"R$9.667.446,00";"R$14.000.000,00";
2909;08/04/2026;6;10;12;14;15;18;21;23;31;40;45;47;55;69;70;73;77;87;91;93;0;;"R$0,00";7;"R$59.900,77";147;"R$1.782,76";1278;"R$205,05";6545;"R$40,04";27697;"R$9,46";0;"R$0,00";"R$13.930.735,44";"R$8.549.436,00";"R$15.200.000,00";
2910;10/04/2026;0;5;6;7;10;14;16;23;28;51;53;54;55;60;67;75;80;83;86;96;1;"RIO DE JANEIRO/RJ; RIO DE JANEIRO/RJ";"R$15.198.207,62";5;"R$90.131,35";106;"R$2.657,18";1094;"R$257,45";6361;"R$44,27";27408;"R$10,27";1;"R$225.328,42";"R$0,00";"R$9.188.676,00";"R$500.000,00";
2911;13/04/2026;1;8;10;13;17;20;27;29;31;33;36;39;42;47;49;55;61;68;79;98;0;;"R$0,00";7;"R$25.165,42";62;"R$1.775,79";573;"R$192,14";3227;"R$34,11";17872;"R$6,16";0;"R$0,00";"R$583.523,35";"R$3.591.777,00";"R$1.100.000,00";
2912;15/04/2026;2;4;5;22;35;41;47;53;56;60;63;68;69;81;83;84;88;91;93;95;0;;"R$0,00";4;"R$45.458,35";40;"R$2.841,15";348;"R$326,56";2211;"R$51,40";9405;"R$12,08";0;"R$0,00";"R$1.185.846,51";"R$3.707.496,00";"R$1.800.000,00";
2913;17/04/2026;3;4;9;14;17;19;23;25;28;30;48;49;53;54;63;68;74;76;89;96;0;;"R$0,00";4;"R$50.361,75";65;"R$1.936,99";524;"R$240,27";3108;"R$40,50";12478;"R$10,09";0;"R$0,00";"R$1.853.139,73";"R$4.107.408,00";"R$2.500.000,00";
2914;20/04/2026;3;9;12;29;38;39;43;48;49;60;63;68;74;78;79;83;85;89;94;98;1;"CANAL ELETRONICO; CANAL ELETRONICO";"R$2.450.577,57";17;"R$12.495,43";184;"R$1.030,77";1069;"R$124,19";5924;"R$22,41";16041;"R$8,27";1;"R$106.211,20";"R$0,00";"R$4.331.190,00";"R$500.000,00";
2915;22/04/2026;0;1;5;10;18;20;21;33;41;45;48;61;64;66;72;74;75;78;87;95;0;;"R$0,00";3;"R$46.309,72";59;"R$2.102,43";356;"R$243,90";2071;"R$41,92";8576;"R$10,12";0;"R$0,00";"R$460.202,85";"R$2.832.699,00";"R$1.000.000,00";
2916;24/04/2026;3;4;5;6;8;15;17;22;23;24;29;37;40;43;50;62;64;82;87;88;0;FLORIANOPOLIS/SC;"R$0,00";5;"R$36.543,74";58;"R$1.968,95";549;"R$208,01";3431;"R$33,28";17383;"R$6,56";1;"R$91.359,37";"R$974.099,21";"R$3.725.547,00";"R$1.500.000,00";
2917;27/04/2026;3;4;5;7;9;17;20;23;27;31;42;44;47;51;65;85;90;95;98;99;1;"CANAL ELETRONICO; CANAL ELETRONICO";"R$1.511.468,01";3;"R$63.688,15";56;"R$2.132,41";541;"R$220,73";2988;"R$39,96";12608;"R$9,47";1;"R$95.532,25";"R$0,00";"R$3.895.713,00";"R$500.000,00";
2918;29/04/2026;7;8;9;10;14;20;26;29;38;42;47;56;68;72;84;85;86;87;91;99;0;;"R$0,00";2;"R$75.938,71";24;"R$3.955,14";286;"R$331,89";1744;"R$54,42";8048;"R$11,79";0;"R$0,00";"R$503.093,98";"R$3.096.708,00";"R$1.000.000,00";
2919;04/05/2026;6;7;26;27;32;40;41;45;49;59;60;61;67;76;80;84;87;88;92;97;0;;"R$0,00";5;"R$46.310,64";64;"R$2.261,26";408;"R$354,70";2790;"R$51,87";12123;"R$11,93";0;"R$0,00";"R$1.270.113,98";"R$4.721.259,00";"R$2.000.000,00";
2920;06/05/2026;1;9;14;43;44;49;51;54;55;57;79;82;87;90;91;92;93;97;98;99;0;;"R$0,00";2;"R$102.183,52";100;"R$1.824,70";685;"R$186,46";3656;"R$34,93";14237;"R$8,97";0;"R$0,00";"R$1.947.079,79";"R$4.166.946,00";"R$2.600.000,00";
2921;08/05/2026;1;6;18;26;33;41;47;49;55;61;64;69;71;72;74;75;78;91;92;93;0;SAO PAULO/SP;"R$0,00";9;"R$26.081,57";74;"R$1.982,55";611;"R$240,11";3519;"R$41,69";14469;"R$10,13";1;"R$117.367,07";"R$2.607.269,45";"R$4.786.116,00";"R$3.500.000,00";
2922;11/05/2026;2;4;10;18;28;32;34;36;46;47;61;65;66;69;76;86;88;91;93;99;0;;"R$0,00";6;"R$40.018,16";50;"R$3.001,36";526;"R$285,30";3007;"R$49,90";13279;"R$11,30";0;"R$0,00";"R$3.402.630,26";"R$4.895.706,00";"R$4.100.000,00";
2923;13/05/2026;2;5;6;10;11;14;18;31;33;47;48;61;63;68;77;79;82;88;93;95;0;;"R$0,00";2;"R$126.032,24";102;"R$2.206,44";870;"R$181,08";4586;"R$34,35";18798;"R$8,38";0;"R$0,00";"R$4.237.593,85";"R$5.139.474,00";"R$5.000.000,00";
2924;15/05/2026;0;4;5;12;13;22;25;26;31;48;53;55;67;69;78;82;84;85;88;99;0;;"R$0,00";9;"R$30.611,69";84;"R$2.049,89";790;"R$217,96";4611;"R$37,34";18950;"R$9,08";0;"R$0,00";"R$5.150.204,82";"R$5.617.419,00";"R$6.000.000,00";
2925;18/05/2026;0;11;12;14;24;31;33;41;45;62;63;68;69;71;72;75;77;89;92;98;0;;"R$0,00";9;"R$30.884,00";91;"R$1.909,04";688;"R$252,50";4109;"R$42,27";17392;"R$9,98";0;"R$0,00";"R$6.070.934,12";"R$5.667.390,00";"R$7.000.000,00";
2926;20/05/2026;1;2;9;11;19;27;35;43;50;61;64;65;69;72;74;75;82;89;91;93;0;;"R$0,00";4;"R$66.423,28";67;"R$2.478,48";614;"R$270,45";3564;"R$46,59";16459;"R$10,08";0;"R$0,00";"R$6.951.042,49";"R$5.417.355,00";"R$8.000.000,00";
2927;22/05/2026;3;4;6;11;29;31;44;45;46;51;53;57;60;67;68;69;76;78;84;91;0;;"R$0,00";2;"R$153.727,20";99;"R$1.941,00";624;"R$307,94";3993;"R$48,12";17740;"R$10,83";0;"R$0,00";"R$7.969.485,20";"R$6.268.848,00";"R$9.000.000,00";
2928;25/05/2026;7;12;18;22;24;35;37;42;58;59;61;63;71;74;75;77;79;91;98;99;1;"CANAL ELETRONICO; CANAL ELETRONICO";"R$8.907.041,32";6;"R$55.558,89";102;"R$2.042,60";835;"R$249,51";4967;"R$41,94";21034;"R$9,90";1;"R$166.676,67";"R$0,00";"R$6.796.914,00";"R$500.000,00";
2929;27/05/2026;14;15;16;19;27;43;50;51;54;57;60;68;71;72;83;85;87;89;90;93;0;;"R$0,00";2;"R$78.515,85";33;"R$2.974,09";369;"R$265,97";2567;"R$38,23";8823;"R$11,12";0;"R$0,00";"R$520.167,49";"R$3.201.801,00";"R$1.000.000,00";
2930;29/05/2026;3;6;10;12;14;15;17;21;22;27;37;39;40;41;43;47;48;50;64;73;1;"MACEIO/AL; DIADEMA/SP";"R$1.062.478,08";29;"R$6.649,02";6052;"R$28,44";1272;"R$94,74";4342;"R$27,75";14513;"R$8,30";1;"R$96.410,79";"R$0,00";"R$3.931.539,00";"R$500.000,00";
